Categoria,nome,precoMaximo,percentualDesconto,quantidadeDisponivel,precoComDesconto,pesoEmGramas,foraDeEstoque,quantidade
Frutas e Legumes,Cebola,2500,16,3,2100,1000,FALSE,1
Frutas e Legumes,Tomate Hibrido,4200,16,3,3500,1000,FALSE,1
Frutas e Legumes,Coco Verde,5100,15,3,4300,58,FALSE,1
Frutas e Legumes,Coentro,2000,15,3,1700,100,FALSE,100
Frutas e Legumes,Quiabo ,1400,14,3,1200,250,FALSE,250
Frutas e Legumes,Batata,3500,17,3,2900,1000,FALSE,1
Frutas e Legumes,Limao,7500,16,3,6300,200,FALSE,200
Frutas e Legumes,Melancia ,5800,15,3,4900,58,FALSE,1
Frutas e Legumes,Pimentao Verde ,2300,17,3,1900,250,FALSE,250
Frutas e Legumes,Pimenta Verde ,1900,15,3,1600,100,FALSE,100
Frutas e Legumes,Banana Robusta,2900,17,3,2400,348,FALSE,6
Frutas e Legumes,Alho Indiana ,1100,18,3,900,100,FALSE,100
Frutas e Legumes,Couve-flor,2600,15,3,2200,58,FALSE,1
Frutas e Legumes,Gengibre,1400,14,3,1200,200,FALSE,200
Frutas e Legumes,Espinafre,1900,15,3,1600,250,FALSE,250
Frutas e Legumes,Melao,4200,16,3,3500,58,FALSE,1
Frutas e Legumes,Repolho ,1500,13,3,1300,58,FALSE,1
Frutas e Legumes,Feno-grego,3000,16,3,2500,250,FALSE,250
Frutas e Legumes,Brocolis,3600,16,3,3000,500,FALSE,500
Frutas e Legumes,Sapota,3000,16,3,2500,348,FALSE,6
Frutas e Legumes,Cebola,6800,16,3,5700,3000,FALSE,3
Frutas e Legumes,Batata,10000,16,3,8400,3000,FALSE,3
Frutas e Legumes,Laranja Nagpur,8200,15,3,6900,232,FALSE,4
Frutas e Legumes,Folhas de Hortela ,1100,18,3,900,100,FALSE,100
Frutas e Legumes,Feijao Francesa,3300,15,3,2800,250,FALSE,250
Frutas e Legumes,Abobrinha de Garrafa ,2600,15,3,2200,58,FALSE,1
Frutas e Legumes,Banana Elaichi ,5800,15,3,4900,348,FALSE,6
Frutas e Legumes,Coco Grande,3600,16,3,3000,58,FALSE,1
Frutas e Legumes,Folhas de Curry,1300,15,3,1100,50,FALSE,50
Frutas e Legumes,Berinjela Bharta,1900,15,3,1600,58,FALSE,1
Frutas e Legumes,Alface Americana,2500,16,3,2100,250,FALSE,250
Frutas e Legumes,Mamao,5400,16,3,4500,58,FALSE,1
Frutas e Legumes,Maca Shimla,14200,16,3,11900,232,FALSE,4
Frutas e Legumes,Melao de Sao Caetano,1800,16,3,1500,250,FALSE,250
Frutas e Legumes,Berinjela Pequeno,1800,16,3,1500,250,FALSE,250
Frutas e Legumes,Milho Doce,3600,16,3,3000,116,FALSE,2
Frutas e Legumes,Cebolinha ,1800,16,3,1500,250,FALSE,250
Frutas e Legumes,Bell Pimentoes Vermelho & Amarelo ,11800,16,3,9900,116,FALSE,2
Frutas e Legumes,Roma ,10600,16,3,8900,116,FALSE,2
Frutas e Legumes,Lima Doce,3000,16,3,2500,116,FALSE,2
Frutas e Legumes,Bebe Batata,1900,15,3,1600,500,FALSE,500
Frutas e Legumes,Coccinia,3200,15,3,2700,250,FALSE,250
Frutas e Legumes,Goiaba,5400,16,3,4500,232,FALSE,4
Frutas e Legumes,Maca Washington,17700,15,3,14900,232,FALSE,4
Frutas e Legumes,Amla,3200,15,3,2700,250,FALSE,250
Frutas e Legumes,Feijao Gavinha,3000,16,3,2500,250,FALSE,250
Frutas e Legumes,Maca Royal Gala,18900,15,3,15900,232,FALSE,4
Frutas e Legumes,Pimenta Bhaji,3000,16,3,2500,250,FALSE,250
Frutas e Legumes,Alface Verde,2300,17,3,1900,100,FALSE,100
Frutas e Legumes,Bebe Milho Descascado,3500,17,3,2900,250,FALSE,250
Frutas e Legumes,Misto Brotos,3500,17,3,2900,200,FALSE,200
Frutas e Legumes,Abobrinha Verde,3500,17,3,2900,250,FALSE,250
Frutas e Legumes,Feijao Larga,4200,16,3,3500,250,FALSE,250
Frutas e Legumes,Banana Verde,2000,15,6,1700,500,FALSE,500
Frutas e Legumes,Inhame ,2900,17,6,2400,500,FALSE,500
Frutas e Legumes,Tomate Cereja ,3500,17,3,2900,200,FALSE,200
Frutas e Legumes,Batata Doce ,3800,15,3,3200,500,FALSE,500
Frutas e Legumes,Abacaxi Fatia,8900,15,3,7500,200,FALSE,200
Frutas e Legumes,Laranja,5400,16,3,4500,116,FALSE,2
Frutas e Legumes,Drago Fruta Importado,7000,15,3,5900,58,FALSE,1
Frutas e Legumes,Abobrinha Amarelo,4200,16,3,3500,250,FALSE,500
Frutas e Legumes,Maca Kinnaur,14200,16,6,11900,232,FALSE,4
Frutas e Legumes,Abacaxi,9400,15,3,7900,58,FALSE,1
Frutas e Legumes,Basil,2000,15,3,1700,100,FALSE,100
Frutas e Legumes,Salsa,1700,17,3,1400,100,FALSE,100
Frutas e Legumes,Abobrinha Crespa,3000,16,3,2500,500,FALSE,500
Frutas e Legumes,Mamao Cortado,4600,15,3,3900,200,FALSE,200
Frutas e Legumes,Roma Descascado,5800,15,2,4900,100,FALSE,100
Frutas e Legumes,Pera Verde Importado,8200,15,3,6900,116,FALSE,2
Frutas e Legumes,Goiaba Tailandesa,7000,15,3,5900,116,FALSE,2
Frutas e Legumes,Alface Vermelho,2000,15,3,1700,100,FALSE,100
Frutas e Legumes,Manga Verde,6000,16,3,5000,500,FALSE,500
Frutas e Legumes,Biryani /Pulav Mistura,5800,15,3,4900,250,FALSE,250
Frutas e Legumes,Banana Nendran,5400,16,6,4500,500,FALSE,500
Frutas e Legumes,Abobora Cortado,3000,16,3,2500,200,FALSE,200
Frutas e Legumes,Banana Vermelho,5400,16,6,4500,500,FALSE,500
Frutas e Legumes,Rabanete Branco,2300,17,6,1900,500,FALSE,500
Frutas e Legumes,Abacate Indiana Premium,17700,15,3,14900,58,FALSE,1
Frutas e Legumes,Folha de Bananeira,1200,16,2,1000,58,FALSE,1
Frutas e Legumes,Abobrinha Esponja,2500,16,2,2100,300,FALSE,300
Frutas e Legumes,Zama Organicos Cenoura,2000,15,3,1700,250,FALSE,250
Frutas e Legumes,Safal Congelado - Misto Legumes,11000,4,2,10500,1000,FALSE,1
Frutas e Legumes,Zama Organicos Doce Batata,3700,16,3,3100,250,FALSE,250
Frutas e Legumes,Beterraba,1600,18,3,1300,500,FALSE,500
Frutas e Legumes,Pimentao,2600,19,3,2100,500,FALSE,500
Frutas e Legumes,Cenoura,1900,21,3,1500,500,FALSE,500
Frutas e Legumes,Alho,1700,23,3,1300,200,FALSE,200
Frutas e Legumes,Cenoura,1300,15,0,1100,250,TRUE,200
Frutas e Legumes,Beterraba,1100,18,0,900,250,TRUE,250
Frutas e Legumes,Feijao mungo Brotos,3500,17,0,2900,200,TRUE,200
Frutas e Legumes,Safal Congelado Misto Legumes,6000,5,0,5700,500,TRUE,500
Frutas e Legumes,Safal Congelado Milho,4100,4,0,3900,200,TRUE,200
Frutas e Legumes,Safal Congelado - Doce Milho,16000,5,0,15200,1000,TRUE,1
Essenciais de Cozinha,Maggi 2 Minuto Masala Macarrao instantaneo,1200,0,6,1200,70,FALSE,70
Essenciais de Cozinha,iD Idli & Dosa Batter ,8000,15,6,6800,1000,FALSE,1
Essenciais de Cozinha,Tata Sal,2400,0,6,2400,1000,FALSE,1
Essenciais de Cozinha,Arden Ovos Branco,9700,0,4,9700,696,FALSE,12
Essenciais de Cozinha,Arden Ovos Branco,6500,15,4,5500,348,FALSE,6
Essenciais de Cozinha,Fortune Sunlite Refinado Girassol (Pouch),23000,4,6,21900,1000,FALSE,1
Essenciais de Cozinha,Aashirvaad Superior MP Farinha de trigo integral,25000,2,6,24500,5000,FALSE,5
Essenciais de Cozinha,Amul Puro Ghee (Pouch),25500,2,6,24900,500,FALSE,500
Essenciais de Cozinha,Arden Ovos Marrom,8500,7,4,7900,348,FALSE,6
Essenciais de Cozinha,Tata Sal Light,4000,10,6,3600,1000,FALSE,1
Essenciais de Cozinha,Saffola Ouro Oleo (Pouch),21500,0,6,21500,1000,FALSE,1
Essenciais de Cozinha,Fortune Sunlite Refinado Girassol (Jar),92500,0,6,92500,5000,FALSE,5
Essenciais de Cozinha,Fortune Arroz Bran (Pouch),22500,11,6,19900,1000,FALSE,1
Essenciais de Cozinha,Saffola Ativo Oleo,21000,0,6,21000,1000,FALSE,1
Essenciais de Cozinha,Amul Puro Ghee (Pouch),50500,1,2,49900,1000,FALSE,1
Essenciais de Cozinha,Aashirvaad Farinha de trigo integral,46000,13,6,39900,10000,FALSE,10
Essenciais de Cozinha,Popular Essenciais Toor Lentilha (Un-Polished),16000,6,4,14900,1000,FALSE,1
Essenciais de Cozinha,Amul Ghee (Tin),52000,2,6,50900,1000,FALSE,1
Essenciais de Cozinha,Amul Fresco Creme,19700,3,3,19100,1000,FALSE,1
Essenciais de Cozinha,Popular Essenciais Puro Rapadura,5000,2,6,4900,450,FALSE,450
Essenciais de Cozinha,Aashirvaad Multigraos Farinha de trigo integral,6400,3,2,6200,1000,FALSE,1
Essenciais de Cozinha,Fortune Soyabean Oleo,100500,0,6,99900,5000,FALSE,5
Essenciais de Cozinha,Popular Essenciais Girassol Sementes,2500,0,6,2500,50,FALSE,50
Essenciais de Cozinha,Tata Sampann kabuli grao de bico,18500,1,4,18300,1000,FALSE,500
Essenciais de Cozinha,Dhara Amendoim Oleo (Pouch),23000,11,6,20300,1000,FALSE,1
Essenciais de Cozinha,Dhara Saude Refinado Sun Flower Oleo Pote,120000,18,6,98400,5000,FALSE,5
Essenciais de Cozinha,24 Mantra Organico Rapadura Em po,8000,15,6,6800,500,FALSE,500
Essenciais de Cozinha,Tata Sampann Alto Protien Kabuli Grao de bico,9400,0,1,9400,500,FALSE,500
Essenciais de Cozinha,Dhara Kachi Ghani Mostarda Oleo Pote,125000,8,6,114300,5000,FALSE,5
Essenciais de Cozinha,D'lecta Laticinio Creme,5400,5,6,5100,200,FALSE,200
Essenciais de Cozinha,Ching's Segredo Instantaneo Picante Alho Macarrao instantaneo,1500,0,3,1500,60,FALSE,60
Essenciais de Cozinha,Dabur Gengibre Alho Pasta,2500,8,3,2300,100,FALSE,100
Essenciais de Cozinha,Ching's Segredo Instantaneo Schezwan Macarrao instantaneo,1500,0,6,1500,60,FALSE,60
Essenciais de Cozinha,Gowardhan Ghee/Tuppa Pote,31500,1,6,30900,500,FALSE,500
Essenciais de Cozinha,Tata Sampann Unpolished Feijao mungo Lentilha ,9200,4,4,8800,500,FALSE,500
Essenciais de Cozinha,Aashirvaad Select Farinha de trigo integral,6400,0,6,6400,1000,FALSE,1
Essenciais de Cozinha,Popular Essenciais Misri Dana (Diamond Sugar) ,1500,0,4,1500,100,FALSE,100
Essenciais de Cozinha,Gowardhan Ghee Pote,59800,3,6,57900,1000,FALSE,1
Essenciais de Cozinha,Topo Ramen Macarrao instantaneo Curry Vegetariano Sache,2000,0,1,2000,70,FALSE,70
Essenciais de Cozinha,Popular Essenciais Refinado Acucar,6000,0,6,6000,1000,FALSE,1
Essenciais de Cozinha,Fortune Kachi Ghani Mostarda Oleo Garrafa,21600,7,6,19900,1000,FALSE,1
Essenciais de Cozinha,Saffola Vegetal Toque Masala Aveia,1500,0,6,1500,38,FALSE,38
Essenciais de Cozinha,Satyam Estourado Arroz Kurmura (R),2300,0,6,2300,200,FALSE,200
Essenciais de Cozinha,Quaker Aveia,7900,0,2,7900,400,FALSE,400
Essenciais de Cozinha,Aashirvaad Select Sharbati Farinha de trigo integral,31500,10,6,28300,5000,FALSE,5
Essenciais de Cozinha,Popular Essenciais Refinado Acucar,29500,10,6,26500,5000,FALSE,5
Essenciais de Cozinha,Gowardhan Vaca Ghee Sache,57900,10,6,52100,1000,FALSE,1
Essenciais de Cozinha,Dhara Nutrir Refinado Girassol Oleo Sache,21000,5,6,19900,1000,FALSE,1
Essenciais de Cozinha,Parachute Oleo ,4000,7,3,3700,100,FALSE,100
Essenciais de Cozinha,Popular Essenciais Simples Estourado Arroz (Murmura/Muri),1800,0,6,1800,100,FALSE,100
Essenciais de Cozinha,Amul Mithai Mate Condensed Adocado Leite,5600,3,4,5400,200,FALSE,200
Essenciais de Cozinha,Saffola Ouro (Jar),124000,0,6,124000,5000,FALSE,5
Essenciais de Cozinha,McCain Novo Mini Samosa com Queijo Pizza Estilo Recheio,12000,1,3,11800,240,FALSE,240
Essenciais de Cozinha,Fortune Arroz Bran Saude Oleo (Jar),105000,1,6,103900,5000,FALSE,5
Essenciais de Cozinha,Arden Desi Ovos,11000,13,4,9500,348,FALSE,6
Essenciais de Cozinha,Fortune Rozana Basmati Arroz,58500,21,6,46200,5000,FALSE,5
Essenciais de Cozinha,Fortune Biriyani Especial Basmati Arroz,17500,0,5,17500,1000,FALSE,1
Essenciais de Cozinha,Everest Garam Masala,7800,7,5,7200,100,FALSE,100
Essenciais de Cozinha,Popular Essenciais Abobora Sementes,9000,16,6,7500,100,FALSE,100
Essenciais de Cozinha,Fortune Soya Saude Refinado Soybean Oleo,21000,1,2,20600,1000,FALSE,1
Essenciais de Cozinha,Gowardhan Puro Ghee Sache,29500,4,6,28100,500,FALSE,500
Essenciais de Cozinha,Popular Essenciais Jeera/Cumin Sementes,4000,5,3,3800,100,FALSE,100
Essenciais de Cozinha,Weikfield Baking Soda,3000,3,6,2900,100,FALSE,100
Essenciais de Cozinha,Everest Pao Bhaji Masala,3700,10,4,3300,50,FALSE,50
Essenciais de Cozinha,Tata Sampann Unpolished Grao de bico Lentilha,9500,6,2,8900,1000,FALSE,500
Essenciais de Cozinha,Amul Mithai Mate EOE Tin,11200,2,6,10900,400,FALSE,400
Essenciais de Cozinha,Pillsbury Chakki Fresco Farinha de trigo integral,45000,16,6,37500,10000,FALSE,10
Essenciais de Cozinha,Everest Frango Masala,3900,2,1,3800,50,FALSE,50
Essenciais de Cozinha,Dhara Life Refinado Ricebran Oleo (Pouch),20500,7,6,19000,1000,FALSE,1
Essenciais de Cozinha,Borges Extra Extra virgem Oliva Oleo,40000,25,1,29900,250,FALSE,250
Essenciais de Cozinha,Everest Shahi Biryani Masala,7000,14,6,6000,50,FALSE,50
Essenciais de Cozinha,Popular Essenciais Californian Amendoa,35000,28,6,25100,250,FALSE,250
Essenciais de Cozinha,Popular Essenciais Ajwain Integral,2500,0,4,2500,50,FALSE,50
Essenciais de Cozinha,Everest Tikhalal Pimenta Em po,23500,9,6,21200,500,FALSE,500
Essenciais de Cozinha,Popular Essenciais Kabuli Grao de bico Regular,8500,9,6,7700,500,FALSE,500
Essenciais de Cozinha,Pillsbury Chakki Fresco Farinha de trigo integral,5200,0,4,5200,1000,FALSE,1
Essenciais de Cozinha,Popular Essenciais Saunf/Fennel Sementes,4500,2,6,4400,100,FALSE,100
Essenciais de Cozinha,Popular Essenciais Bansi Sooji,3500,2,3,3400,500,FALSE,500
Essenciais de Cozinha,Happilo Premium Internacional Queen Kalmi Tamaras,24500,29,6,17200,200,FALSE,200
Essenciais de Cozinha,Tata Sampann Unpolished Urad Integral,10100,6,4,9400,500,FALSE,500
Essenciais de Cozinha,Popular Essenciais Castanha de caju Partido,32500,12,6,28300,250,FALSE,250
Essenciais de Cozinha,Popular Essenciais Grao de bico Lentilha (Un-Polished),6000,10,6,5400,500,FALSE,500
Essenciais de Cozinha,Tata Sampann Unpolished Feijao vermelho (Chitra),13400,6,6,12500,500,FALSE,500
Essenciais de Cozinha,Everest Garam Masala,4200,2,2,4100,50,FALSE,50
Essenciais de Cozinha,Everest Cozinha King Masala,7000,14,2,6000,100,FALSE,100
Essenciais de Cozinha,24 Mantra Organico Cominho,7000,7,2,6500,100,FALSE,100
Essenciais de Cozinha,Nestle Milkmaid,13200,3,6,12800,400,FALSE,400
Essenciais de Cozinha,Popular Essenciais Sona Masouri Steam Arroz,6500,9,6,5900,1000,FALSE,1
Essenciais de Cozinha,24 Mantra Organico Tur Lentilha,26000,20,6,20800,1000,FALSE,1
Essenciais de Cozinha,Gits Gulab Jamun Instantaneo Dessert Mistura,9900,10,6,8900,200,FALSE,200
Essenciais de Cozinha,Popular Essenciais Preto Lentilha vermelha Integral (Un-Polished),6500,10,3,5800,500,FALSE,500
Essenciais de Cozinha,24 Mantra Organico Peanuts,13500,7,1,12500,500,FALSE,500
Essenciais de Cozinha,Everest Hingraj Em po,9000,10,2,8100,50,FALSE,50
Essenciais de Cozinha,Everest Preto Pimentao Em po,13500,14,6,11500,100,FALSE,100
Essenciais de Cozinha,Tata Sampann Lentilha vermelha Lentilha Stand,15000,10,4,13400,1000,FALSE,1
Essenciais de Cozinha,24 Mantra Organico Besan,9500,7,5,8800,500,FALSE,500
Essenciais de Cozinha,Quaker Aveia,19900,7,6,18400,1000,FALSE,1
Essenciais de Cozinha,Saffola Ouro Refinado Culinaria Oleo (Jar),48500,7,6,44900,2000,FALSE,2
Essenciais de Cozinha,Nestle Do dia a dia Laticinio Clareador,21000,0,4,21000,400,FALSE,400
Essenciais de Cozinha,24 Mantra Organico Vermelho Poha,7500,8,1,6900,500,FALSE,500
Essenciais de Cozinha,Everest Em po - Cha Masala,9800,9,5,8900,100,FALSE,100
Essenciais de Cozinha,Tata Sampann Urad Lentilha Partido,9400,4,6,9000,500,FALSE,500
Essenciais de Cozinha,Popular Essenciais Idli Sooji ,3000,6,6,2800,500,FALSE,500
Essenciais de Cozinha,Popular Essenciais Dessicated Coco,9500,9,6,8600,200,FALSE,200
Essenciais de Cozinha,Sunfeast Yippee! Mood Masala Macarrao instantaneo,6000,28,3,4300,260,FALSE,260
Essenciais de Cozinha,Chef's Cesta Durum Trigo Elbow Macarrao,16000,50,6,8000,500,FALSE,500
Essenciais de Cozinha,MTR Cafe da manha Azedo Doce Poha Mistura,2500,20,6,2000,60,FALSE,60
Essenciais de Cozinha,Satyam Khobra,11300,10,5,10100,200,FALSE,200
Essenciais de Cozinha,Betty Crocker Complete Panqueca Mistura Original,11000,4,6,10500,250,FALSE,500
Essenciais de Cozinha,Borges Durum Trigo Fusilli Macarrao ,25000,0,3,25000,500,FALSE,500
Essenciais de Cozinha,24 Mantra Organico Verde Feijao mungo Lentilha - Partido,13500,0,2,13500,500,FALSE,500
Essenciais de Cozinha,Weikfield Baunilha Com sabor Custard Em po,3700,0,6,3700,100,FALSE,100
Essenciais de Cozinha,Tata Sampann Feijao mungo Lentilha Partido,18000,1,5,17800,1000,FALSE,200
Essenciais de Cozinha,Tata Sampann Kala Grao de bico,6400,0,5,6400,500,FALSE,500
Essenciais de Cozinha,Saffola Soya Chunks Mealmaker,5000,0,2,5000,200,FALSE,200
Essenciais de Cozinha,24 Mantra Bura Acucar (Demerara),8000,10,6,7200,500,FALSE,500
Essenciais de Cozinha,Popular Essenciais Verde Cardamom (Elaichi),20000,1,6,19800,50,FALSE,50
Essenciais de Cozinha,Hershey's Xarope Delicioso Morango,9500,0,1,9500,200,FALSE,200
Essenciais de Cozinha,Popular Essenciais Anjeer,19000,11,4,16900,100,FALSE,100
Essenciais de Cozinha,Popular Essenciais Mostarda Sementes Rai Pequeno,2000,0,2,2000,100,FALSE,100
Essenciais de Cozinha,Weikfield Baking Em po,3300,3,6,3200,100,FALSE,100
Essenciais de Cozinha,Dabur Mel Squeezy,18500,9,6,16700,225,FALSE,225
Essenciais de Cozinha,Tata Sampann Alto Proteina Kali Urad,9100,14,6,7800,500,FALSE,500
Essenciais de Cozinha,Everest Cozinha King Masala,3700,2,6,3600,50,FALSE,50
Essenciais de Cozinha,Chef's Cesta Durum Trigo Fusilli Macarrao,16000,50,6,8000,500,FALSE,500
Essenciais de Cozinha,TilSona Gergelim Oleo,18000,10,2,16200,500,FALSE,500
Essenciais de Cozinha,Topo Ramen Frango Macarrao instantaneo,6000,10,1,5400,280,FALSE,280
Essenciais de Cozinha,Everest Chaat Masala,3500,2,1,3400,50,FALSE,50
Essenciais de Cozinha,Keya Wonder Vermelho Picante Pimenta Flocos,8900,10,2,8000,40,FALSE,40
Essenciais de Cozinha,Popular Essenciais Branco Ervilhas (Un-Polished),8000,10,5,7200,500,FALSE,500
Essenciais de Cozinha,Ching’s Segredo Chow mein Hakka Macarrao instantaneo Masala ,4400,0,2,4400,60,FALSE,60
Essenciais de Cozinha,Dhara Filtrado Amendoim Oleo (Jar),105000,1,6,103500,5000,FALSE,5
Essenciais de Cozinha,Pillsbury Choco Chip Panqueca Mistura,9900,5,6,9400,165,FALSE,165
Essenciais de Cozinha,Hershey's Caramel Xarope,23000,0,1,23000,623,FALSE,623
Essenciais de Cozinha,Pillsbury Multi Grao Farinha de trigo integral,6000,6,3,5600,1000,FALSE,1
Essenciais de Cozinha,McCain Novo Mini Samosa com Queijo Milho Estilo Recheio,12000,1,2,11800,240,FALSE,240
Essenciais de Cozinha,Satyam Estourado Arroz Kurmura (A),4300,0,6,4300,200,FALSE,200
Essenciais de Cozinha,MTR 3 Min Poha,2500,0,6,2500,60,FALSE,60
Essenciais de Cozinha,Ching's Manchurian Instantaneo Macarrao instantaneo,1500,0,5,1500,60,FALSE,60
Essenciais de Cozinha,Everest Pao Bhaji Masala,7000,0,2,7000,100,FALSE,100
Essenciais de Cozinha,Hershey's Chocolate Sabor Xarope,22000,6,6,20500,623,FALSE,680
Essenciais de Cozinha,Popular Essenciais Dhania (Coriander Seeds),5500,16,4,4600,200,FALSE,200
Essenciais de Cozinha,24 Mantra Vermelho Pimenta Integral,7000,7,1,6500,100,FALSE,100
Essenciais de Cozinha,Dabur Mel - World's No.1,12000,0,6,12000,250,FALSE,250
Essenciais de Cozinha,24 Mantra Organico Estourado Arroz,4000,2,6,3900,200,FALSE,200
Essenciais de Cozinha,24 Mantra Organico Trigo Daliya ,4800,2,2,4700,500,FALSE,500
Essenciais de Cozinha,24 Mantra Organico Ragi Farinha,6500,20,4,5200,500,FALSE,500
Essenciais de Cozinha,Popular Essenciais Cinnamon Integral (Dalchini),3500,5,6,3300,25,FALSE,25
Essenciais de Cozinha,Sundrop Super Light Avancado - Girassol Oleo,21500,0,4,21500,1000,FALSE,1
Essenciais de Cozinha,Pillsbury Atta/Godihittu - Chakki Fresco,10200,7,4,9400,2000,FALSE,2
Essenciais de Cozinha,Popular Essenciais Verde Feijao mungo Chilka/Chilka (Un-Polished),8500,7,5,7900,500,FALSE,500
Essenciais de Cozinha,Popular Essenciais HMT Kolam Steam,7500,0,3,7500,1000,FALSE,1
Essenciais de Cozinha,Popular Essenciais Preto Urad Partido,8000,10,4,7200,500,FALSE,500
Essenciais de Cozinha,Keya Oregano,10900,10,5,9800,9,FALSE,9
Essenciais de Cozinha,Popular Essenciais Rosa Feijao vermelho,10000,10,6,9000,500,FALSE,500
Essenciais de Cozinha,Everest Frango Masala,7400,2,6,7200,100,FALSE,100
Essenciais de Cozinha,Popular Essenciais HMT Kolam Steam,37000,10,6,33300,5000,FALSE,5
Essenciais de Cozinha,Everest Shahi Paneer Masala,4200,4,5,4000,50,FALSE,50
Essenciais de Cozinha,Godrej Yummiez Frango Nuggets,32500,9,1,29300,500,FALSE,500
Essenciais de Cozinha,Voador Bird Baunilha Essencia,3500,2,6,3400,20,FALSE,20
Essenciais de Cozinha,Everest Sabji Masala,3000,3,6,2900,50,FALSE,50
Essenciais de Cozinha,Popular Essenciais Californian Amendoa,69500,32,6,47000,500,FALSE,500
Essenciais de Cozinha,Cornitos Cornitos Taco Shells - 4 Inches,11000,20,6,8800,80,FALSE,80
Essenciais de Cozinha,Everest Feijao vermelho Masala,3300,3,5,3200,50,FALSE,50
Essenciais de Cozinha,Popular Essenciais Branco Gergelim,4000,5,1,3800,100,FALSE,100
Essenciais de Cozinha,Amul Meio amargo Compound Chocolate Slab,12500,2,6,12200,500,FALSE,500
Essenciais de Cozinha,Maes Receita Papad Grao de bico Masala,7900,10,6,7100,200,FALSE,200
Essenciais de Cozinha,Ching's Schezwan Masala Instantaneo Macarrao instantaneo,6000,0,1,6000,240,FALSE,240
Essenciais de Cozinha,Amul Leite Compound Chocolate Slab,11000,2,6,10700,500,FALSE,500
Essenciais de Cozinha,Eastern Frango Masala,7000,7,3,6500,100,FALSE,100
Essenciais de Cozinha,Popular Essenciais Feno-grego Sementes,2500,0,5,2500,100,FALSE,100
Essenciais de Cozinha,Saffola Saboroso Masala Macarrao instantaneo ,2000,0,2,2000,46,FALSE,46
Essenciais de Cozinha,Cadbury Picante Chocolate,17500,5,6,16600,200,FALSE,200
Essenciais de Cozinha,Ching's Frango Pimenta Masala,1000,0,6,1000,20,FALSE,20
Essenciais de Cozinha,Dabur Keora agua - Autentico sabor para Biryani's e Desserts,6200,6,6,5800,250,FALSE,250
Essenciais de Cozinha,Popular Essenciais Preto Cardamom/Elaichi ,10000,10,6,9000,50,FALSE,50
Essenciais de Cozinha,Popular Essenciais Idli Arroz,6000,10,4,5400,1000,FALSE,1
Essenciais de Cozinha,Everest Chole Masala,3300,3,1,3200,50,FALSE,50
Essenciais de Cozinha,Dabur Caseiro Tamarindo Pasta,4800,6,6,4500,200,FALSE,200
Essenciais de Cozinha,"Maggi Magico Cubes, Vegetariano Masala (Free 2 Cubos Inside)",3500,2,6,3400,48,FALSE,48
Essenciais de Cozinha,Popular Essenciais Culinaria Soda,3000,10,6,2700,200,FALSE,200
Essenciais de Cozinha,RRO Primio Refinado Amendoim Oleo Estimacao Garrafa,25500,6,2,23900,1000,FALSE,1
Essenciais de Cozinha,Everest Pani Puri Masala,3100,3,6,3000,50,FALSE,50
Essenciais de Cozinha,Nissin Copo Macarrao instantaneo Acidinho Tomate,5000,10,2,4500,70,FALSE,70
Essenciais de Cozinha,Ching's Vegetariano Manchurian Masala,1000,0,2,1000,20,FALSE,20
Essenciais de Cozinha,Ceres Alimentos Peixe Mostarda Instantaneo Liquido Masala,22000,50,6,11000,200,FALSE,200
Essenciais de Cozinha,Everest Garam Masala,15800,10,6,14200,200,FALSE,200
Essenciais de Cozinha,24 Mantra Organico Jowar Farinha,7000,7,6,6500,500,FALSE,500
Essenciais de Cozinha,Maggi Coco Milkpowder,10000,0,6,10000,100,FALSE,100
Essenciais de Cozinha,On1y Pimentao Moedor,15900,9,1,14400,50,FALSE,50
Essenciais de Cozinha,Popular Essenciais Arroz Farinha,6000,0,3,6000,1000,FALSE,1
Essenciais de Cozinha,Sunfeast Yippee! Macarrao Guloseima - Azedo Creme Cebola,2800,10,1,2500,65,FALSE,65
Essenciais de Cozinha,24 Mantra Organico Marrom Sona Masoori Arroz,9500,0,6,9500,1000,FALSE,1
Essenciais de Cozinha,Happilo Premium Afghani Anjeer,36500,29,2,25600,200,FALSE,200
Essenciais de Cozinha,Popular Essenciais Chiroti Sooji,3500,2,6,3400,500,FALSE,500
Essenciais de Cozinha,RRO Gergelim Dil Premium Gergelim Oleo Garrafa,33000,10,5,29400,1000,FALSE,1
Essenciais de Cozinha,Popular Essenciais Vermelho Feijao vermelho,9000,10,6,8100,500,FALSE,500
Essenciais de Cozinha,Cornitos Amendoim - Premium Salgado ,12000,10,6,10800,150,FALSE,150
Essenciais de Cozinha,Popular Essenciais Preto Pimentao,10000,10,5,9000,100,FALSE,100
Essenciais de Cozinha,24 Mantra Organico Tur Lentilha - Partido,13000,7,6,12000,500,FALSE,500
Essenciais de Cozinha,Sem acucar Ouro Baixo Caloria Adocante,6500,6,3,6100,110,FALSE,100
Essenciais de Cozinha,Ching's Segredo Paneer Pimenta Masala,1000,0,2,1000,20,FALSE,20
Essenciais de Cozinha,Dabur Mel ,22000,7,3,20400,500,FALSE,500
Essenciais de Cozinha,Sunfeast Yippee! Macarrao Guloseima - Azedo Creme Cebola,2800,17,3,2300,65,FALSE,65
Essenciais de Cozinha,Everest Cha Masala,5500,9,2,5000,50,FALSE,50
Essenciais de Cozinha,Ching's Paneer Pimenta Masala,4400,0,4,4400,60,FALSE,60
Essenciais de Cozinha,Sunfeast YiPPee! Magico Masala Macarrao instantaneo,7000,10,3,6300,405,FALSE,405
Essenciais de Cozinha,Everest Carne Masala Em po,7400,9,3,6700,100,FALSE,100
Essenciais de Cozinha,Pillsbury Farinha de trigo integral Com Multigrains Trigo Graos,29500,16,6,24500,5000,FALSE,5
Essenciais de Cozinha,Mother's Receita Tamarindo Pasta,5000,2,6,4900,200,FALSE,200
Essenciais de Cozinha,Quaker Aveia Cafe da manha Cereais - Com Sabor Mistura Nutritious Rico Source De Energia,4900,8,6,4500,200,FALSE,200
Essenciais de Cozinha,Popular Essenciais Cloves (Lavang),7500,17,6,6200,50,FALSE,50
Essenciais de Cozinha,Sunfeast Yippee! Poder Para cima Farinha de trigo integral Macarrao instantaneo,9600,15,6,8100,280,FALSE,280
Essenciais de Cozinha,Suhana Paneer Tikka Masala Mistura,4000,5,6,3800,50,FALSE,50
Essenciais de Cozinha,24 Mantra Acafrao da terra Em po,3500,2,6,3400,100,FALSE,100
Essenciais de Cozinha,24 Mantra Super Grao Quinoa,19000,0,4,19000,500,FALSE,500
Essenciais de Cozinha,Everest Em po - Ovo Curry Masala,4000,2,6,3900,50,FALSE,50
Essenciais de Cozinha,Popular Essenciais Pe Shah Cominho ,6000,15,6,5100,50,FALSE,50
Essenciais de Cozinha,24 Mantra Organico Sattu Farinha de trigo integral,9500,0,6,9500,500,FALSE,500
Essenciais de Cozinha,Smith & Jones Macarrao Masala,4600,0,6,4600,54,FALSE,54
Essenciais de Cozinha,Weikfield Baunilha Custard Em po,14200,9,3,12800,500,FALSE,500
Essenciais de Cozinha,Sem acucar Natura Baixo Caloria Adocante ,30000,10,3,27000,42,FALSE,42
Essenciais de Cozinha,Pillsbury Baunilha Custard Em po,3700,2,6,3600,100,FALSE,100
Essenciais de Cozinha,24 Mantra Organico Feijao vermelho,14500,0,6,14500,500,FALSE,500
Essenciais de Cozinha,Popular Essenciais Broken Wheat/Daliya,3500,2,6,3400,500,FALSE,500
Essenciais de Cozinha,Zorabian Frango Smoked Ham,20500,5,1,19400,250,FALSE,250
Essenciais de Cozinha,Smith & Jones Peri Peri Masala,9900,0,6,9900,75,FALSE,75
Essenciais de Cozinha,Saffola Vegetal Toque Masala Aveia,19500,12,2,17100,500,FALSE,500
Essenciais de Cozinha,Popular Essenciais Urad Lentilha Partido (Un-Polished),8500,9,5,7700,500,FALSE,500
Essenciais de Cozinha,Weikfield Baking Em po,2200,0,6,2200,50,FALSE,50
Essenciais de Cozinha,Popular Essenciais Bajra Integral,6500,13,6,5600,1000,FALSE,1
Essenciais de Cozinha,Weikfield Vegetariano Geleia Cristais - Morango,4500,2,6,4400,90,FALSE,90
Essenciais de Cozinha,Weikfield Vegetariano Geleia Cristais - Raspberry,4500,2,6,4400,90,FALSE,90
Essenciais de Cozinha,Popular Essenciais Lentilha vermelha Lentilha Partido (Un-Polished),7000,10,4,6300,500,FALSE,500
Essenciais de Cozinha,Popular Essenciais Ajwain Integral,5000,12,2,4400,100,FALSE,100
Essenciais de Cozinha,Popular Essenciais Pistache Salgado (With Shell),47000,21,5,37100,250,FALSE,250
Essenciais de Cozinha,Assar Loja Pao Crumbs,5000,6,3,4700,400,FALSE,400
Essenciais de Cozinha,Popular Essenciais Horse Grama,4000,10,4,3600,500,FALSE,500
Essenciais de Cozinha,Hershey's Chocolate Xarope,9500,0,4,9500,200,FALSE,200
Essenciais de Cozinha,Godrej Yummiez Pimenta Frango Linguicas ,16000,10,3,14400,250,FALSE,250
Essenciais de Cozinha,Everest Kasuri Feno-grego,2500,0,6,2500,25,FALSE,25
Essenciais de Cozinha,Satyam Makhana,20800,0,6,20800,100,FALSE,100
Essenciais de Cozinha,Everest Tandoori Frango Masala,3900,2,5,3800,50,FALSE,50
Essenciais de Cozinha,Weikfield Falooda Mistura - Kesar Pistache,4900,2,3,4800,200,FALSE,200
Essenciais de Cozinha,Weikfield Cacau Em po,7000,7,6,6500,50,FALSE,50
Essenciais de Cozinha,Pantai Coco Creme,15000,4,4,14300,400,FALSE,400
Essenciais de Cozinha,Popular Essenciais Coentro Sementes,1500,0,5,1500,50,FALSE,50
Essenciais de Cozinha,Ching's Singapura Curry Instantaneo Macarrao instantaneo,6000,0,4,6000,240,FALSE,240
Essenciais de Cozinha,Eastern Peixe Masala,4800,2,5,4700,100,FALSE,100
Essenciais de Cozinha,Pillsbury Atta/Godihittu - Chakki Fresco,27500,0,6,27500,5000,FALSE,5
Essenciais de Cozinha,"Oleev Smart Oleo Fortificado com VIT A, D, E & K (Pouch)",21500,9,4,19400,1000,FALSE,1
Essenciais de Cozinha,Everest Seco Gengibre Em po,7500,9,4,6800,100,FALSE,100
Essenciais de Cozinha,Pillsbury Cooker Bolo Mistura - Choco,10000,11,6,8900,159,FALSE,159
Essenciais de Cozinha,Hersheys Chocolate Amendoa Xarope,20000,0,2,20000,450,FALSE,450
Essenciais de Cozinha,Satyam Nighties Temperos Pimenta Pandi,5600,7,5,5200,100,FALSE,100
Essenciais de Cozinha,Popular Essenciais Popular Essential Pistache Salgado (With Shell),19000,10,6,17100,100,FALSE,100
Essenciais de Cozinha,Godrej Yummiez Frango Punjabi Tikka ,29500,9,6,26600,360,FALSE,360
Essenciais de Cozinha,Popular Essenciais Rozana Sona Masuri Verde Arroz,35000,10,5,31200,5000,FALSE,5
Essenciais de Cozinha,24 Mantra Mostarda Oleo (Cold Pressed) ,35000,10,6,31200,1000,FALSE,1
Essenciais de Cozinha,24 Mantra Organico Preto Pimentao,17000,7,6,15700,100,FALSE,100
Essenciais de Cozinha,Popular Essenciais Verde Feijao mungo Integral,9000,16,3,7500,500,FALSE,500
Essenciais de Cozinha,24 Mantra Organico Lentilha vermelha Lentilha - Partido,9500,7,6,8800,500,FALSE,500
Essenciais de Cozinha,Praakritik Organico Natural Rock Sal,6000,6,3,5600,500,FALSE,500
Essenciais de Cozinha,24 Mantra Girassol Oleo (Cold Pressed) Estimacao Garrafa,39000,11,5,34700,1000,FALSE,1
Essenciais de Cozinha,"Ching's Segredo Instantaneo Noodles, Picante Alho",6000,0,4,6000,240,FALSE,240
Essenciais de Cozinha,Saffola Do dia a dia Peppy Tomate Masala Aveia,19500,12,6,17100,500,FALSE,500
Essenciais de Cozinha,Dabur 100% Puro Mel - Worlds No.1,43000,10,6,38700,1000,FALSE,1
Essenciais de Cozinha,Popular Essenciais Star Anise,7000,10,5,6300,25,FALSE,25
Essenciais de Cozinha,Ching's Segredo Frango 65 Masala - Frango,1000,0,5,1000,20,FALSE,20
Essenciais de Cozinha,Cadbury Cacau Em po,22300,5,6,21100,150,FALSE,150
Essenciais de Cozinha,Praakritik Natural Desi Gir Vaca A2 Ghee,145000,10,6,130500,540,FALSE,540
Essenciais de Cozinha,Praakritik Organico Poha,12000,6,5,11200,500,FALSE,500
Essenciais de Cozinha,Praakritik Organico Natural Wild Forest Mel,16000,6,4,15000,200,FALSE,200
Essenciais de Cozinha,Popular Essenciais Seco Tamaras (Kharak),14000,15,6,11800,250,FALSE,250
Essenciais de Cozinha,Popular Essenciais Kashmiri Vermelho Feijao vermelho,9500,6,4,8900,500,FALSE,500
Essenciais de Cozinha,Dabur Caseiro - Alho Pasta,5000,6,6,4700,200,FALSE,200
Essenciais de Cozinha,Dabur 100% Puro Mel,33000,10,1,29700,400,FALSE,400
Essenciais de Cozinha,Ching's Schezwan Frito Rice(Miracle Masala),4400,0,5,4400,60,FALSE,60
Essenciais de Cozinha,"Maggi Magico Cubes, Vegetariano Masala",3500,2,1,3400,40,FALSE,40
Essenciais de Cozinha,Everest Tandoori Frango Masala,7400,9,3,6700,100,FALSE,100
Essenciais de Cozinha,Popular Essenciais Vermelho Poha,4500,4,6,4300,500,FALSE,500
Essenciais de Cozinha,Everest Cozinha King Masala,14200,9,6,12800,200,FALSE,200
Essenciais de Cozinha,Pillsbury Oven Bolo Mistura - Rico Chocolate,16500,10,5,14700,285,FALSE,285
Essenciais de Cozinha,Eastern Super Garam Masala,7400,6,2,6900,200,FALSE,200
Essenciais de Cozinha,Maggi Magico Cubos Extra Frango,4000,2,6,3900,48,FALSE,48
Essenciais de Cozinha,Satyam Nighties Temperos Pimenta Kashmiri,10200,6,6,9500,100,FALSE,100
Essenciais de Cozinha,Eastern Cominho Em po,4900,2,6,4800,100,FALSE,100
Essenciais de Cozinha,Popular Essenciais Urad Gola White(Un-Polished),9000,10,6,8100,500,FALSE,500
Essenciais de Cozinha,24 Mantra Organico Grao de bico Lentilha,9500,6,5,8900,500,FALSE,500
Essenciais de Cozinha,Delicia Castanhas Castanha de caju Torrado & Salgado,42500,20,6,34000,200,FALSE,200
Essenciais de Cozinha,Popular Essenciais Mace/Javitri,9000,10,3,8100,20,FALSE,20
Essenciais de Cozinha,Dlicia Whip Topping Garrafa,23500,27,5,17100,1000,FALSE,1
Essenciais de Cozinha,Mother's Receita Pasta Gengibre & Alho,7600,10,4,6800,300,FALSE,300
Essenciais de Cozinha,24 Mantra Amendoim Oleo (Cold Pressed) Estimacao Garrafa,41000,10,6,36900,1000,FALSE,1
Essenciais de Cozinha,Satyam Pulses Masur Lentilha,8700,6,6,8100,500,FALSE,500
Essenciais de Cozinha,Delicia Castanhas Pistache Torrado & Salgado,42500,20,6,34000,200,FALSE,200
Essenciais de Cozinha,"Topo Ramen Noodles, Farinha de trigo integral",8000,0,1,8000,280,FALSE,280
Essenciais de Cozinha,Hershey's Cacau Em po,9500,0,5,9500,70,FALSE,70
Essenciais de Cozinha,Praakritik Organico Singhara Farinha de trigo integral,24000,6,4,22500,500,FALSE,500
Essenciais de Cozinha,Gits Vegetariano Biryani Pronto para Comer,11000,10,6,9900,265,FALSE,265
Essenciais de Cozinha,Delicia Castanhas Cranberries Fatiado ,29900,20,6,23900,200,FALSE,200
Essenciais de Cozinha,Borges Durum Trigo Macarrao Superior Quality,25000,40,6,14900,500,FALSE,500
Essenciais de Cozinha,Ceres Alimentos Laal Maas Instantaneo Liquido Masala,22000,50,5,11000,200,FALSE,200
Essenciais de Cozinha,Popular Essenciais Sattu Farinha de trigo integral,9000,12,3,7900,500,FALSE,500
Essenciais de Cozinha,Popular Essenciais Mostarda Sementes Rai Amarelo,2500,0,5,2500,100,FALSE,100
Essenciais de Cozinha,Praakritik Organico Extra Extra virgem Coco Oleo,15000,10,5,13400,100,FALSE,100
Essenciais de Cozinha,Praakritik Organico Alho Em po,11000,1,5,10800,100,FALSE,100
Essenciais de Cozinha,Sem acucar Ouro Baixo Caloria Adocante ,12500,5,6,11800,100,FALSE,100
Essenciais de Cozinha,Aashirvaad Cafe da manha Instantaneo Mistura - Arroz Idli,7500,30,6,5200,200,FALSE,200
Essenciais de Cozinha,Kitchens De India Ervilha Paneer,13000,4,6,12400,285,FALSE,285
Essenciais de Cozinha,Ching's Segredo Vegetariano Manchurian Masala,4400,0,6,4400,60,FALSE,60
Essenciais de Cozinha,Popular Essenciais Jowa Farinha,5000,2,5,4900,500,FALSE,500
Essenciais de Cozinha,Everest Shahi Biryani Masala,24500,0,6,24500,200,FALSE,200
Essenciais de Cozinha,Popular Essenciais Preto Gergelim,5000,6,4,4700,100,FALSE,100
Essenciais de Cozinha,Popular Essenciais Pancharatna Lentilha,8000,10,6,7200,500,FALSE,500
Essenciais de Cozinha,Saffola 100% Puro Mel,47500,8,2,43700,1000,FALSE,750
Essenciais de Cozinha,Popular Essenciais Tamarindo,15000,14,6,12800,500,FALSE,500
Essenciais de Cozinha,Gits Arroz Dosa Instantaneo Cafe da manha Mistura,6000,5,5,5700,200,FALSE,200
Essenciais de Cozinha,Popular Essenciais Poppy Sementes (Gasagase),28000,7,6,26000,100,FALSE,100
Essenciais de Cozinha,Hershey's Picante Chocolate Em po,21000,0,4,21000,250,FALSE,250
Essenciais de Cozinha,Borges Farfalle Durum Trigo Macarrao ,25000,0,5,25000,500,FALSE,500
Essenciais de Cozinha,Satyam Pimenta Bedgi,8200,10,5,7300,100,FALSE,100
Essenciais de Cozinha,Aashirvaad Instantaneo Mistura - Arroz Dosa,7500,30,6,5200,200,FALSE,200
Essenciais de Cozinha,Hershey's Cacau - Natural Sem acucar,27000,10,4,24300,225,FALSE,225
Essenciais de Cozinha,Weikfield Vegetariano Geleia Cristais - Manga,4500,2,6,4400,90,FALSE,90
Essenciais de Cozinha,Praakritik Orrganic Frio Prensado Sesame Oleo,13000,10,5,11700,100,FALSE,100
Essenciais de Cozinha,Amulya Laticinio Clareador ,38000,2,4,37200,1000,FALSE,1
Essenciais de Cozinha,ITC Mestre Chef Hyderabadi Biryani,7500,30,5,5200,80,FALSE,80
Essenciais de Cozinha,Voador Bird Manteiga Esponja Essencia,5000,2,6,4900,20,FALSE,20
Essenciais de Cozinha,Dabur Caseiro - Gengibre Pasta,5000,6,6,4700,200,FALSE,200
Essenciais de Cozinha,Popular Essenciais Verde Ervilhas (Un-Polished),12000,10,5,10800,500,FALSE,500
Essenciais de Cozinha,Quaker Aveia Sache,27600,10,6,24800,1500,FALSE,1
Essenciais de Cozinha,24 Mantra Organico Urad Branco Integral,14500,15,4,12200,500,FALSE,500
Essenciais de Cozinha,Popular Essenciais Guntur Pimenta Stemless,4000,2,2,3900,100,FALSE,100
Essenciais de Cozinha,Popular Essenciais Moth Integral,9000,10,6,8100,500,FALSE,500
Essenciais de Cozinha,Keya Pizza Tempero,10900,17,6,9000,45,FALSE,45
Essenciais de Cozinha,Keya Piri Piri | Exotic Temperos Mistura,10900,20,6,8700,80,FALSE,80
Essenciais de Cozinha,24 Mantra Organico Feijao mungo Lentilha,13500,7,6,12500,500,FALSE,500
Essenciais de Cozinha,Betty Crocker Francesa Baunilha Bolo Mistura,31000,10,6,27600,520,FALSE,520
Essenciais de Cozinha,Delicia Castanhas Dried Cranberries ,34000,20,6,27200,200,FALSE,200
Essenciais de Cozinha,Everest Kesari Leite Masala,20500,0,2,20500,50,FALSE,50
Essenciais de Cozinha,Tong Garden Salgado Cocktail Castanhas,29500,9,5,26600,160,FALSE,160
Essenciais de Cozinha,MTR Uttapam Mistura,16500,5,6,15600,500,FALSE,500
Essenciais de Cozinha,Gits Khaman Dhokla Instantaneo Lanche Mistura,6500,6,6,6100,180,FALSE,180
Essenciais de Cozinha,Happilo Premium 100% Natural Integral Cashews,33500,29,6,23500,200,FALSE,200
Essenciais de Cozinha,Everest Seco Manga Em po,8000,0,5,8000,100,FALSE,100
Essenciais de Cozinha,Dabur Caseiro - Gengibre Alho Past Tub,11000,5,6,10400,400,FALSE,400
Essenciais de Cozinha,Everest Frango Masala,14700,10,6,13200,200,FALSE,200
Essenciais de Cozinha,Gits Medu Vada Instantaneo Lanche Mistura,9000,4,6,8600,200,FALSE,200
Essenciais de Cozinha,Weikfield Drinking Chocolate Em po,6500,10,6,5800,100,FALSE,100
Essenciais de Cozinha,Popular Essenciais Regular Branco Lobia,7000,10,6,6300,500,FALSE,500
Essenciais de Cozinha,Puro Healthy Sal Crystal,13500,7,6,12500,1000,FALSE,1
Essenciais de Cozinha,Popular Essenciais Premium Cominho Arroz,14000,0,5,14000,1000,FALSE,1
Essenciais de Cozinha,Smith & Jones Shahi Paneer Masala Mistura,4400,0,6,4400,60,FALSE,60
Essenciais de Cozinha,Betty Crocker Mug Treats - Chocolate Mistura - Pacote de 4,20000,11,6,17800,264,FALSE,264
Essenciais de Cozinha,Smith & Jones Macarrao Masala,6000,10,5,5400,108,FALSE,108
Essenciais de Cozinha,Catch Preto Pimentao Sprinkler,10000,0,1,10000,50,FALSE,50
Essenciais de Cozinha,Weikfield Cooker Bolo Mistura - Chocolate,9500,6,6,8900,150,FALSE,150
Essenciais de Cozinha,ITC Mestre Chef Manteiga Frango,7500,30,6,5200,80,FALSE,80
Essenciais de Cozinha,Masala Aveia Masala & Coentro ,19500,9,5,17600,500,FALSE,500
Essenciais de Cozinha,Smith & Jones Ervilha Paneer Masala,4200,0,6,4200,60,FALSE,60
Essenciais de Cozinha,Kitchens de India Lentilha Bukhara Molho Mistura,11000,30,6,7700,285,FALSE,285
Essenciais de Cozinha,Popular Essenciais Frito Grama (Bengal Gram),7000,10,6,6300,500,FALSE,500
Essenciais de Cozinha,Gits Jalebi com Maker Dessert Mistura,7500,16,6,6300,100,FALSE,100
Essenciais de Cozinha,Popular Essenciais Soya Feijao ,8000,6,6,7500,500,FALSE,500
Essenciais de Cozinha,24 Mantra Organico Torrado Bengal Grama Lentilha,10500,7,6,9700,500,FALSE,500
Essenciais de Cozinha,Keya Italiano Tempero,10900,10,6,9800,35,FALSE,35
Essenciais de Cozinha,MTR Idli/Dosa/Chilly Chutney Em po,11500,0,3,11500,200,FALSE,200
Essenciais de Cozinha,Delicia Castanhas Trail Mistura ,39900,25,6,29900,200,FALSE,200
Essenciais de Cozinha,Praakritik Organico Chilka Feijao mungo Lentilha,12000,10,6,10800,500,FALSE,500
Essenciais de Cozinha,Smith & Jones Alho & Ervas Masala Mistura,9900,0,6,9900,75,FALSE,75
Essenciais de Cozinha,Eastern Tamarindo,6300,0,6,6300,200,FALSE,200
Essenciais de Cozinha,Tong Garden Wasabi Coated Greenpeas Tin,20000,11,6,17800,180,FALSE,180
Essenciais de Cozinha,Voador Bird Abacaxi Artifical Alimento Essencia,5000,2,6,4900,20,FALSE,20
Essenciais de Cozinha,Mother's Receita Tamarindo Pasta,5000,2,2,4900,200,FALSE,200
Essenciais de Cozinha,Japanese Escolha Udon Macarrao instantaneo,29500,9,6,26600,250,FALSE,250
Essenciais de Cozinha,Pantai Coco Leite,15000,0,4,15000,400,FALSE,400
Essenciais de Cozinha,Praakritik Organico Lentilha vermelha Lentilha,13000,10,6,11600,500,FALSE,500
Essenciais de Cozinha,Popular Essenciais Classico Sona Masuri Arroz,43000,10,6,38700,5000,FALSE,5
Essenciais de Cozinha,Popular Essenciais Salgado Murmure ,7000,18,6,5700,400,FALSE,400
Essenciais de Cozinha,Oleev Ativo Oleo (Pouch),26500,9,6,23900,1000,FALSE,1
Essenciais de Cozinha,Delicia Castanhas Dried Blueberries ,54000,20,6,43200,150,FALSE,150
Essenciais de Cozinha,Popular Essenciais Duplo Feijao Branco,6000,10,6,5400,250,FALSE,250
Essenciais de Cozinha,Delicia Castanhas Amendoa Natural ,34900,20,6,27900,200,FALSE,200
Essenciais de Cozinha,Praakritik Organico Rapadura,16000,6,6,15000,900,FALSE,900
Essenciais de Cozinha,Praakritik Organico Verde Acucar,9000,6,6,8400,500,FALSE,500
Essenciais de Cozinha,MTR Masala - Sambar Em po,11500,0,4,11500,200,FALSE,200
Essenciais de Cozinha,RRO Gergelim Dil Premium Gergelim Oleo Garrafa,17300,6,6,16200,500,FALSE,500
Essenciais de Cozinha,ITC Mestre Chef Vegetal Biryani Culinaria Pasta,7500,30,5,5200,80,FALSE,80
Essenciais de Cozinha,Jivana Rapadura,10000,0,2,10000,950,FALSE,950
Essenciais de Cozinha,Praakritik Organico Besan,17000,6,6,15900,500,FALSE,500
Essenciais de Cozinha,MTR Instantaneo Gulab Jamun Mistura,19500,9,6,17600,500,FALSE,500
Essenciais de Cozinha,Maggi Magico Cubos Extra Frango,19900,0,2,19900,240,FALSE,240
Essenciais de Cozinha,On1y Misto Ervas,9900,0,6,9900,14,FALSE,14
Essenciais de Cozinha,Popular Essenciais Urad Gola Preto (Un-Polished),8000,10,6,7200,500,FALSE,500
Essenciais de Cozinha,Gits Dessert Mistura China Grass Bombay Halwa,5500,0,4,5500,80,FALSE,80
Essenciais de Cozinha,Praakritik Organico Basmati Arroz,17000,0,5,17000,500,FALSE,500
Essenciais de Cozinha,Ceres Alimentos Nalli Nihari Instantaneo Liquido Masala,22000,50,6,11000,200,FALSE,200
Essenciais de Cozinha,Borges Canola Oleo Estimacao Garrafa,39900,0,6,39900,1000,FALSE,1
Essenciais de Cozinha,Suhana Biryani Masala,6600,0,6,6600,50,FALSE,50
Essenciais de Cozinha,On1y Preto Sal Moedor,9900,0,6,9900,100,FALSE,100
Essenciais de Cozinha,Popular Essenciais Nylon Gergelim,4000,2,6,3900,100,FALSE,100
Essenciais de Cozinha,Pillsbury Rico Choco Oven Bolo Mistura - Ovo Sem,17000,6,6,15900,270,FALSE,270
Essenciais de Cozinha,Weikfield Tomate Molho Instantaneo Macarrao,2500,0,1,2500,77,FALSE,77
Essenciais de Cozinha,Praakritik Organico Jowar Farinha de trigo integral,11000,6,6,10300,500,FALSE,500
Essenciais de Cozinha,Sem acucar Ouro Baixo Caloria Adocante ,27000,7,6,25100,50,FALSE,50
Essenciais de Cozinha,Epicurea Tailandesa Jasmim Arroz,29500,0,4,29500,500,FALSE,500
Essenciais de Cozinha,Yummiez Frango Alho Palitos Sache,25000,0,5,25000,400,FALSE,400
Essenciais de Cozinha,RRO Primio Refinado Amendoim (Jar),49000,11,6,43600,2000,FALSE,2
Essenciais de Cozinha,Praakritik Organico Tuvar Lentilha,14000,0,6,14000,500,FALSE,500
Essenciais de Cozinha,Sem acucar Ouro Baixo Caloria Adocante,18500,5,3,17500,300,FALSE,300
Essenciais de Cozinha,Cantina Feijao Mexicano Feijao,25000,14,6,21300,410,FALSE,410
Essenciais de Cozinha,Pillsbury Oven Bolo Mistura - Baunilha,17500,10,6,15600,225,FALSE,225
Essenciais de Cozinha,Hershey's Chocolate Leite Booster,20000,0,6,20000,450,FALSE,450
Essenciais de Cozinha,Popular Essenciais Byadagi Pimenta Stemless,8000,0,6,8000,100,FALSE,100
Essenciais de Cozinha,Suhana Tempero Mistura - Frango Biryani,6600,0,6,6600,50,FALSE,50
Essenciais de Cozinha,Praakritik Organico Amarelo Moon Lentilha,13500,0,6,13500,500,FALSE,500
Essenciais de Cozinha,Maggi Magico Cubos Extra Frango,19900,10,6,17900,240,FALSE,240
Essenciais de Cozinha,Dhara Filtrado Amendoim Oleo (Jar),105000,0,2,105000,5000,FALSE,5
Essenciais de Cozinha,24 Mantra Sona Masuri Marrom Arroz,47500,10,6,42300,5000,FALSE,5
Essenciais de Cozinha,24 Mantra Organico Pancharatna Lentilha - Partido,13000,7,6,12000,500,FALSE,500
Essenciais de Cozinha,24 Mantra Organico Cominho Em po,7000,0,6,7000,100,FALSE,100
Essenciais de Cozinha,Popular Essenciais Samba Broken Trigo,10000,11,6,8900,500,FALSE,500
Essenciais de Cozinha,Betty Crocker Chocolate Fudge Bolo Mistura,29500,0,6,29500,475,FALSE,475
Essenciais de Cozinha,Borges Extra Leve Oliva Oleo Garrafa ,260000,46,6,139900,2000,FALSE,2
Essenciais de Cozinha,Voador Bird Premium Laranja Artificial Alimento Essencia,6000,0,6,6000,20,FALSE,20
Essenciais de Cozinha,Popular Essenciais Vermelho Cherry/Gundu Pimenta,9500,0,6,9500,100,FALSE,100
Essenciais de Cozinha,Super Saver Kolam Arroz Sortex Limpo ,70000,10,3,63000,5000,FALSE,5
Essenciais de Cozinha,Voador Bird Alimento Essencia - Kewra,5000,0,6,5000,20,FALSE,20
Essenciais de Cozinha,MTR Vada Cafe da manha,20000,0,1,20000,500,FALSE,500
Essenciais de Cozinha,On1y Macarrao Tempero,9900,0,6,9900,30,FALSE,30
Essenciais de Cozinha,Praakritik Organico Indrayani Arroz,7000,0,6,7000,500,FALSE,500
Essenciais de Cozinha,On1y Pizza Tempero,9900,0,6,9900,28,FALSE,28
Essenciais de Cozinha,Kitchens de India Ervilha Paneer Mistura,12000,30,4,8400,285,FALSE,285
Essenciais de Cozinha,Aashirvaad Svasti Vaca Ghee Tetra Pacote,29500,0,6,29500,500,FALSE,500
Essenciais de Cozinha,Weikfield Cooker Bolo Mistura - Baunilha,9500,0,6,9500,150,FALSE,150
Essenciais de Cozinha,Praakritik Organico Kapli Trigo Farinha de trigo integral,16500,10,6,14700,1000,FALSE,1
Essenciais de Cozinha,Epicurea Sushi Arroz,29500,0,6,29500,500,FALSE,500
Essenciais de Cozinha,Sem acucar Natural Verde Stevia Folhas Zero Caloria,7500,0,2,7500,100,FALSE,100
Essenciais de Cozinha,Smith & Jones Italiano Temperos Masala Mistura,9900,0,6,9900,75,FALSE,75
Essenciais de Cozinha,Satyam Nighties Temperos Pimenta Bore,8900,10,6,8000,100,FALSE,100
Essenciais de Cozinha,Weikfield Vegetariano Geleia Cristais - Laranja,4500,2,6,4400,90,FALSE,90
Essenciais de Cozinha,Praakritik Organico Jumbo Rolled Aveia,19000,11,6,16900,500,FALSE,500
Essenciais de Cozinha,On1y Mar Sal Moedor,8900,0,6,8900,100,FALSE,100
Essenciais de Cozinha,Delicia Castanhas Berries Mistura ,39900,20,6,31900,200,FALSE,200
Essenciais de Cozinha,Everest Kesari Leite Masala,20500,0,6,20500,50,FALSE,20
Essenciais de Cozinha,Praakritik Organico Gengibre Em po,13900,10,6,12500,100,FALSE,100
Essenciais de Cozinha,Suhana Mutton Molho Mistura,4500,0,4,4500,80,FALSE,80
Essenciais de Cozinha,On1y Salada Tempero Moedor,13900,0,6,13900,45,FALSE,45
Essenciais de Cozinha,Figaro Puro Oliva Oleo,32500,8,1,29900,200,FALSE,200
Essenciais de Cozinha,Madhur Acucar,6000,6,0,5600,1000,TRUE,1
Essenciais de Cozinha,Amul Fresco Creme,6300,0,0,6300,250,TRUE,250
Essenciais de Cozinha,Madhur Puro E Hygienic Acucar,29500,9,0,26600,5000,TRUE,5
Essenciais de Cozinha,Satyam Poha Jada,3500,8,0,3200,500,TRUE,500
Essenciais de Cozinha,Aashirvaad Superior MP Integral Trigo Farinha de trigo integral,5300,1,0,5200,1000,TRUE,1
Essenciais de Cozinha,Fortune Soyabean Oleo,21000,13,0,18100,1000,TRUE,1
Essenciais de Cozinha,Maggi Masala Ae Magico,5800,6,0,5400,72,TRUE,72
Essenciais de Cozinha,Aashirvaad Iodised Sal ,2200,13,0,1900,1000,TRUE,1
Essenciais de Cozinha,Maggi 2-Minute Instantaneo Macarrao instantaneo - Masala,4400,0,0,4400,280,TRUE,280
Essenciais de Cozinha,Popular Essenciais Phool Makhana (Jumbo Size),15000,14,0,12800,100,TRUE,100
Essenciais de Cozinha,Aashirvaad Farinha de trigo integral Com Mutigrains,31500,8,0,28700,5000,TRUE,5
Essenciais de Cozinha,Tata Sampann Poha,4400,6,0,4100,500,TRUE,500
Essenciais de Cozinha,Fortune Besan Farinha,12000,0,0,12000,1000,TRUE,1
Essenciais de Cozinha,Popular Essenciais Toor Lentilha (Un-Polished),8000,7,0,7400,500,TRUE,500
Essenciais de Cozinha,Everest Tikhalal Picante & Vermelho Pimenta Em po,4700,2,0,4600,100,TRUE,100
Essenciais de Cozinha,Popular Essenciais Chia Sementes,5000,2,0,4900,100,TRUE,100
Essenciais de Cozinha,Tata Sampann Unpolished Toor Dal/Arhar Lentilha,17900,1,0,17700,1000,TRUE,200
Essenciais de Cozinha,Everest Coentro Em po,3200,3,0,3100,100,TRUE,100
Essenciais de Cozinha,Satyam Fino Poha Patla,3800,7,0,3500,500,TRUE,500
Essenciais de Cozinha,Popular Essenciais Sona Masouri Verde Arroz,7500,0,0,7500,1000,TRUE,1
Essenciais de Cozinha,Tata Sampann Alto Protien Grao de bico Lentilha - Partido,6400,0,0,6400,500,TRUE,500
Essenciais de Cozinha,Satyam Singdana ,11900,6,0,11100,500,TRUE,500
Essenciais de Cozinha,Tata Sampann Feijao mungo Chilka ,8800,6,0,8200,500,TRUE,500
Essenciais de Cozinha,Tata Sampann Alto Protien Toor Lentilha - Partido,9100,2,0,8900,500,TRUE,500
Essenciais de Cozinha,Ching's Chow Mein Hakka Macarrao instantaneo Masala,1000,0,0,1000,20,TRUE,20
Essenciais de Cozinha,Everest Chat Masala,6500,9,0,5900,100,TRUE,100
Essenciais de Cozinha,Popular Essenciais Preto Marrom Grao de bico (Un-Polished),5500,9,0,5000,500,TRUE,500
Essenciais de Cozinha,Dabur Gengibre Alho Pasta,5000,6,0,4700,200,TRUE,200
Essenciais de Cozinha,Ching's Segredo Vegetariano Hakka Macarrao instantaneo,10700,0,0,10700,600,TRUE,600
Essenciais de Cozinha,Saffola Aveia 100 % Natural,1500,0,0,1500,38,TRUE,38
Essenciais de Cozinha,Everest Kashmiri Lal Pimenta Em po,31000,10,0,27900,500,TRUE,500
Essenciais de Cozinha,Popular Essenciais Preto Raisins Seedless,6000,10,0,5400,100,TRUE,100
Essenciais de Cozinha,Daawat Rozana Super Basmati Arroz,7900,0,0,7900,1000,TRUE,1
Essenciais de Cozinha,Everest Cominho Em po (Jeera),3000,3,0,2900,50,TRUE,50
Essenciais de Cozinha,Everest Sambhar Masala,3400,2,0,3300,50,TRUE,50
Essenciais de Cozinha,Maggi Pimenta Chow Cuppa Macarrao instantaneo,5000,0,0,5000,70,TRUE,70
Essenciais de Cozinha,Popular Essenciais Mostarda Sementes Rai Grande,2000,0,0,2000,100,TRUE,100
Essenciais de Cozinha,Patanjali Cow's Ghee,56500,0,0,56500,1000,TRUE,1
Essenciais de Cozinha,Everest Amchur Em po,4200,2,0,4100,50,TRUE,50
Essenciais de Cozinha,Daawat Super Basmati Arroz,18500,8,0,16900,1000,TRUE,1
Essenciais de Cozinha,Popular Essenciais Sabudana,6000,10,0,5400,500,TRUE,500
Essenciais de Cozinha,Popular Essenciais Marrom Acucar,4000,0,0,4000,500,TRUE,500
Essenciais de Cozinha,Everest Coentro Em po,7000,10,0,6300,200,TRUE,200
Essenciais de Cozinha,Sunfeast Yippee! Magico Masala Macarrao instantaneo,4800,6,0,4500,240,TRUE,240
Essenciais de Cozinha,Tata Cha Ouro,3500,0,0,3500,100,TRUE,200
Essenciais de Cozinha,Daawat Rozana Ouro Basmati Arroz,9000,1,0,8900,1000,TRUE,1
Essenciais de Cozinha,Topo Ramen Masala,9100,9,0,8200,560,TRUE,560
Essenciais de Cozinha,Everest Acafrao da terra Em po,6700,10,0,6000,200,TRUE,200
Essenciais de Cozinha,Popular Essenciais Buckwheat Farinha (Kuttu Atta),12500,9,0,11300,500,TRUE,500
Essenciais de Cozinha,Keya Italiano Pizza Oregano,10900,11,0,9700,80,TRUE,80
Essenciais de Cozinha,Chef's Cesta Durum Trigo Penne Macarrao,16000,50,0,8000,500,TRUE,500
Essenciais de Cozinha,Tata Sampann Kala Grao de bico,12500,0,0,12500,1000,TRUE,1
Essenciais de Cozinha,India Gate Basmati Arroz,21000,0,0,21000,1000,TRUE,1
Essenciais de Cozinha,24 Mantra Organico Integral Trigo Farinha de trigo integral,6400,7,0,5900,1000,TRUE,1
Essenciais de Cozinha,Zorabian Frango Carne moida Parathas,19000,0,0,19000,300,TRUE,300
Essenciais de Cozinha,Sunfeast Macarrao Guloseima Pacote de Tomate Queijo,2800,17,0,2300,65,TRUE,65
Essenciais de Cozinha,Sugarlite 50% Less Calories Acucar Sache,9900,40,0,5900,500,TRUE,500
Essenciais de Cozinha,Popular Essenciais Sabja/Basil Sementes,6000,15,0,5100,100,TRUE,100
Essenciais de Cozinha,Patanjali Puro Mel,9500,0,0,9500,250,TRUE,250
Essenciais de Cozinha,Weikfield Falooda Mistura - Manga,4900,2,0,4800,200,TRUE,200
Essenciais de Cozinha,Pro Nature Organico Sonamasoori Marrom Arroz,10200,7,0,9400,1000,TRUE,1
Essenciais de Cozinha,Maggi Especial Masala Apimentado Saboroso Macarrao instantaneo,7200,0,0,7200,280,TRUE,280
Essenciais de Cozinha,Godrej Yummiez Frango Cafe da manha Salami,15000,4,0,14300,250,TRUE,250
Essenciais de Cozinha,Everest Saffron Kesar,12000,0,0,12000,1,TRUE,0
Salgadinhos,Maggi 2 Minuto Masala Macarrao instantaneo,1200,0,6,1200,70,FALSE,70
Salgadinhos,iD Idli & Dosa Batter ,8000,15,6,6800,1000,FALSE,1
Salgadinhos,Tata Sal,2400,0,6,2400,1000,FALSE,1
Salgadinhos,Arden Ovos Branco,9700,0,4,9700,696,FALSE,12
Salgadinhos,Arden Ovos Branco,6500,15,4,5500,348,FALSE,6
Salgadinhos,Fortune Sunlite Refinado Girassol (Pouch),23000,4,6,21900,1000,FALSE,1
Salgadinhos,Aashirvaad Superior MP Farinha de trigo integral,25000,2,6,24500,5000,FALSE,5
Salgadinhos,Amul Puro Ghee (Pouch),25500,2,6,24900,500,FALSE,500
Salgadinhos,Arden Ovos Marrom,8500,7,4,7900,348,FALSE,6
Salgadinhos,Tata Sal Light,4000,10,6,3600,1000,FALSE,1
Salgadinhos,Saffola Ouro Oleo (Pouch),21500,0,6,21500,1000,FALSE,1
Salgadinhos,Fortune Sunlite Refinado Girassol (Jar),92500,0,6,92500,5000,FALSE,5
Salgadinhos,Fortune Arroz Bran (Pouch),22500,11,6,19900,1000,FALSE,1
Salgadinhos,Saffola Ativo Oleo,21000,0,6,21000,1000,FALSE,1
Salgadinhos,Amul Puro Ghee (Pouch),50500,1,2,49900,1000,FALSE,1
Salgadinhos,Aashirvaad Farinha de trigo integral,46000,13,6,39900,10000,FALSE,10
Salgadinhos,Popular Essenciais Toor Lentilha (Un-Polished),16000,6,4,14900,1000,FALSE,1
Salgadinhos,Amul Ghee (Tin),52000,2,6,50900,1000,FALSE,1
Salgadinhos,Amul Fresco Creme,19700,3,3,19100,1000,FALSE,1
Salgadinhos,Popular Essenciais Puro Rapadura,5000,2,6,4900,450,FALSE,450
Salgadinhos,Aashirvaad Multigraos Farinha de trigo integral,6400,3,2,6200,1000,FALSE,1
Salgadinhos,Fortune Soyabean Oleo,100500,0,6,99900,5000,FALSE,5
Salgadinhos,Popular Essenciais Girassol Sementes,2500,0,6,2500,50,FALSE,50
Salgadinhos,Tata Sampann kabuli grao de bico,18500,1,4,18300,1000,FALSE,500
Salgadinhos,Dhara Amendoim Oleo (Pouch),23000,11,6,20300,1000,FALSE,1
Salgadinhos,Dhara Saude Refinado Sun Flower Oleo Pote,120000,18,6,98400,5000,FALSE,5
Salgadinhos,24 Mantra Organico Rapadura Em po,8000,15,6,6800,500,FALSE,500
Salgadinhos,Tata Sampann Alto Protien Kabuli Grao de bico,9400,0,1,9400,500,FALSE,500
Salgadinhos,Dhara Kachi Ghani Mostarda Oleo Pote,125000,8,6,114300,5000,FALSE,5
Salgadinhos,D'lecta Laticinio Creme,5400,5,6,5100,200,FALSE,200
Salgadinhos,Ching's Segredo Instantaneo Picante Alho Macarrao instantaneo,1500,0,3,1500,60,FALSE,60
Salgadinhos,Dabur Gengibre Alho Pasta,2500,8,3,2300,100,FALSE,100
Salgadinhos,Ching's Segredo Instantaneo Schezwan Macarrao instantaneo,1500,0,6,1500,60,FALSE,60
Salgadinhos,Gowardhan Ghee/Tuppa Pote,31500,1,6,30900,500,FALSE,500
Salgadinhos,Tata Sampann Unpolished Feijao mungo Lentilha ,9200,4,4,8800,500,FALSE,500
Salgadinhos,Aashirvaad Select Farinha de trigo integral,6400,0,6,6400,1000,FALSE,1
Salgadinhos,Popular Essenciais Misri Dana (Diamond Sugar) ,1500,0,4,1500,100,FALSE,100
Salgadinhos,Gowardhan Ghee Pote,59800,3,6,57900,1000,FALSE,1
Salgadinhos,Topo Ramen Macarrao instantaneo Curry Vegetariano Sache,2000,0,1,2000,70,FALSE,70
Salgadinhos,Popular Essenciais Refinado Acucar,6000,0,6,6000,1000,FALSE,1
Salgadinhos,Fortune Kachi Ghani Mostarda Oleo Garrafa,21600,7,6,19900,1000,FALSE,1
Salgadinhos,Saffola Vegetal Toque Masala Aveia,1500,0,6,1500,38,FALSE,38
Salgadinhos,Satyam Estourado Arroz Kurmura (R),2300,0,6,2300,200,FALSE,200
Salgadinhos,Quaker Aveia,7900,0,2,7900,400,FALSE,400
Salgadinhos,Aashirvaad Select Sharbati Farinha de trigo integral,31500,10,6,28300,5000,FALSE,5
Salgadinhos,Popular Essenciais Refinado Acucar,29500,10,6,26500,5000,FALSE,5
Salgadinhos,Gowardhan Vaca Ghee Sache,57900,10,6,52100,1000,FALSE,1
Salgadinhos,Dhara Nutrir Refinado Girassol Oleo Sache,21000,5,6,19900,1000,FALSE,1
Salgadinhos,Parachute Oleo ,4000,7,3,3700,100,FALSE,100
Salgadinhos,Popular Essenciais Simples Estourado Arroz (Murmura/Muri),1800,0,6,1800,100,FALSE,100
Salgadinhos,Amul Mithai Mate Condensed Adocado Leite,5600,3,4,5400,200,FALSE,200
Salgadinhos,Saffola Ouro (Jar),124000,0,6,124000,5000,FALSE,5
Salgadinhos,McCain Novo Mini Samosa com Queijo Pizza Estilo Recheio,12000,1,3,11800,240,FALSE,240
Salgadinhos,Fortune Arroz Bran Saude Oleo (Jar),105000,1,6,103900,5000,FALSE,5
Salgadinhos,Arden Desi Ovos,11000,13,4,9500,348,FALSE,6
Salgadinhos,Fortune Rozana Basmati Arroz,58500,21,6,46200,5000,FALSE,5
Salgadinhos,Fortune Biriyani Especial Basmati Arroz,17500,0,5,17500,1000,FALSE,1
Salgadinhos,Everest Garam Masala,7800,7,5,7200,100,FALSE,100
Salgadinhos,Popular Essenciais Abobora Sementes,9000,16,6,7500,100,FALSE,100
Salgadinhos,Fortune Soya Saude Refinado Soybean Oleo,21000,1,2,20600,1000,FALSE,1
Salgadinhos,Gowardhan Puro Ghee Sache,29500,4,6,28100,500,FALSE,500
Salgadinhos,Popular Essenciais Jeera/Cumin Sementes,4000,5,3,3800,100,FALSE,100
Salgadinhos,Weikfield Baking Soda,3000,3,6,2900,100,FALSE,100
Salgadinhos,Everest Pao Bhaji Masala,3700,10,4,3300,50,FALSE,50
Salgadinhos,Tata Sampann Unpolished Grao de bico Lentilha,9500,6,2,8900,1000,FALSE,500
Salgadinhos,Amul Mithai Mate EOE Tin,11200,2,6,10900,400,FALSE,400
Salgadinhos,Pillsbury Chakki Fresco Farinha de trigo integral,45000,16,6,37500,10000,FALSE,10
Salgadinhos,Everest Frango Masala,3900,2,1,3800,50,FALSE,50
Salgadinhos,Dhara Life Refinado Ricebran Oleo (Pouch),20500,7,6,19000,1000,FALSE,1
Salgadinhos,Borges Extra Extra virgem Oliva Oleo,40000,25,1,29900,250,FALSE,250
Salgadinhos,Everest Shahi Biryani Masala,7000,14,6,6000,50,FALSE,50
Salgadinhos,Popular Essenciais Californian Amendoa,35000,28,6,25100,250,FALSE,250
Salgadinhos,Popular Essenciais Ajwain Integral,2500,0,4,2500,50,FALSE,50
Salgadinhos,Everest Tikhalal Pimenta Em po,23500,9,6,21200,500,FALSE,500
Salgadinhos,Popular Essenciais Kabuli Grao de bico Regular,8500,9,6,7700,500,FALSE,500
Salgadinhos,Pillsbury Chakki Fresco Farinha de trigo integral,5200,0,4,5200,1000,FALSE,1
Salgadinhos,Popular Essenciais Saunf/Fennel Sementes,4500,2,6,4400,100,FALSE,100
Salgadinhos,Popular Essenciais Bansi Sooji,3500,2,3,3400,500,FALSE,500
Salgadinhos,Happilo Premium Internacional Queen Kalmi Tamaras,24500,29,6,17200,200,FALSE,200
Salgadinhos,Tata Sampann Unpolished Urad Integral,10100,6,4,9400,500,FALSE,500
Salgadinhos,Popular Essenciais Castanha de caju Partido,32500,12,6,28300,250,FALSE,250
Salgadinhos,Popular Essenciais Grao de bico Lentilha (Un-Polished),6000,10,6,5400,500,FALSE,500
Salgadinhos,Tata Sampann Unpolished Feijao vermelho (Chitra),13400,6,6,12500,500,FALSE,500
Salgadinhos,Everest Garam Masala,4200,2,2,4100,50,FALSE,50
Salgadinhos,Everest Cozinha King Masala,7000,14,2,6000,100,FALSE,100
Salgadinhos,24 Mantra Organico Cominho,7000,7,2,6500,100,FALSE,100
Salgadinhos,Nestle Milkmaid,13200,3,6,12800,400,FALSE,400
Salgadinhos,Popular Essenciais Sona Masouri Steam Arroz,6500,9,6,5900,1000,FALSE,1
Salgadinhos,24 Mantra Organico Tur Lentilha,26000,20,6,20800,1000,FALSE,1
Salgadinhos,Gits Gulab Jamun Instantaneo Dessert Mistura,9900,10,6,8900,200,FALSE,200
Salgadinhos,Popular Essenciais Preto Lentilha vermelha Integral (Un-Polished),6500,10,3,5800,500,FALSE,500
Salgadinhos,24 Mantra Organico Peanuts,13500,7,1,12500,500,FALSE,500
Salgadinhos,Everest Hingraj Em po,9000,10,2,8100,50,FALSE,50
Salgadinhos,Everest Preto Pimentao Em po,13500,14,6,11500,100,FALSE,100
Salgadinhos,Tata Sampann Lentilha vermelha Lentilha Stand,15000,10,4,13400,1000,FALSE,1
Salgadinhos,24 Mantra Organico Besan,9500,7,5,8800,500,FALSE,500
Salgadinhos,Quaker Aveia,19900,7,6,18400,1000,FALSE,1
Salgadinhos,Saffola Ouro Refinado Culinaria Oleo (Jar),48500,7,6,44900,2000,FALSE,2
Salgadinhos,Nestle Do dia a dia Laticinio Clareador,21000,0,4,21000,400,FALSE,400
Salgadinhos,24 Mantra Organico Vermelho Poha,7500,8,1,6900,500,FALSE,500
Salgadinhos,Everest Em po - Cha Masala,9800,9,5,8900,100,FALSE,100
Salgadinhos,Tata Sampann Urad Lentilha Partido,9400,4,6,9000,500,FALSE,500
Salgadinhos,Popular Essenciais Idli Sooji ,3000,6,6,2800,500,FALSE,500
Salgadinhos,Popular Essenciais Dessicated Coco,9500,9,6,8600,200,FALSE,200
Salgadinhos,Sunfeast Yippee! Mood Masala Macarrao instantaneo,6000,28,3,4300,260,FALSE,260
Salgadinhos,Chef's Cesta Durum Trigo Elbow Macarrao,16000,50,6,8000,500,FALSE,500
Salgadinhos,MTR Cafe da manha Azedo Doce Poha Mistura,2500,20,6,2000,60,FALSE,60
Salgadinhos,Satyam Khobra,11300,10,5,10100,200,FALSE,200
Salgadinhos,Betty Crocker Complete Panqueca Mistura Original,11000,4,6,10500,250,FALSE,500
Salgadinhos,Borges Durum Trigo Fusilli Macarrao ,25000,0,3,25000,500,FALSE,500
Salgadinhos,24 Mantra Organico Verde Feijao mungo Lentilha - Partido,13500,0,2,13500,500,FALSE,500
Salgadinhos,Weikfield Baunilha Com sabor Custard Em po,3700,0,6,3700,100,FALSE,100
Salgadinhos,Tata Sampann Feijao mungo Lentilha Partido,18000,1,5,17800,1000,FALSE,200
Salgadinhos,Tata Sampann Kala Grao de bico,6400,0,5,6400,500,FALSE,500
Salgadinhos,Saffola Soya Chunks Mealmaker,5000,0,2,5000,200,FALSE,200
Salgadinhos,24 Mantra Bura Acucar (Demerara),8000,10,6,7200,500,FALSE,500
Salgadinhos,Popular Essenciais Verde Cardamom (Elaichi),20000,1,6,19800,50,FALSE,50
Salgadinhos,Hershey's Xarope Delicioso Morango,9500,0,1,9500,200,FALSE,200
Salgadinhos,Popular Essenciais Anjeer,19000,11,4,16900,100,FALSE,100
Salgadinhos,Popular Essenciais Mostarda Sementes Rai Pequeno,2000,0,2,2000,100,FALSE,100
Salgadinhos,Weikfield Baking Em po,3300,3,6,3200,100,FALSE,100
Salgadinhos,Dabur Mel Squeezy,18500,9,6,16700,225,FALSE,225
Salgadinhos,Tata Sampann Alto Proteina Kali Urad,9100,14,6,7800,500,FALSE,500
Salgadinhos,Everest Cozinha King Masala,3700,2,6,3600,50,FALSE,50
Salgadinhos,Chef's Cesta Durum Trigo Fusilli Macarrao,16000,50,6,8000,500,FALSE,500
Salgadinhos,TilSona Gergelim Oleo,18000,10,2,16200,500,FALSE,500
Salgadinhos,Topo Ramen Frango Macarrao instantaneo,6000,10,1,5400,280,FALSE,280
Salgadinhos,Everest Chaat Masala,3500,2,1,3400,50,FALSE,50
Salgadinhos,Keya Wonder Vermelho Picante Pimenta Flocos,8900,10,2,8000,40,FALSE,40
Salgadinhos,Popular Essenciais Branco Ervilhas (Un-Polished),8000,10,5,7200,500,FALSE,500
Salgadinhos,Ching’s Segredo Chow mein Hakka Macarrao instantaneo Masala ,4400,0,2,4400,60,FALSE,60
Salgadinhos,Dhara Filtrado Amendoim Oleo (Jar),105000,1,6,103500,5000,FALSE,5
Salgadinhos,Pillsbury Choco Chip Panqueca Mistura,9900,5,6,9400,165,FALSE,165
Salgadinhos,Hershey's Caramel Xarope,23000,0,1,23000,623,FALSE,623
Salgadinhos,Pillsbury Multi Grao Farinha de trigo integral,6000,6,3,5600,1000,FALSE,1
Salgadinhos,McCain Novo Mini Samosa com Queijo Milho Estilo Recheio,12000,1,2,11800,240,FALSE,240
Salgadinhos,Satyam Estourado Arroz Kurmura (A),4300,0,6,4300,200,FALSE,200
Salgadinhos,MTR 3 Min Poha,2500,0,6,2500,60,FALSE,60
Salgadinhos,Ching's Manchurian Instantaneo Macarrao instantaneo,1500,0,5,1500,60,FALSE,60
Salgadinhos,Everest Pao Bhaji Masala,7000,0,2,7000,100,FALSE,100
Salgadinhos,Hershey's Chocolate Sabor Xarope,22000,6,6,20500,623,FALSE,680
Salgadinhos,Popular Essenciais Dhania (Coriander Seeds),5500,16,4,4600,200,FALSE,200
Salgadinhos,24 Mantra Vermelho Pimenta Integral,7000,7,1,6500,100,FALSE,100
Salgadinhos,Dabur Mel - World's No.1,12000,0,6,12000,250,FALSE,250
Salgadinhos,24 Mantra Organico Estourado Arroz,4000,2,6,3900,200,FALSE,200
Salgadinhos,24 Mantra Organico Trigo Daliya ,4800,2,2,4700,500,FALSE,500
Salgadinhos,24 Mantra Organico Ragi Farinha,6500,20,4,5200,500,FALSE,500
Salgadinhos,Popular Essenciais Cinnamon Integral (Dalchini),3500,5,6,3300,25,FALSE,25
Salgadinhos,Sundrop Super Light Avancado - Girassol Oleo,21500,0,4,21500,1000,FALSE,1
Salgadinhos,Pillsbury Atta/Godihittu - Chakki Fresco,10200,7,4,9400,2000,FALSE,2
Salgadinhos,Popular Essenciais Verde Feijao mungo Chilka/Chilka (Un-Polished),8500,7,5,7900,500,FALSE,500
Salgadinhos,Popular Essenciais HMT Kolam Steam,7500,0,3,7500,1000,FALSE,1
Salgadinhos,Popular Essenciais Preto Urad Partido,8000,10,4,7200,500,FALSE,500
Salgadinhos,Keya Oregano,10900,10,5,9800,9,FALSE,9
Salgadinhos,Popular Essenciais Rosa Feijao vermelho,10000,10,6,9000,500,FALSE,500
Salgadinhos,Everest Frango Masala,7400,2,6,7200,100,FALSE,100
Salgadinhos,Popular Essenciais HMT Kolam Steam,37000,10,6,33300,5000,FALSE,5
Salgadinhos,Everest Shahi Paneer Masala,4200,4,5,4000,50,FALSE,50
Salgadinhos,Godrej Yummiez Frango Nuggets,32500,9,1,29300,500,FALSE,500
Salgadinhos,Voador Bird Baunilha Essencia,3500,2,6,3400,20,FALSE,20
Salgadinhos,Everest Sabji Masala,3000,3,6,2900,50,FALSE,50
Salgadinhos,Popular Essenciais Californian Amendoa,69500,32,6,47000,500,FALSE,500
Salgadinhos,Cornitos Cornitos Taco Shells - 4 Inches,11000,20,6,8800,80,FALSE,80
Salgadinhos,Everest Feijao vermelho Masala,3300,3,5,3200,50,FALSE,50
Salgadinhos,Popular Essenciais Branco Gergelim,4000,5,1,3800,100,FALSE,100
Salgadinhos,Amul Meio amargo Compound Chocolate Slab,12500,2,6,12200,500,FALSE,500
Salgadinhos,Maes Receita Papad Grao de bico Masala,7900,10,6,7100,200,FALSE,200
Salgadinhos,Ching's Schezwan Masala Instantaneo Macarrao instantaneo,6000,0,1,6000,240,FALSE,240
Salgadinhos,Amul Leite Compound Chocolate Slab,11000,2,6,10700,500,FALSE,500
Salgadinhos,Eastern Frango Masala,7000,7,3,6500,100,FALSE,100
Salgadinhos,Popular Essenciais Feno-grego Sementes,2500,0,5,2500,100,FALSE,100
Salgadinhos,Saffola Saboroso Masala Macarrao instantaneo ,2000,0,2,2000,46,FALSE,46
Salgadinhos,Cadbury Picante Chocolate,17500,5,6,16600,200,FALSE,200
Salgadinhos,Ching's Frango Pimenta Masala,1000,0,6,1000,20,FALSE,20
Salgadinhos,Dabur Keora agua - Autentico sabor para Biryani's e Desserts,6200,6,6,5800,250,FALSE,250
Salgadinhos,Popular Essenciais Preto Cardamom/Elaichi ,10000,10,6,9000,50,FALSE,50
Salgadinhos,Popular Essenciais Idli Arroz,6000,10,4,5400,1000,FALSE,1
Salgadinhos,Everest Chole Masala,3300,3,1,3200,50,FALSE,50
Salgadinhos,Dabur Caseiro Tamarindo Pasta,4800,6,6,4500,200,FALSE,200
Salgadinhos,"Maggi Magico Cubes, Vegetariano Masala (Free 2 Cubos Inside)",3500,2,6,3400,48,FALSE,48
Salgadinhos,Popular Essenciais Culinaria Soda,3000,10,6,2700,200,FALSE,200
Salgadinhos,RRO Primio Refinado Amendoim Oleo Estimacao Garrafa,25500,6,2,23900,1000,FALSE,1
Salgadinhos,Everest Pani Puri Masala,3100,3,6,3000,50,FALSE,50
Salgadinhos,Nissin Copo Macarrao instantaneo Acidinho Tomate,5000,10,2,4500,70,FALSE,70
Salgadinhos,Ching's Vegetariano Manchurian Masala,1000,0,2,1000,20,FALSE,20
Salgadinhos,Ceres Alimentos Peixe Mostarda Instantaneo Liquido Masala,22000,50,6,11000,200,FALSE,200
Salgadinhos,Everest Garam Masala,15800,10,6,14200,200,FALSE,200
Salgadinhos,24 Mantra Organico Jowar Farinha,7000,7,6,6500,500,FALSE,500
Salgadinhos,Maggi Coco Milkpowder,10000,0,6,10000,100,FALSE,100
Salgadinhos,On1y Pimentao Moedor,15900,9,1,14400,50,FALSE,50
Salgadinhos,Popular Essenciais Arroz Farinha,6000,0,3,6000,1000,FALSE,1
Salgadinhos,Sunfeast Yippee! Macarrao Guloseima - Azedo Creme Cebola,2800,10,1,2500,65,FALSE,65
Salgadinhos,24 Mantra Organico Marrom Sona Masoori Arroz,9500,0,6,9500,1000,FALSE,1
Salgadinhos,Happilo Premium Afghani Anjeer,36500,29,2,25600,200,FALSE,200
Salgadinhos,Popular Essenciais Chiroti Sooji,3500,2,6,3400,500,FALSE,500
Salgadinhos,RRO Gergelim Dil Premium Gergelim Oleo Garrafa,33000,10,5,29400,1000,FALSE,1
Salgadinhos,Popular Essenciais Vermelho Feijao vermelho,9000,10,6,8100,500,FALSE,500
Salgadinhos,Cornitos Amendoim - Premium Salgado ,12000,10,6,10800,150,FALSE,150
Salgadinhos,Popular Essenciais Preto Pimentao,10000,10,5,9000,100,FALSE,100
Salgadinhos,24 Mantra Organico Tur Lentilha - Partido,13000,7,6,12000,500,FALSE,500
Salgadinhos,Sem acucar Ouro Baixo Caloria Adocante,6500,6,3,6100,110,FALSE,100
Salgadinhos,Ching's Segredo Paneer Pimenta Masala,1000,0,2,1000,20,FALSE,20
Salgadinhos,Dabur Mel ,22000,7,3,20400,500,FALSE,500
Salgadinhos,Sunfeast Yippee! Macarrao Guloseima - Azedo Creme Cebola,2800,17,3,2300,65,FALSE,65
Salgadinhos,Everest Cha Masala,5500,9,2,5000,50,FALSE,50
Salgadinhos,Ching's Paneer Pimenta Masala,4400,0,4,4400,60,FALSE,60
Salgadinhos,Sunfeast YiPPee! Magico Masala Macarrao instantaneo,7000,10,3,6300,405,FALSE,405
Salgadinhos,Everest Carne Masala Em po,7400,9,3,6700,100,FALSE,100
Salgadinhos,Pillsbury Farinha de trigo integral Com Multigrains Trigo Graos,29500,16,6,24500,5000,FALSE,5
Salgadinhos,Mother's Receita Tamarindo Pasta,5000,2,6,4900,200,FALSE,200
Salgadinhos,Quaker Aveia Cafe da manha Cereais - Com Sabor Mistura Nutritious Rico Source De Energia,4900,8,6,4500,200,FALSE,200
Salgadinhos,Popular Essenciais Cloves (Lavang),7500,17,6,6200,50,FALSE,50
Salgadinhos,Sunfeast Yippee! Poder Para cima Farinha de trigo integral Macarrao instantaneo,9600,15,6,8100,280,FALSE,280
Salgadinhos,Suhana Paneer Tikka Masala Mistura,4000,5,6,3800,50,FALSE,50
Salgadinhos,24 Mantra Acafrao da terra Em po,3500,2,6,3400,100,FALSE,100
Salgadinhos,24 Mantra Super Grao Quinoa,19000,0,4,19000,500,FALSE,500
Salgadinhos,Everest Em po - Ovo Curry Masala,4000,2,6,3900,50,FALSE,50
Salgadinhos,Popular Essenciais Pe Shah Cominho ,6000,15,6,5100,50,FALSE,50
Salgadinhos,24 Mantra Organico Sattu Farinha de trigo integral,9500,0,6,9500,500,FALSE,500
Salgadinhos,Smith & Jones Macarrao Masala,4600,0,6,4600,54,FALSE,54
Salgadinhos,Weikfield Baunilha Custard Em po,14200,9,3,12800,500,FALSE,500
Salgadinhos,Sem acucar Natura Baixo Caloria Adocante ,30000,10,3,27000,42,FALSE,42
Salgadinhos,Pillsbury Baunilha Custard Em po,3700,2,6,3600,100,FALSE,100
Salgadinhos,24 Mantra Organico Feijao vermelho,14500,0,6,14500,500,FALSE,500
Salgadinhos,Popular Essenciais Broken Wheat/Daliya,3500,2,6,3400,500,FALSE,500
Salgadinhos,Zorabian Frango Smoked Ham,20500,5,1,19400,250,FALSE,250
Salgadinhos,Smith & Jones Peri Peri Masala,9900,0,6,9900,75,FALSE,75
Salgadinhos,Saffola Vegetal Toque Masala Aveia,19500,12,2,17100,500,FALSE,500
Salgadinhos,Popular Essenciais Urad Lentilha Partido (Un-Polished),8500,9,5,7700,500,FALSE,500
Salgadinhos,Weikfield Baking Em po,2200,0,6,2200,50,FALSE,50
Salgadinhos,Popular Essenciais Bajra Integral,6500,13,6,5600,1000,FALSE,1
Salgadinhos,Weikfield Vegetariano Geleia Cristais - Morango,4500,2,6,4400,90,FALSE,90
Salgadinhos,Weikfield Vegetariano Geleia Cristais - Raspberry,4500,2,6,4400,90,FALSE,90
Salgadinhos,Popular Essenciais Lentilha vermelha Lentilha Partido (Un-Polished),7000,10,4,6300,500,FALSE,500
Salgadinhos,Popular Essenciais Ajwain Integral,5000,12,2,4400,100,FALSE,100
Salgadinhos,Popular Essenciais Pistache Salgado (With Shell),47000,21,5,37100,250,FALSE,250
Salgadinhos,Assar Loja Pao Crumbs,5000,6,3,4700,400,FALSE,400
Salgadinhos,Popular Essenciais Horse Grama,4000,10,4,3600,500,FALSE,500
Salgadinhos,Hershey's Chocolate Xarope,9500,0,4,9500,200,FALSE,200
Salgadinhos,Godrej Yummiez Pimenta Frango Linguicas ,16000,10,3,14400,250,FALSE,250
Salgadinhos,Everest Kasuri Feno-grego,2500,0,6,2500,25,FALSE,25
Salgadinhos,Satyam Makhana,20800,0,6,20800,100,FALSE,100
Salgadinhos,Everest Tandoori Frango Masala,3900,2,5,3800,50,FALSE,50
Salgadinhos,Weikfield Falooda Mistura - Kesar Pistache,4900,2,3,4800,200,FALSE,200
Salgadinhos,Weikfield Cacau Em po,7000,7,6,6500,50,FALSE,50
Salgadinhos,Pantai Coco Creme,15000,4,4,14300,400,FALSE,400
Salgadinhos,Popular Essenciais Coentro Sementes,1500,0,5,1500,50,FALSE,50
Salgadinhos,Ching's Singapura Curry Instantaneo Macarrao instantaneo,6000,0,4,6000,240,FALSE,240
Salgadinhos,Eastern Peixe Masala,4800,2,5,4700,100,FALSE,100
Salgadinhos,Pillsbury Atta/Godihittu - Chakki Fresco,27500,0,6,27500,5000,FALSE,5
Salgadinhos,"Oleev Smart Oleo Fortificado com VIT A, D, E & K (Pouch)",21500,9,4,19400,1000,FALSE,1
Salgadinhos,Everest Seco Gengibre Em po,7500,9,4,6800,100,FALSE,100
Salgadinhos,Pillsbury Cooker Bolo Mistura - Choco,10000,11,6,8900,159,FALSE,159
Salgadinhos,Hersheys Chocolate Amendoa Xarope,20000,0,2,20000,450,FALSE,450
Salgadinhos,Satyam Nighties Temperos Pimenta Pandi,5600,7,5,5200,100,FALSE,100
Salgadinhos,Popular Essenciais Popular Essential Pistache Salgado (With Shell),19000,10,6,17100,100,FALSE,100
Salgadinhos,Godrej Yummiez Frango Punjabi Tikka ,29500,9,6,26600,360,FALSE,360
Salgadinhos,Popular Essenciais Rozana Sona Masuri Verde Arroz,35000,10,5,31200,5000,FALSE,5
Salgadinhos,24 Mantra Mostarda Oleo (Cold Pressed) ,35000,10,6,31200,1000,FALSE,1
Salgadinhos,24 Mantra Organico Preto Pimentao,17000,7,6,15700,100,FALSE,100
Salgadinhos,Popular Essenciais Verde Feijao mungo Integral,9000,16,3,7500,500,FALSE,500
Salgadinhos,24 Mantra Organico Lentilha vermelha Lentilha - Partido,9500,7,6,8800,500,FALSE,500
Salgadinhos,Praakritik Organico Natural Rock Sal,6000,6,3,5600,500,FALSE,500
Salgadinhos,24 Mantra Girassol Oleo (Cold Pressed) Estimacao Garrafa,39000,11,5,34700,1000,FALSE,1
Salgadinhos,"Ching's Segredo Instantaneo Noodles, Picante Alho",6000,0,4,6000,240,FALSE,240
Salgadinhos,Saffola Do dia a dia Peppy Tomate Masala Aveia,19500,12,6,17100,500,FALSE,500
Salgadinhos,Dabur 100% Puro Mel - Worlds No.1,43000,10,6,38700,1000,FALSE,1
Salgadinhos,Popular Essenciais Star Anise,7000,10,5,6300,25,FALSE,25
Salgadinhos,Ching's Segredo Frango 65 Masala - Frango,1000,0,5,1000,20,FALSE,20
Salgadinhos,Cadbury Cacau Em po,22300,5,6,21100,150,FALSE,150
Salgadinhos,Praakritik Natural Desi Gir Vaca A2 Ghee,145000,10,6,130500,540,FALSE,540
Salgadinhos,Praakritik Organico Poha,12000,6,5,11200,500,FALSE,500
Salgadinhos,Praakritik Organico Natural Wild Forest Mel,16000,6,4,15000,200,FALSE,200
Salgadinhos,Popular Essenciais Seco Tamaras (Kharak),14000,15,6,11800,250,FALSE,250
Salgadinhos,Popular Essenciais Kashmiri Vermelho Feijao vermelho,9500,6,4,8900,500,FALSE,500
Salgadinhos,Dabur Caseiro - Alho Pasta,5000,6,6,4700,200,FALSE,200
Salgadinhos,Dabur 100% Puro Mel,33000,10,1,29700,400,FALSE,400
Salgadinhos,Ching's Schezwan Frito Rice(Miracle Masala),4400,0,5,4400,60,FALSE,60
Salgadinhos,"Maggi Magico Cubes, Vegetariano Masala",3500,2,1,3400,40,FALSE,40
Salgadinhos,Everest Tandoori Frango Masala,7400,9,3,6700,100,FALSE,100
Salgadinhos,Popular Essenciais Vermelho Poha,4500,4,6,4300,500,FALSE,500
Salgadinhos,Everest Cozinha King Masala,14200,9,6,12800,200,FALSE,200
Salgadinhos,Pillsbury Oven Bolo Mistura - Rico Chocolate,16500,10,5,14700,285,FALSE,285
Salgadinhos,Eastern Super Garam Masala,7400,6,2,6900,200,FALSE,200
Salgadinhos,Maggi Magico Cubos Extra Frango,4000,2,6,3900,48,FALSE,48
Salgadinhos,Satyam Nighties Temperos Pimenta Kashmiri,10200,6,6,9500,100,FALSE,100
Salgadinhos,Eastern Cominho Em po,4900,2,6,4800,100,FALSE,100
Salgadinhos,Popular Essenciais Urad Gola White(Un-Polished),9000,10,6,8100,500,FALSE,500
Salgadinhos,24 Mantra Organico Grao de bico Lentilha,9500,6,5,8900,500,FALSE,500
Salgadinhos,Delicia Castanhas Castanha de caju Torrado & Salgado,42500,20,6,34000,200,FALSE,200
Salgadinhos,Popular Essenciais Mace/Javitri,9000,10,3,8100,20,FALSE,20
Salgadinhos,Dlicia Whip Topping Garrafa,23500,27,5,17100,1000,FALSE,1
Salgadinhos,Mother's Receita Pasta Gengibre & Alho,7600,10,4,6800,300,FALSE,300
Salgadinhos,24 Mantra Amendoim Oleo (Cold Pressed) Estimacao Garrafa,41000,10,6,36900,1000,FALSE,1
Salgadinhos,Satyam Pulses Masur Lentilha,8700,6,6,8100,500,FALSE,500
Salgadinhos,Delicia Castanhas Pistache Torrado & Salgado,42500,20,6,34000,200,FALSE,200
Salgadinhos,"Topo Ramen Noodles, Farinha de trigo integral",8000,0,1,8000,280,FALSE,280
Salgadinhos,Hershey's Cacau Em po,9500,0,5,9500,70,FALSE,70
Salgadinhos,Praakritik Organico Singhara Farinha de trigo integral,24000,6,4,22500,500,FALSE,500
Salgadinhos,Gits Vegetariano Biryani Pronto para Comer,11000,10,6,9900,265,FALSE,265
Salgadinhos,Delicia Castanhas Cranberries Fatiado ,29900,20,6,23900,200,FALSE,200
Salgadinhos,Borges Durum Trigo Macarrao Superior Quality,25000,40,6,14900,500,FALSE,500
Salgadinhos,Ceres Alimentos Laal Maas Instantaneo Liquido Masala,22000,50,5,11000,200,FALSE,200
Salgadinhos,Popular Essenciais Sattu Farinha de trigo integral,9000,12,3,7900,500,FALSE,500
Salgadinhos,Popular Essenciais Mostarda Sementes Rai Amarelo,2500,0,5,2500,100,FALSE,100
Salgadinhos,Praakritik Organico Extra Extra virgem Coco Oleo,15000,10,5,13400,100,FALSE,100
Salgadinhos,Praakritik Organico Alho Em po,11000,1,5,10800,100,FALSE,100
Salgadinhos,Sem acucar Ouro Baixo Caloria Adocante ,12500,5,6,11800,100,FALSE,100
Salgadinhos,Aashirvaad Cafe da manha Instantaneo Mistura - Arroz Idli,7500,30,6,5200,200,FALSE,200
Salgadinhos,Kitchens De India Ervilha Paneer,13000,4,6,12400,285,FALSE,285
Salgadinhos,Ching's Segredo Vegetariano Manchurian Masala,4400,0,6,4400,60,FALSE,60
Salgadinhos,Popular Essenciais Jowa Farinha,5000,2,5,4900,500,FALSE,500
Salgadinhos,Everest Shahi Biryani Masala,24500,0,6,24500,200,FALSE,200
Salgadinhos,Popular Essenciais Preto Gergelim,5000,6,4,4700,100,FALSE,100
Salgadinhos,Popular Essenciais Pancharatna Lentilha,8000,10,6,7200,500,FALSE,500
Salgadinhos,Saffola 100% Puro Mel,47500,8,2,43700,1000,FALSE,750
Salgadinhos,Popular Essenciais Tamarindo,15000,14,6,12800,500,FALSE,500
Salgadinhos,Gits Arroz Dosa Instantaneo Cafe da manha Mistura,6000,5,5,5700,200,FALSE,200
Salgadinhos,Popular Essenciais Poppy Sementes (Gasagase),28000,7,6,26000,100,FALSE,100
Salgadinhos,Hershey's Picante Chocolate Em po,21000,0,4,21000,250,FALSE,250
Salgadinhos,Borges Farfalle Durum Trigo Macarrao ,25000,0,5,25000,500,FALSE,500
Salgadinhos,Satyam Pimenta Bedgi,8200,10,5,7300,100,FALSE,100
Salgadinhos,Aashirvaad Instantaneo Mistura - Arroz Dosa,7500,30,6,5200,200,FALSE,200
Salgadinhos,Hershey's Cacau - Natural Sem acucar,27000,10,4,24300,225,FALSE,225
Salgadinhos,Weikfield Vegetariano Geleia Cristais - Manga,4500,2,6,4400,90,FALSE,90
Salgadinhos,Praakritik Orrganic Frio Prensado Sesame Oleo,13000,10,5,11700,100,FALSE,100
Salgadinhos,Amulya Laticinio Clareador ,38000,2,4,37200,1000,FALSE,1
Salgadinhos,ITC Mestre Chef Hyderabadi Biryani,7500,30,5,5200,80,FALSE,80
Salgadinhos,Voador Bird Manteiga Esponja Essencia,5000,2,6,4900,20,FALSE,20
Salgadinhos,Dabur Caseiro - Gengibre Pasta,5000,6,6,4700,200,FALSE,200
Salgadinhos,Popular Essenciais Verde Ervilhas (Un-Polished),12000,10,5,10800,500,FALSE,500
Salgadinhos,Quaker Aveia Sache,27600,10,6,24800,1500,FALSE,1
Salgadinhos,24 Mantra Organico Urad Branco Integral,14500,15,4,12200,500,FALSE,500
Salgadinhos,Popular Essenciais Guntur Pimenta Stemless,4000,2,2,3900,100,FALSE,100
Salgadinhos,Popular Essenciais Moth Integral,9000,10,6,8100,500,FALSE,500
Salgadinhos,Keya Pizza Tempero,10900,17,6,9000,45,FALSE,45
Salgadinhos,Keya Piri Piri | Exotic Temperos Mistura,10900,20,6,8700,80,FALSE,80
Salgadinhos,24 Mantra Organico Feijao mungo Lentilha,13500,7,6,12500,500,FALSE,500
Salgadinhos,Betty Crocker Francesa Baunilha Bolo Mistura,31000,10,6,27600,520,FALSE,520
Salgadinhos,Delicia Castanhas Dried Cranberries ,34000,20,6,27200,200,FALSE,200
Salgadinhos,Everest Kesari Leite Masala,20500,0,2,20500,50,FALSE,50
Salgadinhos,Tong Garden Salgado Cocktail Castanhas,29500,9,5,26600,160,FALSE,160
Salgadinhos,MTR Uttapam Mistura,16500,5,6,15600,500,FALSE,500
Salgadinhos,Gits Khaman Dhokla Instantaneo Lanche Mistura,6500,6,6,6100,180,FALSE,180
Salgadinhos,Happilo Premium 100% Natural Integral Cashews,33500,29,6,23500,200,FALSE,200
Salgadinhos,Everest Seco Manga Em po,8000,0,5,8000,100,FALSE,100
Salgadinhos,Dabur Caseiro - Gengibre Alho Past Tub,11000,5,6,10400,400,FALSE,400
Salgadinhos,Everest Frango Masala,14700,10,6,13200,200,FALSE,200
Salgadinhos,Gits Medu Vada Instantaneo Lanche Mistura,9000,4,6,8600,200,FALSE,200
Salgadinhos,Weikfield Drinking Chocolate Em po,6500,10,6,5800,100,FALSE,100
Salgadinhos,Popular Essenciais Regular Branco Lobia,7000,10,6,6300,500,FALSE,500
Salgadinhos,Puro Healthy Sal Crystal,13500,7,6,12500,1000,FALSE,1
Salgadinhos,Popular Essenciais Premium Cominho Arroz,14000,0,5,14000,1000,FALSE,1
Salgadinhos,Smith & Jones Shahi Paneer Masala Mistura,4400,0,6,4400,60,FALSE,60
Salgadinhos,Betty Crocker Mug Treats - Chocolate Mistura - Pacote de 4,20000,11,6,17800,264,FALSE,264
Salgadinhos,Smith & Jones Macarrao Masala,6000,10,5,5400,108,FALSE,108
Salgadinhos,Catch Preto Pimentao Sprinkler,10000,0,1,10000,50,FALSE,50
Salgadinhos,Weikfield Cooker Bolo Mistura - Chocolate,9500,6,6,8900,150,FALSE,150
Salgadinhos,ITC Mestre Chef Manteiga Frango,7500,30,6,5200,80,FALSE,80
Salgadinhos,Masala Aveia Masala & Coentro ,19500,9,5,17600,500,FALSE,500
Salgadinhos,Smith & Jones Ervilha Paneer Masala,4200,0,6,4200,60,FALSE,60
Salgadinhos,Kitchens de India Lentilha Bukhara Molho Mistura,11000,30,6,7700,285,FALSE,285
Salgadinhos,Popular Essenciais Frito Grama (Bengal Gram),7000,10,6,6300,500,FALSE,500
Salgadinhos,Gits Jalebi com Maker Dessert Mistura,7500,16,6,6300,100,FALSE,100
Salgadinhos,Popular Essenciais Soya Feijao ,8000,6,6,7500,500,FALSE,500
Salgadinhos,24 Mantra Organico Torrado Bengal Grama Lentilha,10500,7,6,9700,500,FALSE,500
Salgadinhos,Keya Italiano Tempero,10900,10,6,9800,35,FALSE,35
Salgadinhos,MTR Idli/Dosa/Chilly Chutney Em po,11500,0,3,11500,200,FALSE,200
Salgadinhos,Delicia Castanhas Trail Mistura ,39900,25,6,29900,200,FALSE,200
Salgadinhos,Praakritik Organico Chilka Feijao mungo Lentilha,12000,10,6,10800,500,FALSE,500
Salgadinhos,Smith & Jones Alho & Ervas Masala Mistura,9900,0,6,9900,75,FALSE,75
Salgadinhos,Eastern Tamarindo,6300,0,6,6300,200,FALSE,200
Salgadinhos,Tong Garden Wasabi Coated Greenpeas Tin,20000,11,6,17800,180,FALSE,180
Salgadinhos,Voador Bird Abacaxi Artifical Alimento Essencia,5000,2,6,4900,20,FALSE,20
Salgadinhos,Mother's Receita Tamarindo Pasta,5000,2,2,4900,200,FALSE,200
Salgadinhos,Japanese Escolha Udon Macarrao instantaneo,29500,9,6,26600,250,FALSE,250
Salgadinhos,Pantai Coco Leite,15000,0,4,15000,400,FALSE,400
Salgadinhos,Praakritik Organico Lentilha vermelha Lentilha,13000,10,6,11600,500,FALSE,500
Salgadinhos,Popular Essenciais Classico Sona Masuri Arroz,43000,10,6,38700,5000,FALSE,5
Salgadinhos,Popular Essenciais Salgado Murmure ,7000,18,6,5700,400,FALSE,400
Salgadinhos,Oleev Ativo Oleo (Pouch),26500,9,6,23900,1000,FALSE,1
Salgadinhos,Delicia Castanhas Dried Blueberries ,54000,20,6,43200,150,FALSE,150
Salgadinhos,Popular Essenciais Duplo Feijao Branco,6000,10,6,5400,250,FALSE,250
Salgadinhos,Delicia Castanhas Amendoa Natural ,34900,20,6,27900,200,FALSE,200
Salgadinhos,Praakritik Organico Rapadura,16000,6,6,15000,900,FALSE,900
Salgadinhos,Praakritik Organico Verde Acucar,9000,6,6,8400,500,FALSE,500
Salgadinhos,MTR Masala - Sambar Em po,11500,0,4,11500,200,FALSE,200
Salgadinhos,RRO Gergelim Dil Premium Gergelim Oleo Garrafa,17300,6,6,16200,500,FALSE,500
Salgadinhos,ITC Mestre Chef Vegetal Biryani Culinaria Pasta,7500,30,5,5200,80,FALSE,80
Salgadinhos,Jivana Rapadura,10000,0,2,10000,950,FALSE,950
Salgadinhos,Praakritik Organico Besan,17000,6,6,15900,500,FALSE,500
Salgadinhos,MTR Instantaneo Gulab Jamun Mistura,19500,9,6,17600,500,FALSE,500
Salgadinhos,Maggi Magico Cubos Extra Frango,19900,0,2,19900,240,FALSE,240
Salgadinhos,On1y Misto Ervas,9900,0,6,9900,14,FALSE,14
Salgadinhos,Popular Essenciais Urad Gola Preto (Un-Polished),8000,10,6,7200,500,FALSE,500
Salgadinhos,Gits Dessert Mistura China Grass Bombay Halwa,5500,0,4,5500,80,FALSE,80
Salgadinhos,Praakritik Organico Basmati Arroz,17000,0,5,17000,500,FALSE,500
Salgadinhos,Ceres Alimentos Nalli Nihari Instantaneo Liquido Masala,22000,50,6,11000,200,FALSE,200
Salgadinhos,Borges Canola Oleo Estimacao Garrafa,39900,0,6,39900,1000,FALSE,1
Salgadinhos,Suhana Biryani Masala,6600,0,6,6600,50,FALSE,50
Salgadinhos,On1y Preto Sal Moedor,9900,0,6,9900,100,FALSE,100
Salgadinhos,Popular Essenciais Nylon Gergelim,4000,2,6,3900,100,FALSE,100
Salgadinhos,Pillsbury Rico Choco Oven Bolo Mistura - Ovo Sem,17000,6,6,15900,270,FALSE,270
Salgadinhos,Weikfield Tomate Molho Instantaneo Macarrao,2500,0,1,2500,77,FALSE,77
Salgadinhos,Praakritik Organico Jowar Farinha de trigo integral,11000,6,6,10300,500,FALSE,500
Salgadinhos,Sem acucar Ouro Baixo Caloria Adocante ,27000,7,6,25100,50,FALSE,50
Salgadinhos,Epicurea Tailandesa Jasmim Arroz,29500,0,4,29500,500,FALSE,500
Salgadinhos,Yummiez Frango Alho Palitos Sache,25000,0,5,25000,400,FALSE,400
Salgadinhos,RRO Primio Refinado Amendoim (Jar),49000,11,6,43600,2000,FALSE,2
Salgadinhos,Praakritik Organico Tuvar Lentilha,14000,0,6,14000,500,FALSE,500
Salgadinhos,Sem acucar Ouro Baixo Caloria Adocante,18500,5,3,17500,300,FALSE,300
Salgadinhos,Cantina Feijao Mexicano Feijao,25000,14,6,21300,410,FALSE,410
Salgadinhos,Pillsbury Oven Bolo Mistura - Baunilha,17500,10,6,15600,225,FALSE,225
Salgadinhos,Hershey's Chocolate Leite Booster,20000,0,6,20000,450,FALSE,450
Salgadinhos,Popular Essenciais Byadagi Pimenta Stemless,8000,0,6,8000,100,FALSE,100
Salgadinhos,Suhana Tempero Mistura - Frango Biryani,6600,0,6,6600,50,FALSE,50
Salgadinhos,Praakritik Organico Amarelo Moon Lentilha,13500,0,6,13500,500,FALSE,500
Salgadinhos,Maggi Magico Cubos Extra Frango,19900,10,6,17900,240,FALSE,240
Salgadinhos,Dhara Filtrado Amendoim Oleo (Jar),105000,0,2,105000,5000,FALSE,5
Salgadinhos,24 Mantra Sona Masuri Marrom Arroz,47500,10,6,42300,5000,FALSE,5
Salgadinhos,24 Mantra Organico Pancharatna Lentilha - Partido,13000,7,6,12000,500,FALSE,500
Salgadinhos,24 Mantra Organico Cominho Em po,7000,0,6,7000,100,FALSE,100
Salgadinhos,Popular Essenciais Samba Broken Trigo,10000,11,6,8900,500,FALSE,500
Salgadinhos,Betty Crocker Chocolate Fudge Bolo Mistura,29500,0,6,29500,475,FALSE,475
Salgadinhos,Borges Extra Leve Oliva Oleo Garrafa ,260000,46,6,139900,2000,FALSE,2
Salgadinhos,Voador Bird Premium Laranja Artificial Alimento Essencia,6000,0,6,6000,20,FALSE,20
Salgadinhos,Popular Essenciais Vermelho Cherry/Gundu Pimenta,9500,0,6,9500,100,FALSE,100
Salgadinhos,Super Saver Kolam Arroz Sortex Limpo ,70000,10,3,63000,5000,FALSE,5
Salgadinhos,Voador Bird Alimento Essencia - Kewra,5000,0,6,5000,20,FALSE,20
Salgadinhos,MTR Vada Cafe da manha,20000,0,1,20000,500,FALSE,500
Salgadinhos,On1y Macarrao Tempero,9900,0,6,9900,30,FALSE,30
Salgadinhos,Praakritik Organico Indrayani Arroz,7000,0,6,7000,500,FALSE,500
Salgadinhos,On1y Pizza Tempero,9900,0,6,9900,28,FALSE,28
Salgadinhos,Kitchens de India Ervilha Paneer Mistura,12000,30,4,8400,285,FALSE,285
Salgadinhos,Aashirvaad Svasti Vaca Ghee Tetra Pacote,29500,0,6,29500,500,FALSE,500
Salgadinhos,Weikfield Cooker Bolo Mistura - Baunilha,9500,0,6,9500,150,FALSE,150
Salgadinhos,Praakritik Organico Kapli Trigo Farinha de trigo integral,16500,10,6,14700,1000,FALSE,1
Salgadinhos,Epicurea Sushi Arroz,29500,0,6,29500,500,FALSE,500
Salgadinhos,Sem acucar Natural Verde Stevia Folhas Zero Caloria,7500,0,2,7500,100,FALSE,100
Salgadinhos,Smith & Jones Italiano Temperos Masala Mistura,9900,0,6,9900,75,FALSE,75
Salgadinhos,Satyam Nighties Temperos Pimenta Bore,8900,10,6,8000,100,FALSE,100
Salgadinhos,Weikfield Vegetariano Geleia Cristais - Laranja,4500,2,6,4400,90,FALSE,90
Salgadinhos,Praakritik Organico Jumbo Rolled Aveia,19000,11,6,16900,500,FALSE,500
Salgadinhos,On1y Mar Sal Moedor,8900,0,6,8900,100,FALSE,100
Salgadinhos,Delicia Castanhas Berries Mistura ,39900,20,6,31900,200,FALSE,200
Salgadinhos,Everest Kesari Leite Masala,20500,0,6,20500,50,FALSE,20
Salgadinhos,Praakritik Organico Gengibre Em po,13900,10,6,12500,100,FALSE,100
Salgadinhos,Suhana Mutton Molho Mistura,4500,0,4,4500,80,FALSE,80
Salgadinhos,On1y Salada Tempero Moedor,13900,0,6,13900,45,FALSE,45
Salgadinhos,Figaro Puro Oliva Oleo,32500,8,1,29900,200,FALSE,200
Salgadinhos,Madhur Acucar,6000,6,0,5600,1000,TRUE,1
Salgadinhos,Amul Fresco Creme,6300,0,0,6300,250,TRUE,250
Salgadinhos,Madhur Puro E Hygienic Acucar,29500,9,0,26600,5000,TRUE,5
Salgadinhos,Satyam Poha Jada,3500,8,0,3200,500,TRUE,500
Salgadinhos,Aashirvaad Superior MP Integral Trigo Farinha de trigo integral,5300,1,0,5200,1000,TRUE,1
Salgadinhos,Fortune Soyabean Oleo,21000,13,0,18100,1000,TRUE,1
Salgadinhos,Maggi Masala Ae Magico,5800,6,0,5400,72,TRUE,72
Salgadinhos,Aashirvaad Iodised Sal ,2200,13,0,1900,1000,TRUE,1
Salgadinhos,Maggi 2-Minute Instantaneo Macarrao instantaneo - Masala,4400,0,0,4400,280,TRUE,280
Salgadinhos,Popular Essenciais Phool Makhana (Jumbo Size),15000,14,0,12800,100,TRUE,100
Salgadinhos,Aashirvaad Farinha de trigo integral Com Mutigrains,31500,8,0,28700,5000,TRUE,5
Salgadinhos,Tata Sampann Poha,4400,6,0,4100,500,TRUE,500
Salgadinhos,Fortune Besan Farinha,12000,0,0,12000,1000,TRUE,1
Salgadinhos,Popular Essenciais Toor Lentilha (Un-Polished),8000,7,0,7400,500,TRUE,500
Salgadinhos,Everest Tikhalal Picante & Vermelho Pimenta Em po,4700,2,0,4600,100,TRUE,100
Salgadinhos,Popular Essenciais Chia Sementes,5000,2,0,4900,100,TRUE,100
Salgadinhos,Tata Sampann Unpolished Toor Dal/Arhar Lentilha,17900,1,0,17700,1000,TRUE,200
Salgadinhos,Everest Coentro Em po,3200,3,0,3100,100,TRUE,100
Salgadinhos,Satyam Fino Poha Patla,3800,7,0,3500,500,TRUE,500
Salgadinhos,Popular Essenciais Sona Masouri Verde Arroz,7500,0,0,7500,1000,TRUE,1
Salgadinhos,Tata Sampann Alto Protien Grao de bico Lentilha - Partido,6400,0,0,6400,500,TRUE,500
Salgadinhos,Satyam Singdana ,11900,6,0,11100,500,TRUE,500
Salgadinhos,Tata Sampann Feijao mungo Chilka ,8800,6,0,8200,500,TRUE,500
Salgadinhos,Tata Sampann Alto Protien Toor Lentilha - Partido,9100,2,0,8900,500,TRUE,500
Salgadinhos,Ching's Chow Mein Hakka Macarrao instantaneo Masala,1000,0,0,1000,20,TRUE,20
Salgadinhos,Everest Chat Masala,6500,9,0,5900,100,TRUE,100
Salgadinhos,Popular Essenciais Preto Marrom Grao de bico (Un-Polished),5500,9,0,5000,500,TRUE,500
Salgadinhos,Dabur Gengibre Alho Pasta,5000,6,0,4700,200,TRUE,200
Salgadinhos,Ching's Segredo Vegetariano Hakka Macarrao instantaneo,10700,0,0,10700,600,TRUE,600
Salgadinhos,Saffola Aveia 100 % Natural,1500,0,0,1500,38,TRUE,38
Salgadinhos,Everest Kashmiri Lal Pimenta Em po,31000,10,0,27900,500,TRUE,500
Salgadinhos,Popular Essenciais Preto Raisins Seedless,6000,10,0,5400,100,TRUE,100
Salgadinhos,Daawat Rozana Super Basmati Arroz,7900,0,0,7900,1000,TRUE,1
Salgadinhos,Everest Cominho Em po (Jeera),3000,3,0,2900,50,TRUE,50
Salgadinhos,Everest Sambhar Masala,3400,2,0,3300,50,TRUE,50
Salgadinhos,Maggi Pimenta Chow Cuppa Macarrao instantaneo,5000,0,0,5000,70,TRUE,70
Salgadinhos,Popular Essenciais Mostarda Sementes Rai Grande,2000,0,0,2000,100,TRUE,100
Salgadinhos,Patanjali Cow's Ghee,56500,0,0,56500,1000,TRUE,1
Salgadinhos,Everest Amchur Em po,4200,2,0,4100,50,TRUE,50
Salgadinhos,Daawat Super Basmati Arroz,18500,8,0,16900,1000,TRUE,1
Salgadinhos,Popular Essenciais Sabudana,6000,10,0,5400,500,TRUE,500
Salgadinhos,Popular Essenciais Marrom Acucar,4000,0,0,4000,500,TRUE,500
Salgadinhos,Everest Coentro Em po,7000,10,0,6300,200,TRUE,200
Salgadinhos,Sunfeast Yippee! Magico Masala Macarrao instantaneo,4800,6,0,4500,240,TRUE,240
Salgadinhos,Tata Cha Ouro,3500,0,0,3500,100,TRUE,200
Salgadinhos,Daawat Rozana Ouro Basmati Arroz,9000,1,0,8900,1000,TRUE,1
Salgadinhos,Topo Ramen Masala,9100,9,0,8200,560,TRUE,560
Salgadinhos,Everest Acafrao da terra Em po,6700,10,0,6000,200,TRUE,200
Salgadinhos,Popular Essenciais Buckwheat Farinha (Kuttu Atta),12500,9,0,11300,500,TRUE,500
Salgadinhos,Keya Italiano Pizza Oregano,10900,11,0,9700,80,TRUE,80
Salgadinhos,Chef's Cesta Durum Trigo Penne Macarrao,16000,50,0,8000,500,TRUE,500
Salgadinhos,Tata Sampann Kala Grao de bico,12500,0,0,12500,1000,TRUE,1
Salgadinhos,India Gate Basmati Arroz,21000,0,0,21000,1000,TRUE,1
Salgadinhos,24 Mantra Organico Integral Trigo Farinha de trigo integral,6400,7,0,5900,1000,TRUE,1
Salgadinhos,Zorabian Frango Carne moida Parathas,19000,0,0,19000,300,TRUE,300
Salgadinhos,Sunfeast Macarrao Guloseima Pacote de Tomate Queijo,2800,17,0,2300,65,TRUE,65
Salgadinhos,Sugarlite 50% Less Calories Acucar Sache,9900,40,0,5900,500,TRUE,500
Salgadinhos,Popular Essenciais Sabja/Basil Sementes,6000,15,0,5100,100,TRUE,100
Salgadinhos,Patanjali Puro Mel,9500,0,0,9500,250,TRUE,250
Salgadinhos,Weikfield Falooda Mistura - Manga,4900,2,0,4800,200,TRUE,200
Salgadinhos,Pro Nature Organico Sonamasoori Marrom Arroz,10200,7,0,9400,1000,TRUE,1
Salgadinhos,Maggi Especial Masala Apimentado Saboroso Macarrao instantaneo,7200,0,0,7200,280,TRUE,280
Salgadinhos,Godrej Yummiez Frango Cafe da manha Salami,15000,4,0,14300,250,TRUE,250
Salgadinhos,Everest Saffron Kesar,12000,0,0,12000,1,TRUE,0
"Laticínios, Pão e Massas",Mother Laticinio Toned Leite Sache,2500,0,4,2500,500,FALSE,500
"Laticínios, Pão e Massas",Mother Laticinio Classico Coalhada,3000,3,6,2900,400,FALSE,400
"Laticínios, Pão e Massas",Mother Laticinio Ultra Full Creme Leite,3100,0,4,3100,500,FALSE,500
"Laticínios, Pão e Massas",Amul Manteiga - Pasteurised,5000,2,6,4900,100,FALSE,100
"Laticínios, Pão e Massas",Britannia Sanduiche Branco Pao,3300,0,4,3300,350,FALSE,350
"Laticínios, Pão e Massas",iD Coalhada Sache,3500,2,6,3400,400,FALSE,400
"Laticínios, Pão e Massas",iD Idli & Dosa Batter ,8000,15,6,6800,1000,FALSE,1
"Laticínios, Pão e Massas",Britannia 100% Integral Trigo Pao,4500,0,4,4500,450,FALSE,450
"Laticínios, Pão e Massas",Britannia Healthy Fatia Sanduiche Pao,4000,0,4,4000,450,FALSE,450
"Laticínios, Pão e Massas",Gowardhan Classico Bloco Fresco Paneer,8900,8,6,8100,200,FALSE,200
"Laticínios, Pão e Massas",Amul Processado Queijo Cubos,10600,4,6,10100,200,FALSE,200
"Laticínios, Pão e Massas",Britannia Pao,2200,0,4,2200,250,FALSE,250
"Laticínios, Pão e Massas",Amul Manteiga - Pasteurised,24500,2,6,24000,500,FALSE,500
"Laticínios, Pão e Massas",Arden Ovos Branco,9700,0,4,9700,696,FALSE,12
"Laticínios, Pão e Massas",Arden Ovos Branco,6500,15,4,5500,348,FALSE,6
"Laticínios, Pão e Massas",Nestle A+ Nutrir Iogurte,3500,2,6,3400,200,FALSE,200
"Laticínios, Pão e Massas",Britannia Hamburguer Bun com Sesame Seed,1500,0,4,1500,100,FALSE,100
"Laticínios, Pão e Massas",Amul Congelado Malai Paneer,7500,2,6,7300,200,FALSE,200
"Laticínios, Pão e Massas",iD Natural Paneer,10500,5,6,9900,200,FALSE,200
"Laticínios, Pão e Massas",Britannia Fruta Bun,1700,0,3,1700,100,FALSE,100
"Laticínios, Pão e Massas",Amul Queijo - Processado Fatias,12200,1,6,12000,200,FALSE,200
"Laticínios, Pão e Massas",iD Coalhada Copo,6000,0,6,6000,400,FALSE,400
"Laticínios, Pão e Massas",Assar Loja Premium Branco Sanduiche Pao,3000,0,1,3000,400,FALSE,400
"Laticínios, Pão e Massas",Britannia Multigraos Pao ,5500,0,4,5500,400,FALSE,400
"Laticínios, Pão e Massas",Amul Processado Queijo Bloco,10600,0,6,10600,200,FALSE,200
"Laticínios, Pão e Massas",Nestle A+ Nutrir Iogurte,7000,2,6,6800,400,FALSE,400
"Laticínios, Pão e Massas",Arden Ovos Marrom,8500,7,4,7900,348,FALSE,6
"Laticínios, Pão e Massas",Epigamia Misti Doi,3000,0,6,3000,85,FALSE,85
"Laticínios, Pão e Massas",Amul Queijo - Bloco,24500,2,6,24000,500,FALSE,500
"Laticínios, Pão e Massas",Amul Manteiga - Pasteurised (School Pack),5900,3,6,5700,100,FALSE,100
"Laticínios, Pão e Massas",Britannia Marrom Pao ,4200,0,4,4200,400,FALSE,400
"Laticínios, Pão e Massas",Amul Fresco Creme,19700,3,3,19100,1000,FALSE,1
"Laticínios, Pão e Massas",Epigamia Natural Greek Iogurte,4500,0,6,4500,90,FALSE,90
"Laticínios, Pão e Massas",Assar Loja Pizza Base,3000,0,1,3000,150,FALSE,150
"Laticínios, Pão e Massas",Amul Delicioso Gordura Pasta - Colesterol Sem,1800,5,6,1700,100,FALSE,100
"Laticínios, Pão e Massas",D'lecta Laticinio Creme,5400,5,6,5100,200,FALSE,200
"Laticínios, Pão e Massas",Nestle A+ Actiplus Probiotic Iogurte Simples Coalhada,7800,3,5,7500,400,FALSE,400
"Laticínios, Pão e Massas",Bio Nutrients Puro Diet Tofu Ouro ,6000,5,5,5700,200,FALSE,200
"Laticínios, Pão e Massas",Amul Delicioso Gordura Pasta - Colesterol Sem,8800,2,2,8600,500,FALSE,500
"Laticínios, Pão e Massas",Amul Mithai Mate Condensed Adocado Leite,5600,3,4,5400,200,FALSE,200
"Laticínios, Pão e Massas",Arden Desi Ovos,11000,13,4,9500,348,FALSE,6
"Laticínios, Pão e Massas",Amul Queijo - Pimentao,8500,3,6,8200,200,FALSE,200
"Laticínios, Pão e Massas",Amul Queijo Pasta Cremoso,8500,5,6,8000,180,FALSE,180
"Laticínios, Pão e Massas",Assar Loja Foot Longo,4000,0,1,4000,200,FALSE,200
"Laticínios, Pão e Massas",Amul Queijo Fatias,36000,0,1,35900,750,FALSE,750
"Laticínios, Pão e Massas",Suguna Sharp Ovo ,7200,13,3,6200,348,FALSE,6
"Laticínios, Pão e Massas",Amul Queijo Molho Mexicano Molho,7500,4,1,7200,200,FALSE,200
"Laticínios, Pão e Massas",Nestle Do dia a dia Laticinio Clareador,21000,0,4,21000,400,FALSE,400
"Laticínios, Pão e Massas",Amul Pizza Queijo Processado,10900,4,6,10400,200,FALSE,200
"Laticínios, Pão e Massas",Betty Crocker Complete Panqueca Mistura Original,11000,4,6,10500,250,FALSE,500
"Laticínios, Pão e Massas",Amul Light Pasta,4000,2,5,3900,100,FALSE,100
"Laticínios, Pão e Massas",Ir Queijo Fatia - Simples,14000,5,6,13300,200,FALSE,200
"Laticínios, Pão e Massas",Pillsbury Choco Chip Panqueca Mistura,9900,5,6,9400,165,FALSE,165
"Laticínios, Pão e Massas",RRO Azedo Creme,27500,50,4,13700,200,FALSE,200
"Laticínios, Pão e Massas",D'lecta Natural Feta Queijo Bloco,10000,5,4,9500,100,FALSE,100
"Laticínios, Pão e Massas",Suguna Ativo - DHA,7200,13,4,6200,348,FALSE,6
"Laticínios, Pão e Massas",Ir Queijo Processado Angles Simples,10000,5,6,9500,160,FALSE,160
"Laticínios, Pão e Massas",Epigamia Greek Iogurte - Natural,20000,0,1,20000,400,FALSE,400
"Laticínios, Pão e Massas",Amul Unsalted Culinaria Manteiga,24500,2,6,23800,500,FALSE,500
"Laticínios, Pão e Massas",Integral Truth Meio amargo Chocolate Amendoim Manteiga - Cremoso,23500,25,6,17400,325,FALSE,325
"Laticínios, Pão e Massas",Laughing Vaca Queijo Fatias,15500,0,2,15500,200,FALSE,200
"Laticínios, Pão e Massas",Epigamia Amendoa Leite Sem acucar Laticinio Sem,30000,33,4,19900,1000,FALSE,1
"Laticínios, Pão e Massas",Ir Queijo Pasta Simples,9900,5,6,9400,200,FALSE,200
"Laticínios, Pão e Massas",So Bom Amendoa Leite - Natural Sem acucar,7000,0,4,7000,200,FALSE,200
"Laticínios, Pão e Massas",Amul Queijo Molho Jalapeno,7500,0,5,7500,200,FALSE,200
"Laticínios, Pão e Massas",D'lecta Creme Queijo,16900,4,4,16100,150,FALSE,150
"Laticínios, Pão e Massas",Dlecta Natural Cheddar Fatias,19900,5,6,18900,200,FALSE,200
"Laticínios, Pão e Massas",Suguna Heart- Omega3,7200,13,4,6200,348,FALSE,6
"Laticínios, Pão e Massas",Ir Queijo Pasta - Alho,9900,5,6,9400,200,FALSE,200
"Laticínios, Pão e Massas",Ir Pizza Queijo,14000,5,6,13300,200,FALSE,200
"Laticínios, Pão e Massas",RRO Cheddar Bloco Queijo,29500,50,6,14700,200,FALSE,200
"Laticínios, Pão e Massas",Integral Truth Amendoim Manteiga Com Tamaras - Cremoso Sem Acucar,21500,9,6,19400,325,FALSE,325
"Laticínios, Pão e Massas",Suguna Fit Ovo,12000,43,4,6800,348,FALSE,6
"Laticínios, Pão e Massas",Pantai Coco Creme,15000,4,4,14300,400,FALSE,400
"Laticínios, Pão e Massas",RRO Fresco Ricotta,27500,50,6,13700,200,FALSE,200
"Laticínios, Pão e Massas",Dlecta Queijo Cubos 2,14500,5,6,13700,200,FALSE,200
"Laticínios, Pão e Massas",RRO Mussarela Pizza Queijo,27500,50,6,13700,200,FALSE,200
"Laticínios, Pão e Massas",Laughing Vaca Queijo Cubos,15000,0,4,15000,200,FALSE,200
"Laticínios, Pão e Massas",Yogabar 100% Puro Amendoim Manteiga Cremoso & Saboroso Sem acucar,22900,10,6,20600,400,FALSE,400
"Laticínios, Pão e Massas",RRO Burrata Queijo,25000,50,4,12500,200,FALSE,200
"Laticínios, Pão e Massas",Integral Truth Meio amargo Chocolate Amendoim Manteiga - Crocante,23500,20,5,18800,325,FALSE,325
"Laticínios, Pão e Massas",Ir Queijo Processado Squares,12500,5,6,11800,200,FALSE,200
"Laticínios, Pão e Massas",Funfoods Amendoim Manteiga Crocante,16900,7,1,15600,400,FALSE,400
"Laticínios, Pão e Massas",Amul Safed Makkhan,23500,1,6,23200,500,FALSE,500
"Laticínios, Pão e Massas",Ir Queijo Pasta - Four Pimentao (Soft & Creamy),9900,5,6,9400,200,FALSE,200
"Laticínios, Pão e Massas",Dlicia Whip Topping Garrafa,23500,27,5,17100,1000,FALSE,1
"Laticínios, Pão e Massas",Amulya Laticinio Clareador ,38000,2,4,37200,1000,FALSE,1
"Laticínios, Pão e Massas",Laughing Vaca Queijo 8 Portion 120Gm Importado,11000,0,6,11000,120,FALSE,120
"Laticínios, Pão e Massas",Integral Truth Amendoim Manteiga - Adocado & Crocante,21500,20,6,17200,325,FALSE,325
"Laticínios, Pão e Massas",Ir Processado Queijo Bloco,12500,4,6,11900,200,FALSE,200
"Laticínios, Pão e Massas",Ir Queijo Processado Bloco,24900,4,6,23700,400,FALSE,400
"Laticínios, Pão e Massas",RRO Goat Leite Fetta Cheee,34500,31,6,23700,100,FALSE,100
"Laticínios, Pão e Massas",RRO Mascarpone Queijo,35500,50,6,17700,200,FALSE,200
"Laticínios, Pão e Massas",D'lecta Cheddar Queijo,19900,5,6,18900,200,FALSE,200
"Laticínios, Pão e Massas",Funfoods Amendoim Manteiga Cremoso,16900,0,1,16900,400,FALSE,400
"Laticínios, Pão e Massas",Pantai Coco Leite,15000,0,4,15000,400,FALSE,400
"Laticínios, Pão e Massas",Dlecta Queijo Bloco,14500,0,6,14500,200,FALSE,200
"Laticínios, Pão e Massas",President Manteiga - Salgado,5400,0,6,5400,100,FALSE,100
"Laticínios, Pão e Massas",Laughing Vaca Simples Processado Queijo Bloco,15000,0,6,15000,200,FALSE,200
"Laticínios, Pão e Massas",Yoga Barra Amendoim Manteiga Meio amargo Chocolate Pote,24900,0,4,24900,400,FALSE,400
"Laticínios, Pão e Massas",Laughing Vaca Queijo Pasta Simples,11000,0,6,11000,180,FALSE,180
"Laticínios, Pão e Massas",Amul Malai Paneer Fresco ,7600,3,0,7300,200,TRUE,200
"Laticínios, Pão e Massas",Amul Taaza Toned Homogenised Leite,6600,3,0,6400,1000,TRUE,1
"Laticínios, Pão e Massas",Amul Fresco Creme,6300,0,0,6300,250,TRUE,250
"Laticínios, Pão e Massas",Amul Lactose Sem Leite,2500,4,0,2400,250,TRUE,250
"Laticínios, Pão e Massas",Assar Loja Integral Trigo Pao,4000,0,0,4000,400,TRUE,400
"Laticínios, Pão e Massas",Amul Slim Trim Skimmed Leite,7500,0,0,7500,1000,TRUE,1
"Laticínios, Pão e Massas",Amul Queijo Fatias,7100,1,0,7000,100,TRUE,100
"Laticínios, Pão e Massas",Amul Pizza Queijo - Mussarela,10000,1,0,9900,200,TRUE,200
"Laticínios, Pão e Massas",Assar Loja Pizza Base Integral Trigo,3000,0,0,3000,150,TRUE,150
"Laticínios, Pão e Massas",Nestle A+ Slim Iogurte - Baixo Gordura,7800,3,0,7500,400,TRUE,400
"Laticínios, Pão e Massas",Britannia Queijo Alho Pao,3500,0,0,3500,300,TRUE,300
"Laticínios, Pão e Massas",Assar Loja Integral Trigo Ladi Pao,4000,0,0,4000,200,TRUE,200
"Laticínios, Pão e Massas",Amul Queijo Pasta Saboroso Simples,8500,0,0,8500,200,TRUE,200
"Laticínios, Pão e Massas",Britannia Farinha de trigo integral Kulcha,3000,0,0,3000,250,TRUE,250
"Laticínios, Pão e Massas",Suguna Nutrir Ovo,6200,0,0,6200,696,TRUE,12
"Laticínios, Pão e Massas",Assar Loja Multi Grao Pao,6500,0,0,6500,400,TRUE,400
"Laticínios, Pão e Massas",Nestle A+ Slim Leite,8900,0,0,8900,1000,TRUE,1
"Laticínios, Pão e Massas",Ir Queijo Pizza Mistura Mussarela + Cheddar,12500,5,0,11800,200,TRUE,200
"Laticínios, Pão e Massas",Integral Truth Amendoim Manteiga - Sem acucar & Crocante,18500,20,0,14800,325,TRUE,325
"Laticínios, Pão e Massas",Amul Queijo Pasta Apimentado Alho,8500,3,0,8200,200,TRUE,200
"Laticínios, Pão e Massas",Assar Loja Hamburguer Buns,2000,0,0,2000,100,TRUE,100
"Laticínios, Pão e Massas",D'lecta Shredded Mussarela Queijo,10000,5,0,9500,140,TRUE,140
"Laticínios, Pão e Massas",Britannia Hamburguer Bun com Sesame Seed,3000,0,0,3000,200,TRUE,200
"Laticínios, Pão e Massas",Suguna Vitamina D Ovo,7500,17,0,6200,348,TRUE,6
"Laticínios, Pão e Massas",Pillsbury Panqueca Mistura - Funfetti,9900,11,0,8800,162,TRUE,162
"Laticínios, Pão e Massas",Prabhat Malai Paneer Sache,8000,0,0,8000,200,TRUE,200
"Laticínios, Pão e Massas",Suguna Nutrir Ovo ,7200,16,0,6000,348,TRUE,6
"Laticínios, Pão e Massas",RRO Mussarela Bloco Queijo,29500,50,0,14700,200,TRUE,200
Bebidas,Mother Laticinio Toned Leite Sache,2500,0,4,2500,500,FALSE,500
Bebidas,Mother Laticinio Classico Coalhada,3000,3,6,2900,400,FALSE,400
Bebidas,Mother Laticinio Ultra Full Creme Leite,3100,0,4,3100,500,FALSE,500
Bebidas,Amul Manteiga - Pasteurised,5000,2,6,4900,100,FALSE,100
Bebidas,Britannia Sanduiche Branco Pao,3300,0,4,3300,350,FALSE,350
Bebidas,iD Coalhada Sache,3500,2,6,3400,400,FALSE,400
Bebidas,iD Idli & Dosa Batter ,8000,15,6,6800,1000,FALSE,1
Bebidas,Britannia 100% Integral Trigo Pao,4500,0,4,4500,450,FALSE,450
Bebidas,Britannia Healthy Fatia Sanduiche Pao,4000,0,4,4000,450,FALSE,450
Bebidas,Gowardhan Classico Bloco Fresco Paneer,8900,8,6,8100,200,FALSE,200
Bebidas,Amul Processado Queijo Cubos,10600,4,6,10100,200,FALSE,200
Bebidas,Britannia Pao,2200,0,4,2200,250,FALSE,250
Bebidas,Amul Manteiga - Pasteurised,24500,2,6,24000,500,FALSE,500
Bebidas,Arden Ovos Branco,9700,0,4,9700,696,FALSE,12
Bebidas,Arden Ovos Branco,6500,15,4,5500,348,FALSE,6
Bebidas,Nestle A+ Nutrir Iogurte,3500,2,6,3400,200,FALSE,200
Bebidas,Britannia Hamburguer Bun com Sesame Seed,1500,0,4,1500,100,FALSE,100
Bebidas,Amul Congelado Malai Paneer,7500,2,6,7300,200,FALSE,200
Bebidas,iD Natural Paneer,10500,5,6,9900,200,FALSE,200
Bebidas,Britannia Fruta Bun,1700,0,3,1700,100,FALSE,100
Bebidas,Amul Queijo - Processado Fatias,12200,1,6,12000,200,FALSE,200
Bebidas,iD Coalhada Copo,6000,0,6,6000,400,FALSE,400
Bebidas,Assar Loja Premium Branco Sanduiche Pao,3000,0,1,3000,400,FALSE,400
Bebidas,Britannia Multigraos Pao ,5500,0,4,5500,400,FALSE,400
Bebidas,Amul Processado Queijo Bloco,10600,0,6,10600,200,FALSE,200
Bebidas,Nestle A+ Nutrir Iogurte,7000,2,6,6800,400,FALSE,400
Bebidas,Arden Ovos Marrom,8500,7,4,7900,348,FALSE,6
Bebidas,Epigamia Misti Doi,3000,0,6,3000,85,FALSE,85
Bebidas,Amul Queijo - Bloco,24500,2,6,24000,500,FALSE,500
Bebidas,Amul Manteiga - Pasteurised (School Pack),5900,3,6,5700,100,FALSE,100
Bebidas,Britannia Marrom Pao ,4200,0,4,4200,400,FALSE,400
Bebidas,Amul Fresco Creme,19700,3,3,19100,1000,FALSE,1
Bebidas,Epigamia Natural Greek Iogurte,4500,0,6,4500,90,FALSE,90
Bebidas,Assar Loja Pizza Base,3000,0,1,3000,150,FALSE,150
Bebidas,Amul Delicioso Gordura Pasta - Colesterol Sem,1800,5,6,1700,100,FALSE,100
Bebidas,D'lecta Laticinio Creme,5400,5,6,5100,200,FALSE,200
Bebidas,Nestle A+ Actiplus Probiotic Iogurte Simples Coalhada,7800,3,5,7500,400,FALSE,400
Bebidas,Bio Nutrients Puro Diet Tofu Ouro ,6000,5,5,5700,200,FALSE,200
Bebidas,Amul Delicioso Gordura Pasta - Colesterol Sem,8800,2,2,8600,500,FALSE,500
Bebidas,Amul Mithai Mate Condensed Adocado Leite,5600,3,4,5400,200,FALSE,200
Bebidas,Arden Desi Ovos,11000,13,4,9500,348,FALSE,6
Bebidas,Amul Queijo - Pimentao,8500,3,6,8200,200,FALSE,200
Bebidas,Amul Queijo Pasta Cremoso,8500,5,6,8000,180,FALSE,180
Bebidas,Assar Loja Foot Longo,4000,0,1,4000,200,FALSE,200
Bebidas,Amul Queijo Fatias,36000,0,1,35900,750,FALSE,750
Bebidas,Suguna Sharp Ovo ,7200,13,3,6200,348,FALSE,6
Bebidas,Amul Queijo Molho Mexicano Molho,7500,4,1,7200,200,FALSE,200
Bebidas,Nestle Do dia a dia Laticinio Clareador,21000,0,4,21000,400,FALSE,400
Bebidas,Amul Pizza Queijo Processado,10900,4,6,10400,200,FALSE,200
Bebidas,Betty Crocker Complete Panqueca Mistura Original,11000,4,6,10500,250,FALSE,500
Bebidas,Amul Light Pasta,4000,2,5,3900,100,FALSE,100
Bebidas,Ir Queijo Fatia - Simples,14000,5,6,13300,200,FALSE,200
Bebidas,Pillsbury Choco Chip Panqueca Mistura,9900,5,6,9400,165,FALSE,165
Bebidas,RRO Azedo Creme,27500,50,4,13700,200,FALSE,200
Bebidas,D'lecta Natural Feta Queijo Bloco,10000,5,4,9500,100,FALSE,100
Bebidas,Suguna Ativo - DHA,7200,13,4,6200,348,FALSE,6
Bebidas,Ir Queijo Processado Angles Simples,10000,5,6,9500,160,FALSE,160
Bebidas,Epigamia Greek Iogurte - Natural,20000,0,1,20000,400,FALSE,400
Bebidas,Amul Unsalted Culinaria Manteiga,24500,2,6,23800,500,FALSE,500
Bebidas,Integral Truth Meio amargo Chocolate Amendoim Manteiga - Cremoso,23500,25,6,17400,325,FALSE,325
Bebidas,Laughing Vaca Queijo Fatias,15500,0,2,15500,200,FALSE,200
Bebidas,Epigamia Amendoa Leite Sem acucar Laticinio Sem,30000,33,4,19900,1000,FALSE,1
Bebidas,Ir Queijo Pasta Simples,9900,5,6,9400,200,FALSE,200
Bebidas,So Bom Amendoa Leite - Natural Sem acucar,7000,0,4,7000,200,FALSE,200
Bebidas,Amul Queijo Molho Jalapeno,7500,0,5,7500,200,FALSE,200
Bebidas,D'lecta Creme Queijo,16900,4,4,16100,150,FALSE,150
Bebidas,Dlecta Natural Cheddar Fatias,19900,5,6,18900,200,FALSE,200
Bebidas,Suguna Heart- Omega3,7200,13,4,6200,348,FALSE,6
Bebidas,Ir Queijo Pasta - Alho,9900,5,6,9400,200,FALSE,200
Bebidas,Ir Pizza Queijo,14000,5,6,13300,200,FALSE,200
Bebidas,RRO Cheddar Bloco Queijo,29500,50,6,14700,200,FALSE,200
Bebidas,Integral Truth Amendoim Manteiga Com Tamaras - Cremoso Sem Acucar,21500,9,6,19400,325,FALSE,325
Bebidas,Suguna Fit Ovo,12000,43,4,6800,348,FALSE,6
Bebidas,Pantai Coco Creme,15000,4,4,14300,400,FALSE,400
Bebidas,RRO Fresco Ricotta,27500,50,6,13700,200,FALSE,200
Bebidas,Dlecta Queijo Cubos 2,14500,5,6,13700,200,FALSE,200
Bebidas,RRO Mussarela Pizza Queijo,27500,50,6,13700,200,FALSE,200
Bebidas,Laughing Vaca Queijo Cubos,15000,0,4,15000,200,FALSE,200
Bebidas,Yogabar 100% Puro Amendoim Manteiga Cremoso & Saboroso Sem acucar,22900,10,6,20600,400,FALSE,400
Bebidas,RRO Burrata Queijo,25000,50,4,12500,200,FALSE,200
Bebidas,Integral Truth Meio amargo Chocolate Amendoim Manteiga - Crocante,23500,20,5,18800,325,FALSE,325
Bebidas,Ir Queijo Processado Squares,12500,5,6,11800,200,FALSE,200
Bebidas,Funfoods Amendoim Manteiga Crocante,16900,7,1,15600,400,FALSE,400
Bebidas,Amul Safed Makkhan,23500,1,6,23200,500,FALSE,500
Bebidas,Ir Queijo Pasta - Four Pimentao (Soft & Creamy),9900,5,6,9400,200,FALSE,200
Bebidas,Dlicia Whip Topping Garrafa,23500,27,5,17100,1000,FALSE,1
Bebidas,Amulya Laticinio Clareador ,38000,2,4,37200,1000,FALSE,1
Bebidas,Laughing Vaca Queijo 8 Portion 120Gm Importado,11000,0,6,11000,120,FALSE,120
Bebidas,Integral Truth Amendoim Manteiga - Adocado & Crocante,21500,20,6,17200,325,FALSE,325
Bebidas,Ir Processado Queijo Bloco,12500,4,6,11900,200,FALSE,200
Bebidas,Ir Queijo Processado Bloco,24900,4,6,23700,400,FALSE,400
Bebidas,RRO Goat Leite Fetta Cheee,34500,31,6,23700,100,FALSE,100
Bebidas,RRO Mascarpone Queijo,35500,50,6,17700,200,FALSE,200
Bebidas,D'lecta Cheddar Queijo,19900,5,6,18900,200,FALSE,200
Bebidas,Funfoods Amendoim Manteiga Cremoso,16900,0,1,16900,400,FALSE,400
Bebidas,Pantai Coco Leite,15000,0,4,15000,400,FALSE,400
Bebidas,Dlecta Queijo Bloco,14500,0,6,14500,200,FALSE,200
Bebidas,President Manteiga - Salgado,5400,0,6,5400,100,FALSE,100
Bebidas,Laughing Vaca Simples Processado Queijo Bloco,15000,0,6,15000,200,FALSE,200
Bebidas,Yoga Barra Amendoim Manteiga Meio amargo Chocolate Pote,24900,0,4,24900,400,FALSE,400
Bebidas,Laughing Vaca Queijo Pasta Simples,11000,0,6,11000,180,FALSE,180
Bebidas,Amul Malai Paneer Fresco ,7600,3,0,7300,200,TRUE,200
Bebidas,Amul Taaza Toned Homogenised Leite,6600,3,0,6400,1000,TRUE,1
Bebidas,Amul Fresco Creme,6300,0,0,6300,250,TRUE,250
Bebidas,Amul Lactose Sem Leite,2500,4,0,2400,250,TRUE,250
Bebidas,Assar Loja Integral Trigo Pao,4000,0,0,4000,400,TRUE,400
Bebidas,Amul Slim Trim Skimmed Leite,7500,0,0,7500,1000,TRUE,1
Bebidas,Amul Queijo Fatias,7100,1,0,7000,100,TRUE,100
Bebidas,Amul Pizza Queijo - Mussarela,10000,1,0,9900,200,TRUE,200
Bebidas,Assar Loja Pizza Base Integral Trigo,3000,0,0,3000,150,TRUE,150
Bebidas,Nestle A+ Slim Iogurte - Baixo Gordura,7800,3,0,7500,400,TRUE,400
Bebidas,Britannia Queijo Alho Pao,3500,0,0,3500,300,TRUE,300
Bebidas,Assar Loja Integral Trigo Ladi Pao,4000,0,0,4000,200,TRUE,200
Bebidas,Amul Queijo Pasta Saboroso Simples,8500,0,0,8500,200,TRUE,200
Bebidas,Britannia Farinha de trigo integral Kulcha,3000,0,0,3000,250,TRUE,250
Bebidas,Suguna Nutrir Ovo,6200,0,0,6200,696,TRUE,12
Bebidas,Assar Loja Multi Grao Pao,6500,0,0,6500,400,TRUE,400
Bebidas,Nestle A+ Slim Leite,8900,0,0,8900,1000,TRUE,1
Bebidas,Ir Queijo Pizza Mistura Mussarela + Cheddar,12500,5,0,11800,200,TRUE,200
Bebidas,Integral Truth Amendoim Manteiga - Sem acucar & Crocante,18500,20,0,14800,325,TRUE,325
Bebidas,Amul Queijo Pasta Apimentado Alho,8500,3,0,8200,200,TRUE,200
Bebidas,Assar Loja Hamburguer Buns,2000,0,0,2000,100,TRUE,100
Bebidas,D'lecta Shredded Mussarela Queijo,10000,5,0,9500,140,TRUE,140
Bebidas,Britannia Hamburguer Bun com Sesame Seed,3000,0,0,3000,200,TRUE,200
Bebidas,Suguna Vitamina D Ovo,7500,17,0,6200,348,TRUE,6
Bebidas,Pillsbury Panqueca Mistura - Funfetti,9900,11,0,8800,162,TRUE,162
Bebidas,Prabhat Malai Paneer Sache,8000,0,0,8000,200,TRUE,200
Bebidas,Suguna Nutrir Ovo ,7200,16,0,6000,348,TRUE,6
Bebidas,RRO Mussarela Bloco Queijo,29500,50,0,14700,200,TRUE,200
Alimentos Industrializados,Maggi 2 Minuto Masala Macarrao instantaneo,1200,0,6,1200,70,FALSE,70
Alimentos Industrializados,iD Idli & Dosa Batter ,8000,15,6,6800,1000,FALSE,1
Alimentos Industrializados,iD Malabar Parota ,8000,10,4,7200,400,FALSE,400
Alimentos Industrializados,iD Trigo Lachha Paratha,8000,12,6,7000,400,FALSE,400
Alimentos Industrializados,McCain Batata Tikki,11000,4,6,10500,400,FALSE,400
Alimentos Industrializados,McCain Smiles Cripsy Feliz Potatoes,12000,5,6,11400,415,FALSE,415
Alimentos Industrializados,McCain Vegetal Hamburguer Patty,11500,3,6,11100,360,FALSE,360
Alimentos Industrializados,McCain Vegetal Palitos,11700,5,6,11100,400,FALSE,400
Alimentos Industrializados,Amul Delicioso Gordura Pasta - Colesterol Sem,1800,5,6,1700,100,FALSE,100
Alimentos Industrializados,Whiskas Umido Meal (Adult - Gato Food) Frango em Molho,3500,2,2,3400,85,FALSE,85
Alimentos Industrializados,McCain Pimenta Alho Batata Pedacos Crocante Batata Nuggets,12500,5,1,11800,420,FALSE,420
Alimentos Industrializados,Ching's Segredo Instantaneo Picante Alho Macarrao instantaneo,1500,0,3,1500,60,FALSE,60
Alimentos Industrializados,Veeba Sem ovo Maionese,7900,11,5,7000,250,FALSE,250
Alimentos Industrializados,Ching's Segredo Instantaneo Schezwan Macarrao instantaneo,1500,0,6,1500,60,FALSE,60
Alimentos Industrializados,Veeba Macarrao E Pizza Molho,7500,13,5,6500,280,FALSE,280
Alimentos Industrializados,Topo Ramen Macarrao instantaneo Curry Vegetariano Sache,2000,0,1,2000,70,FALSE,70
Alimentos Industrializados,Saffola Vegetal Toque Masala Aveia,1500,0,6,1500,38,FALSE,38
Alimentos Industrializados,Unibic Amendoa & Aveia Proteina Barra,4000,17,4,3300,30,FALSE,30
Alimentos Industrializados,Quaker Aveia,7900,0,2,7900,400,FALSE,400
Alimentos Industrializados,Amul Delicioso Gordura Pasta - Colesterol Sem,8800,2,2,8600,500,FALSE,500
Alimentos Industrializados,McCain Francesa Batata frita,12000,5,1,11400,420,FALSE,420
Alimentos Industrializados,Ching's Segredo Manchow Instantaneo Sopa,1000,0,1,1000,15,FALSE,15
Alimentos Industrializados,McCain Batata Queijo Shotz,13000,4,6,12400,250,FALSE,250
Alimentos Industrializados,McCain Masala - Batata frita,12000,5,3,11400,375,FALSE,375
Alimentos Industrializados,Ching's Segredo Schezwan Frito Arroz Masala,1500,0,6,1500,20,FALSE,20
Alimentos Industrializados,McCain Novo Mini Samosa com Queijo Pizza Estilo Recheio,12000,1,3,11800,240,FALSE,240
Alimentos Industrializados,McCain Pimenta Com queijo Nuggets,13000,4,1,12400,250,FALSE,250
Alimentos Industrializados,"Whiskas Adulto (+1 Year) Seco Gato Food, Ocean Peixe Sabor",43000,10,6,38700,1200,FALSE,1
Alimentos Industrializados,Chings Instantaneo Sopa - Picante & Azedo,1000,0,1,1000,15,FALSE,15
Alimentos Industrializados,Amul Spray Infant Leite Alimento,19700,2,6,19300,500,FALSE,500
Alimentos Industrializados,McCain Smiles - Pudina Chatka,12000,5,3,11400,375,FALSE,375
Alimentos Industrializados,McCain Francesa Batata frita Crocante & Delicioso,17500,4,3,16700,750,FALSE,750
Alimentos Industrializados,Ferrero Nutella Hazelnut Pasta,22000,5,2,20700,180,FALSE,180
Alimentos Industrializados,Lijjat Alho Papad,6000,5,5,5700,200,FALSE,200
Alimentos Industrializados,Switz Samosa Dough Sheets,9000,4,6,8600,50,FALSE,50
Alimentos Industrializados,Amul Queijo Pasta Cremoso,8500,5,6,8000,180,FALSE,180
Alimentos Industrializados,Maggi Tamarindo Molho Pichkoo,2200,0,6,2200,90,FALSE,90
Alimentos Industrializados,Whiskas Kitten (2-12 months) Seco Gato Alimento Alimento Ocean Peixe,38500,9,5,34700,1100,FALSE,1100
Alimentos Industrializados,Chings Instantaneo Sopa - Doce Milho Vegetariano,1000,0,2,1000,15,FALSE,15
Alimentos Industrializados,Whiskas Umido Meal (Kitten - Gato Food) Frango em Molho,3500,5,2,3300,85,FALSE,85
Alimentos Industrializados,McCain Crazy Batata frita Masala MixHot 'n' Acidinho,12000,5,6,11400,400,FALSE,400
Alimentos Industrializados,Integral Truth Duplo Cacau Proteina Barra Sem Acucar,10000,10,6,9000,52,FALSE,52
Alimentos Industrializados,Amul Feliz Treats Francesa Batata frita,6800,4,1,6500,425,FALSE,425
Alimentos Industrializados,Ferrero Nutella Hazeulnut Pasta,38000,6,5,35700,350,FALSE,350
Alimentos Industrializados,Veeba Chipolte Southwest Molho,16100,7,4,14900,300,FALSE,300
Alimentos Industrializados,Ching's Segredo Manchow Macarrao instantaneo Instantaneo Sopa,1500,0,6,1500,20,FALSE,20
Alimentos Industrializados,Yoga Barra Cafe da manha Proteina Barra - Blueberry Torta,5000,12,1,4400,50,FALSE,50
Alimentos Industrializados,Quaker Aveia,19900,7,6,18400,1000,FALSE,1
Alimentos Industrializados,Integral Truth Mini Proteina Barra - Coco Cacau Sem Adicionado Acucar,5500,25,6,4100,27,FALSE,27
Alimentos Industrializados,Switz Primavera Rolo Dough Sheets,9000,4,6,8600,1160,FALSE,20
Alimentos Industrializados,Unibic Fruta & Castanha Real Cranberries & Amendoas Proteina Barra,4000,17,6,3300,30,FALSE,30
Alimentos Industrializados,Ching's Segredo Tomate Instantaneo Sopa,1000,0,1,1000,16,FALSE,15
Alimentos Industrializados,Chef's Cesta Durum Trigo Elbow Macarrao,16000,50,6,8000,500,FALSE,500
Alimentos Industrializados,Sunfeast Yippee! Mood Masala Macarrao instantaneo,6000,28,3,4300,260,FALSE,260
Alimentos Industrializados,MTR Cafe da manha Azedo Doce Poha Mistura,2500,20,6,2000,60,FALSE,60
Alimentos Industrializados,Kellogg's Crocante Fruta & Castanha Cafe da manha Cereais Muesli,44500,9,6,40100,750,FALSE,750
Alimentos Industrializados,Ching's Segredo Pimenta Vinagre,5000,0,4,5000,170,FALSE,170
Alimentos Industrializados,Ching's Vermelho Pimenta Molho,5500,0,6,5500,200,FALSE,200
Alimentos Industrializados,Amul Light Pasta,4000,2,5,3900,100,FALSE,100
Alimentos Industrializados,Borges Durum Trigo Fusilli Macarrao ,25000,0,3,25000,500,FALSE,500
Alimentos Industrializados,Integral Truth Cranberry Mini Proteina Barra Sem Acucar,5500,20,6,4400,27,FALSE,27
Alimentos Industrializados,Integral Truth Mini Proteina Barra - Cafe Cacau Sem Adicionado Acucar,5500,20,6,4400,27,FALSE,27
Alimentos Industrializados,Maggi Picante & Doce Tomate Pimenta Molho,11500,0,1,11500,500,FALSE,500
Alimentos Industrializados,Sunfeast YiPPee! Macarrao instantaneo - Magico Masala,9600,5,4,9100,540,FALSE,540
Alimentos Industrializados,Chef's Cesta Durum Trigo Fusilli Macarrao,16000,50,6,8000,500,FALSE,500
Alimentos Industrializados,Topo Ramen Frango Macarrao instantaneo,6000,10,1,5400,280,FALSE,280
Alimentos Industrializados,Veeba Queijo e Pimenta Sanduiche Pasta,8900,11,6,7900,275,FALSE,275
Alimentos Industrializados,Ching’s Segredo Chow mein Hakka Macarrao instantaneo Masala ,4400,0,2,4400,60,FALSE,60
Alimentos Industrializados,Safal Congelado - Misto Legumes,11000,4,2,10500,1000,FALSE,1
Alimentos Industrializados,MTR 3 Min Poha,2500,0,6,2500,60,FALSE,60
Alimentos Industrializados,Ching's Manchurian Instantaneo Macarrao instantaneo,1500,0,5,1500,60,FALSE,60
Alimentos Industrializados,Integral Truth Amendoim Cacau Mini Proteina Barra Sem Acucar ,5500,25,6,4100,27,FALSE,27
Alimentos Industrializados,Gits Pao Bhaji Pronto para Comer,11000,22,6,8500,300,FALSE,300
Alimentos Industrializados,McCain Novo Mini Samosa com Queijo Milho Estilo Recheio,12000,1,2,11800,240,FALSE,240
Alimentos Industrializados,Lijjat Udad Mini Papad,6000,6,6,5600,200,FALSE,200
Alimentos Industrializados,McCain Herb & Alho Crazy Batata frita Masala Mistura ,12000,5,5,11400,400,FALSE,400
Alimentos Industrializados,Yoga Barra Multigraos Energia Barra Castanhas E Sementes,4000,12,4,3500,38,FALSE,38
Alimentos Industrializados,"Ching's Segredo Sauce, Verde Pimenta",5500,0,5,5500,190,FALSE,190
Alimentos Industrializados,Veeba Pizza Topping,7500,6,4,7000,280,FALSE,280
Alimentos Industrializados,Switz Paratha Puff,11000,4,6,10500,400,FALSE,400
Alimentos Industrializados,"Novo Kellogg's Muesli com 21% Fruit, Castanha & Sementes",32500,6,6,30500,500,FALSE,500
Alimentos Industrializados,Integral Truth Duplo Cacau Mini Proteina Barra Sem Acucar,5500,20,5,4400,27,FALSE,27
Alimentos Industrializados,Sunfeast Yippee Tricolor Macarrao Tempero,2800,17,1,2300,65,FALSE,65
Alimentos Industrializados,Wingreens Com queijo Chipotle Molho,9900,49,1,5000,130,FALSE,130
Alimentos Industrializados,Maggi Rico Tomate Ketchup,10500,4,2,10000,500,FALSE,500
Alimentos Industrializados,Integral Truth Meio amargo Chocolate Amendoim Manteiga - Cremoso,23500,25,6,17400,325,FALSE,325
Alimentos Industrializados,Godrej Yummiez Frango Nuggets,32500,9,1,29300,500,FALSE,500
Alimentos Industrializados,Ir Queijo Pasta Simples,9900,5,6,9400,200,FALSE,200
Alimentos Industrializados,Kellogg's Real Amendoa & Mel Milho Flocos,17500,9,6,15800,300,FALSE,300
Alimentos Industrializados,Integral Truth Vegano Amendoa Choco Fudge Energia Barra Sem Acucar,6000,20,6,4800,40,FALSE,40
Alimentos Industrializados,Prasuma Vegetal Momos,27000,0,5,27000,24,FALSE,24
Alimentos Industrializados,MTR Upma,5000,10,6,4500,160,FALSE,160
Alimentos Industrializados,Ching's Schezwan Masala Instantaneo Macarrao instantaneo,6000,0,1,6000,240,FALSE,240
Alimentos Industrializados,Integral Truth Cranberry Proteina Barra Sem Acucar,10000,26,6,7400,52,FALSE,52
Alimentos Industrializados,Saffola Saboroso Masala Macarrao instantaneo ,2000,0,2,2000,46,FALSE,46
Alimentos Industrializados,Veeba English Mostarda,7400,6,2,6900,300,FALSE,300
Alimentos Industrializados,Dabur Caseiro Tamarindo Pasta,4800,6,6,4500,200,FALSE,200
Alimentos Industrializados,Yoga Barra Cafe da manha Muesli - Amendoa Caramel (No Adicionado Sugar),32500,4,6,30900,400,FALSE,400
Alimentos Industrializados,Integral Truth Mini Proteina Barra - Amendoim Manteiga Sem Adicionado Acucar,5500,25,6,4100,27,FALSE,27
Alimentos Industrializados,ITC Mestre Chef Crocante Frango Batata frita ,17000,4,3,16200,280,FALSE,280
Alimentos Industrializados,Kelloggs Milho Flocos,9900,13,6,8600,250,FALSE,250
Alimentos Industrializados,Nissin Copo Macarrao instantaneo Acidinho Tomate,5000,10,2,4500,70,FALSE,70
Alimentos Industrializados,Smith & Jones Branco Macarrao Molho Mistura,4000,0,3,4000,46,FALSE,46
Alimentos Industrializados,Sunfeast Yippee! Macarrao Guloseima - Azedo Creme Cebola,2800,10,1,2500,65,FALSE,65
Alimentos Industrializados,Maes Receita Tamrind Date Chutney ,5500,9,2,5000,200,FALSE,200
Alimentos Industrializados,Veeba Hortela Maionese,16900,8,4,15500,300,FALSE,300
Alimentos Industrializados,Mccain Emotibites - Crocante Feliz Batata Lanche,13000,0,6,12900,415,FALSE,415
Alimentos Industrializados,Integral Truth Energia Barra Choco Cranberry Fudge,6000,26,6,4400,40,FALSE,40
Alimentos Industrializados,Godrej Yummiez Frango Lucknowi Seekh Kebab,26000,10,4,23400,400,FALSE,400
Alimentos Industrializados,Prasuma Vegetal Momos,15000,0,5,15000,580,FALSE,10
Alimentos Industrializados,Mother's Receita Misto Picles,8500,9,2,7700,300,FALSE,300
Alimentos Industrializados,Sunfeast Yippee! Macarrao Guloseima - Azedo Creme Cebola,2800,17,3,2300,65,FALSE,65
Alimentos Industrializados,Integral Truth Amendoim Cacau Proteina Barra Sem Acucar,10000,26,6,7400,52,FALSE,52
Alimentos Industrializados,Yoga Barra Cafe da manha Muesli - Chocolate & Cranberry ,32500,4,6,30900,400,FALSE,400
Alimentos Industrializados,Sunfeast YiPPee! Magico Masala Macarrao instantaneo,7000,10,3,6300,405,FALSE,405
Alimentos Industrializados,Veeba Doce Cebola Molho,14100,14,4,12100,350,FALSE,350
Alimentos Industrializados,Quaker Aveia Cafe da manha Cereais - Com Sabor Mistura Nutritious Rico Source De Energia,4900,8,6,4500,200,FALSE,200
Alimentos Industrializados,Mother's Receita Tamarindo Pasta,5000,2,6,4900,200,FALSE,200
Alimentos Industrializados,Yogabar Sem Adicionado Acucar Proteina Barra Brownie,12500,15,4,10600,60,FALSE,60
Alimentos Industrializados,Bambino Popular Aletria ,4000,2,3,3900,400,FALSE,400
Alimentos Industrializados,Ching's Segredo Mistura Vegetariano Instantaneo Sopa,1000,0,3,1000,15,FALSE,15
Alimentos Industrializados,Mother's Receita Picles - Vermelho Recheado Pimenta,14500,11,3,12900,400,FALSE,400
Alimentos Industrializados,Kellogg's Sem Adicionado Acucar Muesli,33500,11,6,29800,500,FALSE,500
Alimentos Industrializados,Veeba Molho Molho,11900,6,6,11100,360,FALSE,360
Alimentos Industrializados,Veeba Thousand Island Molho,14900,8,6,13700,300,FALSE,300
Alimentos Industrializados,Baggry's Crocante Muesli Amendoa Raisins & Mel,13000,0,5,13000,200,FALSE,200
Alimentos Industrializados,Knorr Chinese Picante E Azedo Vegetariano Sopa,5500,3,1,5300,43,FALSE,43
Alimentos Industrializados,Ir Queijo Pasta - Alho,9900,5,6,9400,200,FALSE,200
Alimentos Industrializados,Integral Truth Amendoim Manteiga Com Tamaras - Cremoso Sem Acucar,21500,9,6,19400,325,FALSE,325
Alimentos Industrializados,Zorabian Frango Smoked Ham,20500,5,1,19400,250,FALSE,250
Alimentos Industrializados,Kissan Abacaxi Jam,16500,9,1,14900,500,FALSE,500
Alimentos Industrializados,Smith & Jones Masala Macarrao instantaneo,8900,0,5,8900,480,FALSE,480
Alimentos Industrializados,Nestle Nestle Nan Pro Follow-Up Formula,65000,0,6,65000,400,FALSE,400
Alimentos Industrializados,Sunfeast Yippee! Poder Para cima Farinha de trigo integral Macarrao instantaneo,9600,15,6,8100,280,FALSE,280
Alimentos Industrializados,McCain Super Wedges,12000,7,6,11100,400,FALSE,400
Alimentos Industrializados,"Kellogg's Crocante Granola Honey, Almonds, Strawberries & Abobora Sementes",33000,10,1,29400,450,FALSE,450
Alimentos Industrializados,Kellogg's Chocos,13000,10,6,11700,250,FALSE,250
Alimentos Industrializados,Ching's Segredo Apenas De molho - Integral Trigo Vegetariano Hakka Macarrao,3200,0,3,3200,150,FALSE,150
Alimentos Industrializados,Integral Truth Vegano Fig Apricot & Laranja Energia Barra Sem Acucar,6000,20,6,4800,40,FALSE,40
Alimentos Industrializados,Saffola Vegetal Toque Masala Aveia,19500,12,2,17100,500,FALSE,500
Alimentos Industrializados,ITC Mestre Chef Classico Batata Tikki,8000,10,3,7200,320,FALSE,320
Alimentos Industrializados,Smith & Jones Rosa Macarrao Molho Mistura,4000,0,4,4000,46,FALSE,46
Alimentos Industrializados,Wingreens Farms Chipotle Molho,20000,25,1,15000,180,FALSE,180
Alimentos Industrializados,Kellogg's Real Amendoa & Mel Milho Flocos,55000,5,3,52000,1000,FALSE,1
Alimentos Industrializados,Kellogg's Crocante Granola Chocolate & Amendoas,33000,10,3,29400,450,FALSE,450
Alimentos Industrializados,Cornitos Cornitos Taco Shells - 6 Inches,16000,20,4,12800,180,FALSE,180
Alimentos Industrializados,Ching's Segredo Singapura Curry Instantaneo Macarrao instantaneo,1500,0,3,1500,60,FALSE,60
Alimentos Industrializados,Mother's Receita Picles - Manga,12500,9,6,11300,400,FALSE,500
Alimentos Industrializados,Godrej Yummiez Pimenta Frango Linguicas ,16000,10,3,14400,250,FALSE,250
Alimentos Industrializados,Pedigree Dentastix Cachorro Guloseima Oral Cuidado para Adulto Medio Breed ,17500,20,6,14000,180,FALSE,180
Alimentos Industrializados,Maggi Picante & Doce - Tomate Pimenta Molho,17000,10,1,15300,1000,FALSE,1
Alimentos Industrializados,Ching's Segredo Asian Picante Instantaneo Sopa,1500,0,3,1500,15,FALSE,15
Alimentos Industrializados,Kellogg’s Chocos Proteina E Fibra De 1 Roti,49900,11,6,44400,1200,FALSE,1
Alimentos Industrializados,Mother's Receita Picles - Manga,14900,26,4,10900,500,FALSE,500
Alimentos Industrializados,Chings Segredo Manchurian Instantaneo Macarrao,6000,0,6,6000,240,FALSE,240
Alimentos Industrializados,Kellogg's Original Milho Flocos,31000,6,6,29000,875,FALSE,875
Alimentos Industrializados,Ching's Singapura Curry Instantaneo Macarrao instantaneo,6000,0,4,6000,240,FALSE,240
Alimentos Industrializados,Kellogg's Amendoas E Cranberries Granola,33000,6,6,31000,460,FALSE,460
Alimentos Industrializados,Nestle Ceregrow Multigraos Cereal com Leite e Frutas - 3 para 6 years,29200,0,6,29200,300,FALSE,300
Alimentos Industrializados,MTR 3 Minuto Cafe da manha - Magico Masala Upma,2500,0,6,2500,60,FALSE,60
Alimentos Industrializados,Smith & Jones Masala Macarrao instantaneo,6800,10,5,6100,360,FALSE,360
Alimentos Industrializados,"Knorr Classico Tomate Sopa Com 100% Real Vegetabls, Sem Adicionado Preservatives",5500,0,6,5500,53,FALSE,53
Alimentos Industrializados,Godrej Yummiez Frango Punjabi Tikka ,29500,9,6,26600,360,FALSE,360
Alimentos Industrializados,Kellogg's Milho Flocos,42500,9,1,38300,1000,FALSE,1
Alimentos Industrializados,Kelloggs Chocos,17000,5,4,16000,385,FALSE,385
Alimentos Industrializados,Pedigree Filhote Seco Cachorro Alimento Alimento Frango & Leite,29000,20,6,23200,1200,FALSE,1200
Alimentos Industrializados,Ching's Segredo Limao Coentro Instantaneo Sopa,1500,0,5,1500,15,FALSE,15
Alimentos Industrializados,Nestle Cerelac Bebe Cereal Com Leite Wheat-Rice Misto Fruta,26100,0,6,26100,300,FALSE,300
Alimentos Industrializados,Kelloggs Chocos - Moons & Stars,66000,40,4,39600,1200,FALSE,1
Alimentos Industrializados,ITC Mestre Chef Frango Galouti Kebab,17000,4,2,16200,210,FALSE,210
Alimentos Industrializados,Yogabar 100% Puro Amendoim Manteiga Cremoso & Saboroso Sem acucar,22900,10,6,20600,400,FALSE,400
Alimentos Industrializados,Kitchens De India Palak Paneer,13000,30,6,9100,285,FALSE,285
Alimentos Industrializados,Kelloggs Chocos Recheios Duplo Chocolat,9900,11,6,8800,175,FALSE,175
Alimentos Industrializados,Soulfull Ragi Pedacos Choco Recheios,16900,5,4,16000,250,FALSE,250
Alimentos Industrializados,Figaro Fatiado Preto Oliva ,17900,0,6,17900,450,FALSE,450
Alimentos Industrializados,Veeba Barbeque Molho,14900,8,6,13700,330,FALSE,330
Alimentos Industrializados,Integral Truth Vegano Mocha Amendoa Fudge Energia Barra Sem Acucar,6000,20,6,4800,40,FALSE,40
Alimentos Industrializados,"Integral Truth - Nuts, Frutas & Sementes Muesli",32500,20,6,26000,350,FALSE,350
Alimentos Industrializados,Pantai Verde Curry Pasta,15000,14,5,12800,114,FALSE,114
Alimentos Industrializados,Kelloggs Especial K,21000,8,5,19200,435,FALSE,435
Alimentos Industrializados,Moi Soi Sichuan Pimenta Oil- Para Refogado Frito Marinada Pasta & Molho,28000,50,5,14000,175,FALSE,175
Alimentos Industrializados,Mother's Receita Madras Appalam,5000,10,6,4500,100,FALSE,100
Alimentos Industrializados,Topo Ramen Masala Oat Masala,8000,10,6,7200,280,FALSE,280
Alimentos Industrializados,Saffola Do dia a dia Peppy Tomate Masala Aveia,19500,12,6,17100,500,FALSE,500
Alimentos Industrializados,"Ching's Segredo Instantaneo Noodles, Picante Alho",6000,0,4,6000,240,FALSE,240
Alimentos Industrializados,Kitchens De India Frango Chettinad,20000,30,1,14000,285,FALSE,285
Alimentos Industrializados,Nestle Cerelac Trigo - Stage 1,19000,0,6,19000,300,FALSE,300
Alimentos Industrializados,Sumeru Batata Paratha,11900,5,6,11300,400,FALSE,400
Alimentos Industrializados,ITC Mestre Chef Vegetal Pizza Bolso,17000,4,4,16200,340,FALSE,340
Alimentos Industrializados,Wingreens Farms Acidinho Queijo Pita Chips & Mexicano Molho Molho,6000,15,1,5100,70,FALSE,70
Alimentos Industrializados,Ching's Segredo Manchow Sopa,5500,0,3,5500,55,FALSE,55
Alimentos Industrializados,Veeba Cenoura & Cucumber Sanduiche Pasta,8500,10,6,7600,250,FALSE,250
Alimentos Industrializados,Kellogg's Real Amendoa & Mel Milho Flocos,37000,12,3,32400,650,FALSE,650
Alimentos Industrializados,Kitchens De India Mughlai Paneer,16000,30,4,11200,285,FALSE,285
Alimentos Industrializados,Ching's Segredo Apenas De molho - Vegetariano Hakka Macarrao instantaneo,3000,0,5,3000,150,FALSE,150
Alimentos Industrializados,Ching's Segredo Chow mein Hakka Macarrao instantaneo Masala,6000,10,2,5400,100,FALSE,100
Alimentos Industrializados,Integral Truth Meio amargo Chocolate Amendoim Manteiga - Crocante,23500,20,5,18800,325,FALSE,325
Alimentos Industrializados,Mother's Receita Bhel Puri Chutney,5500,9,4,5000,200,FALSE,200
Alimentos Industrializados,Kelloggs Chocos Moon & Stars,33000,10,6,29400,680,FALSE,680
Alimentos Industrializados,Mother's Receita Lima Picles ,12000,5,1,11400,400,FALSE,400
Alimentos Industrializados,Kitchens de India Lentilha Makhani,11000,30,2,7700,285,FALSE,285
Alimentos Industrializados,Pantai Leve Soy Molho,27500,14,5,23400,200,FALSE,200
Alimentos Industrializados,Ching's Segredo Doce Milho Sopa,5500,0,6,5500,55,FALSE,55
Alimentos Industrializados,"Topo Ramen Noodles, Farinha de trigo integral",8000,0,1,8000,280,FALSE,280
Alimentos Industrializados,Cantina Tortilla Molho Molho Azedo Cremoso Tex Mex,22500,15,5,19100,190,FALSE,190
Alimentos Industrializados,Dabur Caseiro - Rajasthan Ki Alho Chutne,6500,6,6,6100,200,FALSE,200
Alimentos Industrializados,MTR Seviyan Aletria ,4200,0,2,4200,400,FALSE,400
Alimentos Industrializados,Pantai Oyster Molho,27500,14,4,23400,200,FALSE,200
Alimentos Industrializados,Ir Queijo Pasta - Four Pimentao (Soft & Creamy),9900,5,6,9400,200,FALSE,200
Alimentos Industrializados,MTR Pronto Para Comer Paneer Manteiga Masala,13500,9,2,12200,300,FALSE,300
Alimentos Industrializados,Nestle Lactogen Stage 2 Follow-up Formula Em po,34000,0,2,34000,400,FALSE,400
Alimentos Industrializados,Kellogg's Crocante Pedacos Chocos,19000,10,6,17100,375,FALSE,375
Alimentos Industrializados,Veeba Picante Doce Tomate Pimenta Molho,10400,20,3,8300,500,FALSE,500
Alimentos Industrializados,Borges Durum Trigo Macarrao Superior Quality,25000,40,6,14900,500,FALSE,500
Alimentos Industrializados,Funfoods Amendoim Manteiga Crocante,16900,7,1,15600,400,FALSE,400
Alimentos Industrializados,Pantai Vermelho Curry Pasta,6000,0,4,6000,50,FALSE,50
Alimentos Industrializados,ITC Mestre Chef Frango Seekh Kabab,32500,0,6,32500,500,FALSE,500
Alimentos Industrializados,Del Monte Pizza & Macarrao Molho Spout Pacote,9900,0,3,9900,400,FALSE,400
Alimentos Industrializados,Pantai Sriracha Vermelho Pimenta Molho,22500,15,6,19100,200,FALSE,200
Alimentos Industrializados,Hershey's Cacau Pasta,29500,0,3,29500,350,FALSE,350
Alimentos Industrializados,Maggi Ghee Tadka Upma Express Sache,2500,0,6,2500,65,FALSE,65
Alimentos Industrializados,Ching's Segredo Manchurian Macarrao instantaneo,9100,0,5,9100,360,FALSE,360
Alimentos Industrializados,Kellogg's Todos Bran Trigo Flocos,22000,6,5,20500,425,FALSE,425
Alimentos Industrializados,Yummiez Frango Cafe da manha Linguicas,15000,0,3,15000,250,FALSE,250
Alimentos Industrializados,Pantai Vermelho Curry Pasta,15000,14,3,12800,114,FALSE,114
Alimentos Industrializados,Bagrrys Muesli Crocante Fruta & Castanha Com Cranberries,33000,10,6,29700,400,FALSE,400
Alimentos Industrializados,Quaker Aveia Sache,27600,10,6,24800,1500,FALSE,1
Alimentos Industrializados,Prasuma Momos - Com queijo Apimentado Vegetariano,29500,0,6,29500,24,FALSE,24
Alimentos Industrializados,Veeba Sriracha Pimenta Alho Molho,14900,8,5,13700,320,FALSE,320
Alimentos Industrializados,Ching's Segredo Apenas De molho - Vegetariano Hakka Macarrao instantaneo,11500,0,6,11500,600,FALSE,600
Alimentos Industrializados,Moi Soi Kung Pao Molho - Para Refogado Frito Marinada Pasta & Molho,28000,50,5,14000,175,FALSE,175
Alimentos Industrializados,Figaro Simples Verde Oliva ,17900,0,6,17900,450,FALSE,450
Alimentos Industrializados,Mother's Receita Gujrati Gorkeri Picles,14000,10,3,12600,500,FALSE,500
Alimentos Industrializados,Kellogg's Muesli 20% Castanhas Delicia,32000,0,6,32000,500,FALSE,500
Alimentos Industrializados,Borges Farfalle Durum Trigo Macarrao ,25000,0,5,25000,500,FALSE,500
Alimentos Industrializados,Kellogg's Chocos,29900,10,4,26900,700,FALSE,700
Alimentos Industrializados,Nestle Nan Pro 4 Seguir Para cima Formula Em po Para Older Infants ,62000,0,1,62000,400,FALSE,400
Alimentos Industrializados,Veeba Truly Tomate Ketchup,9900,20,6,7900,500,FALSE,500
Alimentos Industrializados,Ching's Segredo Verde Pimenta Molho,8500,4,1,8100,680,FALSE,680
Alimentos Industrializados,MTR Torrado Aletria ,5500,0,1,5500,400,FALSE,400
Alimentos Industrializados,Mother's Receita Punjabi Teekha Mang Picles,12000,10,4,10800,400,FALSE,400
Alimentos Industrializados,Ching's Segredo Picante Alho Instantaneo Macarrao instantaneo,11400,0,6,11400,480,FALSE,480
Alimentos Industrializados,Kellogg's Real Mel Milho Flocos,29000,7,5,26700,630,FALSE,630
Alimentos Industrializados,ITC Mestre Chef Lebanese Falafel Kebab,13000,4,4,12400,230,FALSE,230
Alimentos Industrializados,Kelloggs Chocos Recheios Duplo Chocolaty,18500,10,5,16500,250,FALSE,250
Alimentos Industrializados,Organico India Maca Cider Vinagre,59500,9,2,53600,500,FALSE,500
Alimentos Industrializados,Masala Aveia Masala & Coentro ,19500,9,5,17600,500,FALSE,500
Alimentos Industrializados,Ching's Segredo Macarrao instantaneo - Absorvente Tailandesa Lemongras,20000,0,5,20000,130,FALSE,130
Alimentos Industrializados,Bagrrys Fruta e Castanha Muesli com Cranberries,49900,0,5,49900,750,FALSE,750
Alimentos Industrializados,Kitchens De India Amarelo Lentilha Tadka,11000,30,6,7700,285,FALSE,285
Alimentos Industrializados,Soulfull Baunilha Recheios - Ragi Pedacos,16900,5,6,16000,250,FALSE,250
Alimentos Industrializados,Pantai Teriyaki Molho com Alho,32500,15,6,27600,200,FALSE,200
Alimentos Industrializados,Whiskas Adulto Bolso Tuna Gato Alimento,41000,0,1,41000,1200,FALSE,1
Alimentos Industrializados,Kitchens De India Frango Darbari ,20000,30,4,14000,285,FALSE,285
Alimentos Industrializados,Soulfull Millet Muesli Fruta & Castanha Amendoas & Real Frutas,29900,10,6,26900,400,FALSE,400
Alimentos Industrializados,Smith & Jones Vermelho Macarrao Molho Mistura,4000,0,6,4000,46,FALSE,46
Alimentos Industrializados,Kellogg's Muesli Castanhas Delicia,42500,9,3,38300,750,FALSE,750
Alimentos Industrializados,Kitchens de India Lentilha Bukhara Molho Mistura,11000,30,6,7700,285,FALSE,285
Alimentos Industrializados,Integral Truth Amendoim Manteiga - Adocado & Crocante,21500,20,6,17200,325,FALSE,325
Alimentos Industrializados,Remia Maionese,23000,0,6,23000,241,FALSE,241
Alimentos Industrializados,Ching's Segredo Verde Pimenta Molho,10500,0,6,10500,425,FALSE,425
Alimentos Industrializados,Bagrrys Fruta N Fibra Muesli - Morango,59500,0,1,59500,1000,FALSE,1
Alimentos Industrializados,Ching's Segredo Tomate Aveia Instantaneo Sopa,1500,0,3,1500,20,FALSE,20
Alimentos Industrializados,Kellogg's Especial K Original Milho Flocos,14000,5,1,13300,290,FALSE,290
Alimentos Industrializados,Moi Soi Preto Bean Molho - Molho Pasta Refogado Frito & Marinada,28000,50,5,14000,175,FALSE,175
Alimentos Industrializados,Tong Garden Wasabi Verde Ervilhas,17500,4,6,16700,150,FALSE,150
Alimentos Industrializados,Ching's Segredo Vermelho Pimenta Molho,10500,0,4,10500,440,FALSE,440
Alimentos Industrializados,Ching's Instantaneo Picante e Azedo Sopa,5500,0,5,5500,55,FALSE,55
Alimentos Industrializados,Ching's Segredo Macarrao instantaneo - Absorvente Tailandesa Original,20000,0,6,20000,130,FALSE,130
Alimentos Industrializados,Aashirvaad Instantaneo Meals - Azedo Doce Pohaa Com Millets,5500,30,5,3800,80,FALSE,80
Alimentos Industrializados,Del Monte Preto Fatiado Olives,25000,0,1,25000,450,FALSE,450
Alimentos Industrializados,Kitchens De India Murgh Feno-grego,22000,30,5,15400,285,FALSE,285
Alimentos Industrializados,Nestle Cerelac 5 Graos & Frutas Cereal,28800,0,6,28800,300,FALSE,300
Alimentos Industrializados,Integral Truth - 5 Grao Muesli Sem Adicionado Acucar,32500,20,6,26000,350,FALSE,350
Alimentos Industrializados,Ching's Segredo Absorvente Tailandesa Macarrao instantaneo Verde Curry,20000,0,6,20000,130,FALSE,130
Alimentos Industrializados,Aashirvaad Suji Halwa Com Rapadura,7500,0,6,7500,70,FALSE,70
Alimentos Industrializados,Mother's Receita Manga Picles ,12000,0,1,12000,400,FALSE,400
Alimentos Industrializados,Ching's Segredo Absorvente Tailandesa Macarrao instantaneo - Extra Picante Tailandesa Pimenta,20000,0,6,20000,130,FALSE,130
Alimentos Industrializados,Kellogg's Especial K Original Milho Flocos,39900,11,6,35500,900,FALSE,900
Alimentos Industrializados,Knorr Doce Milho Frango Sopa,5500,0,2,5500,42,FALSE,42
Alimentos Industrializados,Ching's Segredo Tomate Sopa,5500,0,6,5500,55,FALSE,55
Alimentos Industrializados,Funfoods Amendoim Manteiga Cremoso,16900,0,1,16900,400,FALSE,400
Alimentos Industrializados,Japanese Escolha Udon Macarrao instantaneo,29500,9,6,26600,250,FALSE,250
Alimentos Industrializados,Kelloggs Muesli - Com 22% Fruta Magico,32000,10,5,28800,500,FALSE,500
Alimentos Industrializados,Dabur Caseiro - Kalonji Tamatar Ki Chutney,6500,6,6,6100,200,FALSE,200
Alimentos Industrializados,Kitchens De India Lentilha Makhani,11000,30,1,7700,285,FALSE,285
Alimentos Industrializados,Aashirvaad Suji Halwa Com Rapadura,5500,30,6,3800,80,FALSE,80
Alimentos Industrializados,Del Monte Verde Chili Molho,5500,0,3,5500,190,FALSE,190
Alimentos Industrializados,Pedigree Cachorro Alimento Adulto Frango & Vegetariano,66000,10,1,59400,3000,FALSE,3
Alimentos Industrializados,Kellogg's Original Milho Flocos,18500,5,6,17500,475,FALSE,475
Alimentos Industrializados,Pedigree Filhote Seco Cachorro Alimento Alimento Frango & Leite,69000,6,2,64800,3000,FALSE,3
Alimentos Industrializados,Kitchens De India Feijao vermelho Masala,11000,30,5,7700,285,FALSE,285
Alimentos Industrializados,Cozinha De India Ready-To-Eat Pindi Channa,11000,30,2,7700,285,FALSE,285
Alimentos Industrializados,Figaro Pitted Preto Oliva ,17900,0,6,17900,450,FALSE,450
Alimentos Industrializados,Cantina Tabasco Vermelho Molho,14000,15,6,11900,60,FALSE,60
Alimentos Industrializados,Mother's Receita Picles - Misto,14900,26,6,10900,500,FALSE,500
Alimentos Industrializados,Nestle Cerelac Bebe Cereal com Leite 5 Graos & Legumes from 18 para 24 Month,27900,0,5,27900,300,FALSE,300
Alimentos Industrializados,Mother's Receita Tamarindo Pasta,5000,2,2,4900,200,FALSE,200
Alimentos Industrializados,Pedigree Carne Jerky Adulto Cachorro Guloseima Barbecued Frango,14000,20,6,11200,80,FALSE,80
Alimentos Industrializados,Veeba Peri Peri Molho,16100,0,6,16100,300,FALSE,300
Alimentos Industrializados,Pantai Sriracha Amarelo Pimenta Molho,22500,15,6,19100,200,FALSE,200
Alimentos Industrializados,Praakritik Organico Jumbo Rolled Aveia,19000,11,6,16900,500,FALSE,500
Alimentos Industrializados,Ching's Segredo Apenas De molho - Integral Trigo Vegetariano Hakka Macarrao instantaneo,12300,0,6,12300,600,FALSE,600
Alimentos Industrializados,Pantai Primavera Rolo Molho,27500,10,6,24500,200,FALSE,200
Alimentos Industrializados,MTR Aletria Payasam,7500,0,6,7500,180,FALSE,180
Alimentos Industrializados,Bagrrys Milho Flocos,35000,0,6,35000,880,FALSE,800
Alimentos Industrializados,MTR Pronto Para Comer Palak Paneer ,13500,11,6,12000,300,FALSE,300
Alimentos Industrializados,Del Monte Vermelho Chili Molho,5500,0,5,5500,190,FALSE,190
Alimentos Industrializados,Kitchens de India Ervilha Paneer Mistura,12000,30,4,8400,285,FALSE,285
Alimentos Industrializados,Pantai Verde Curry Pasta,6000,6,6,5600,50,FALSE,50
Alimentos Industrializados,Laughing Vaca Queijo Pasta Simples,11000,0,6,11000,180,FALSE,180
Alimentos Industrializados,MTR Lentilha Frito,11000,0,5,11000,300,FALSE,300
Alimentos Industrializados,Pantai Peixe Molho,27500,14,6,23400,200,FALSE,200
Alimentos Industrializados,Cantina Feijao Mexicano Feijao,25000,14,6,21300,410,FALSE,410
Alimentos Industrializados,Ching's Segredo Manchurian Instantaneo Macarrao,11400,0,6,11400,480,FALSE,480
Alimentos Industrializados,Remia Salada Italiano Molho ,23000,0,6,23000,250,FALSE,250
Alimentos Industrializados,Yummiez Vegetariano Queijo Palitos Sache,23000,0,4,23000,400,FALSE,400
Alimentos Industrializados,MTR Lentilha Makhani,11000,0,4,11000,300,FALSE,300
Alimentos Industrializados,MTR Pronto para Comer Pao Bhaji,11000,0,6,11000,300,FALSE,300
Alimentos Industrializados,Weikfield Tomate Molho Instantaneo Macarrao,2500,0,1,2500,77,FALSE,77
Alimentos Industrializados,Nestlé CERELAC Bebe Cereal com Leite,27200,0,1,27200,300,FALSE,300
Alimentos Industrializados,Remia Salada Caesar Molho,25000,0,6,25000,250,FALSE,250
Alimentos Industrializados,Bagrrys Fruta N Fibra Muesli Misto Fruta,33000,0,6,33000,500,FALSE,500
Alimentos Industrializados,MTR Paneer Manteiga Masala & Vegetariano Pulao,17500,9,4,15800,375,FALSE,375
Alimentos Industrializados,Sundrop Cacau Castanha Hazelnut Chocolatey Pasta,12000,0,6,12000,160,FALSE,160
Alimentos Industrializados,Moi Soi Manchurian Molho - Para Refogado Frito Marinada Pasta & Molho,28000,50,6,14000,175,FALSE,175
Alimentos Industrializados,Pedigree Cachorro Alimento Adulto Carne & Arroz,66000,7,2,60800,3000,FALSE,3
Alimentos Industrializados,Pantai Sriracha Verde Pimenta Molho,22500,15,6,19100,200,FALSE,200
Alimentos Industrializados,Pantai Pimenta Alho Molho,27500,14,6,23400,200,FALSE,200
Alimentos Industrializados,Pantai Meio amargo Soy Molho,27500,14,6,23400,200,FALSE,200
Alimentos Industrializados,Yoga Barra Amendoim Manteiga Meio amargo Chocolate Pote,24900,0,4,24900,400,FALSE,400
Alimentos Industrializados,Cantina Tabasco Verde Molho,14000,15,6,11900,60,FALSE,60
Alimentos Industrializados,Pantai Absorvente Tailandesa Molho (Non-Veg),32500,9,5,29300,200,FALSE,200
Alimentos Industrializados,Pantai Doce Pimenta Molho,27500,14,6,23400,200,FALSE,200
Alimentos Industrializados,Ching's Segredo Schezwan Instantaneo Macarrao,11400,0,6,11400,480,FALSE,480
Alimentos Industrializados,Yummiez Frango Alho Palitos Sache,25000,0,5,25000,400,FALSE,400
Alimentos Industrializados,Pediasure Premium Chocolate Powdered Saude Bebida,61000,0,2,61000,400,FALSE,400
Alimentos Industrializados,Chings Segredo Picante Alho Instantaneo Macarrao instantaneo,9100,0,6,9100,60,FALSE,60
Alimentos Industrializados,Godrej Yummiez Queijo Milho Nuggets ,23000,0,4,23000,400,FALSE,400
Alimentos Industrializados,Pantai Picante Pimenta Molho,27500,14,6,23400,200,FALSE,200
Alimentos Industrializados,Knorr Internacional Mexicano Tomate Milho Sopa ,6500,6,3,6100,52,FALSE,52
Alimentos Industrializados,Bagrry's Fruta Fibra Muesli Misto Fruta ,59500,0,5,59500,1000,FALSE,1
Alimentos Industrializados,MTR Torrado Aletria ,10500,0,4,10500,850,FALSE,850
Alimentos Industrializados,Maggi 2-Minute Instantaneo Macarrao instantaneo - Masala,4400,0,0,4400,280,TRUE,280
Alimentos Industrializados,"Kurkure Verde Chutney, Rajasthani Estilo",2000,0,0,2000,90,TRUE,90
Alimentos Industrializados,Kellogg's Chocos Combo Pacote,6000,6,0,5600,156,TRUE,156
Alimentos Industrializados,Kissan Misto Fruta Jam ,15500,0,0,15500,500,TRUE,500
Alimentos Industrializados,Lijjat Urad Papad,6000,5,0,5700,200,TRUE,200
Alimentos Industrializados,Amul Queijo Pasta Saboroso Simples,8500,0,0,8500,200,TRUE,200
Alimentos Industrializados,Mother's Receita Gengibre E Alho Pasta,5000,24,0,3800,200,TRUE,200
Alimentos Industrializados,Maggi Magico Cubos Frango,4000,2,0,3900,40,TRUE,40
Alimentos Industrializados,Pedigree Filhote Frango Chunks em Molho ,3500,2,0,3400,70,TRUE,70
Alimentos Industrializados,Integral Truth Amendoim Manteiga - Sem acucar & Crocante,18500,20,0,14800,325,TRUE,325
Alimentos Industrializados,Ching's Chow Mein Hakka Macarrao instantaneo Masala,1000,0,0,1000,20,TRUE,20
Alimentos Industrializados,Safal Congelado Misto Legumes,6000,5,0,5700,500,TRUE,500
Alimentos Industrializados,Safal Congelado Milho,4100,4,0,3900,200,TRUE,200
Alimentos Industrializados,Amul Queijo Pasta Apimentado Alho,8500,3,0,8200,200,TRUE,200
Alimentos Industrializados,Ching's Segredo Vegetariano Hakka Macarrao instantaneo,10700,0,0,10700,600,TRUE,600
Alimentos Industrializados,Saffola Aveia 100 % Natural,1500,0,0,1500,38,TRUE,38
Alimentos Industrializados,Lijjat Feijao mungo Papad,6000,5,0,5700,200,TRUE,200
Alimentos Industrializados,Maes Receita Papad - Sabudana Com Rock Sal,3100,9,0,2800,70,TRUE,70
Alimentos Industrializados,Maggi Pimenta Chow Cuppa Macarrao instantaneo,5000,0,0,5000,70,TRUE,70
Alimentos Industrializados,Veeba Favourites Sem ovo Hamburguer Maionese,6900,8,0,6300,250,TRUE,250
Alimentos Industrializados,Sunfeast Yippee! Magico Masala Macarrao instantaneo,4800,6,0,4500,240,TRUE,240
Alimentos Industrializados,Topo Ramen Masala,9100,9,0,8200,560,TRUE,560
Alimentos Industrializados,Kelloggs Milho Flocos Com Real Morango Puro,26500,10,0,23600,575,TRUE,575
Alimentos Industrializados,Mother's Receita Batata Papad,3100,9,0,2800,70,TRUE,75
Alimentos Industrializados,Maes Receita Arroz Papad Ajwain,2400,0,0,2400,75,TRUE,75
Alimentos Industrializados,Chef's Cesta Durum Trigo Penne Macarrao,16000,50,0,8000,500,TRUE,500
Alimentos Industrializados,Dabur Caseiro - Tamarindo Molho Saunth,2000,10,0,1800,100,TRUE,100
Alimentos Industrializados,Zorabian Frango Carne moida Parathas,19000,0,0,19000,300,TRUE,300
Alimentos Industrializados,Sunfeast Macarrao Guloseima Pacote de Tomate Queijo,2800,17,0,2300,65,TRUE,65
Alimentos Industrializados,Safal Congelado - Doce Milho,16000,5,0,15200,1000,TRUE,1
Alimentos Industrializados,MTR Vegetal Upma,2500,0,0,2500,60,TRUE,60
Alimentos Industrializados,Del Monte Original Mistura Tomate Ketchup Sache,12000,7,0,11100,950,TRUE,950
Alimentos Industrializados,Del Monte Natural Vinagre ,5500,3,0,5300,180,TRUE,180
Alimentos Industrializados,Del Monte Sem ovo Mayo,13500,6,0,12600,500,TRUE,500
Alimentos Industrializados,ITC Mestre Chef Com queijo Milho Triangles,16000,5,0,15200,320,TRUE,320
Alimentos Industrializados,Mother's Receita Misto Picles ,11500,4,0,11000,400,TRUE,400
Alimentos Industrializados,Godrej Yummiez Frango Cafe da manha Salami,15000,4,0,14300,250,TRUE,250
Alimentos Industrializados,Hershey's Cacau + Amendoa Pasta,29500,9,0,26600,350,TRUE,350
Alimentos Industrializados,Maggi Especial Masala Apimentado Saboroso Macarrao instantaneo,7200,0,0,7200,280,TRUE,280
Alimentos Industrializados,Del Monte Schezwan Molho,5500,0,0,5500,190,TRUE,190
Alimentos Industrializados,Yummiez Verde Ervilhas,13500,0,0,13500,500,TRUE,500
Alimentos Industrializados,Yummiez Verde Ervilhas,25000,0,0,25000,1000,TRUE,1
Alimentos Industrializados,Yummiez American Doce Milho,8500,0,0,8500,400,TRUE,400
Alimentos Industrializados,Dr Oetker Cucumber & Cenoura Sanduiche Pasta Vegetariano,7900,0,0,7900,250,TRUE,250
Alimentos Industrializados,Del Monte Pitted Verde Olives,25000,0,0,25000,450,TRUE,450
Sorvetes e Sobremesas,Maggi 2 Minuto Masala Macarrao instantaneo,1200,0,6,1200,70,FALSE,70
Sorvetes e Sobremesas,iD Idli & Dosa Batter ,8000,15,6,6800,1000,FALSE,1
Sorvetes e Sobremesas,iD Malabar Parota ,8000,10,4,7200,400,FALSE,400
Sorvetes e Sobremesas,iD Trigo Lachha Paratha,8000,12,6,7000,400,FALSE,400
Sorvetes e Sobremesas,McCain Batata Tikki,11000,4,6,10500,400,FALSE,400
Sorvetes e Sobremesas,McCain Smiles Cripsy Feliz Potatoes,12000,5,6,11400,415,FALSE,415
Sorvetes e Sobremesas,McCain Vegetal Hamburguer Patty,11500,3,6,11100,360,FALSE,360
Sorvetes e Sobremesas,McCain Vegetal Palitos,11700,5,6,11100,400,FALSE,400
Sorvetes e Sobremesas,Amul Delicioso Gordura Pasta - Colesterol Sem,1800,5,6,1700,100,FALSE,100
Sorvetes e Sobremesas,Whiskas Umido Meal (Adult - Gato Food) Frango em Molho,3500,2,2,3400,85,FALSE,85
Sorvetes e Sobremesas,McCain Pimenta Alho Batata Pedacos Crocante Batata Nuggets,12500,5,1,11800,420,FALSE,420
Sorvetes e Sobremesas,Ching's Segredo Instantaneo Picante Alho Macarrao instantaneo,1500,0,3,1500,60,FALSE,60
Sorvetes e Sobremesas,Veeba Sem ovo Maionese,7900,11,5,7000,250,FALSE,250
Sorvetes e Sobremesas,Ching's Segredo Instantaneo Schezwan Macarrao instantaneo,1500,0,6,1500,60,FALSE,60
Sorvetes e Sobremesas,Veeba Macarrao E Pizza Molho,7500,13,5,6500,280,FALSE,280
Sorvetes e Sobremesas,Topo Ramen Macarrao instantaneo Curry Vegetariano Sache,2000,0,1,2000,70,FALSE,70
Sorvetes e Sobremesas,Saffola Vegetal Toque Masala Aveia,1500,0,6,1500,38,FALSE,38
Sorvetes e Sobremesas,Unibic Amendoa & Aveia Proteina Barra,4000,17,4,3300,30,FALSE,30
Sorvetes e Sobremesas,Quaker Aveia,7900,0,2,7900,400,FALSE,400
Sorvetes e Sobremesas,Amul Delicioso Gordura Pasta - Colesterol Sem,8800,2,2,8600,500,FALSE,500
Sorvetes e Sobremesas,McCain Francesa Batata frita,12000,5,1,11400,420,FALSE,420
Sorvetes e Sobremesas,Ching's Segredo Manchow Instantaneo Sopa,1000,0,1,1000,15,FALSE,15
Sorvetes e Sobremesas,McCain Batata Queijo Shotz,13000,4,6,12400,250,FALSE,250
Sorvetes e Sobremesas,McCain Masala - Batata frita,12000,5,3,11400,375,FALSE,375
Sorvetes e Sobremesas,Ching's Segredo Schezwan Frito Arroz Masala,1500,0,6,1500,20,FALSE,20
Sorvetes e Sobremesas,McCain Novo Mini Samosa com Queijo Pizza Estilo Recheio,12000,1,3,11800,240,FALSE,240
Sorvetes e Sobremesas,McCain Pimenta Com queijo Nuggets,13000,4,1,12400,250,FALSE,250
Sorvetes e Sobremesas,"Whiskas Adulto (+1 Year) Seco Gato Food, Ocean Peixe Sabor",43000,10,6,38700,1200,FALSE,1
Sorvetes e Sobremesas,Chings Instantaneo Sopa - Picante & Azedo,1000,0,1,1000,15,FALSE,15
Sorvetes e Sobremesas,Amul Spray Infant Leite Alimento,19700,2,6,19300,500,FALSE,500
Sorvetes e Sobremesas,McCain Smiles - Pudina Chatka,12000,5,3,11400,375,FALSE,375
Sorvetes e Sobremesas,McCain Francesa Batata frita Crocante & Delicioso,17500,4,3,16700,750,FALSE,750
Sorvetes e Sobremesas,Ferrero Nutella Hazelnut Pasta,22000,5,2,20700,180,FALSE,180
Sorvetes e Sobremesas,Lijjat Alho Papad,6000,5,5,5700,200,FALSE,200
Sorvetes e Sobremesas,Switz Samosa Dough Sheets,9000,4,6,8600,50,FALSE,50
Sorvetes e Sobremesas,Amul Queijo Pasta Cremoso,8500,5,6,8000,180,FALSE,180
Sorvetes e Sobremesas,Maggi Tamarindo Molho Pichkoo,2200,0,6,2200,90,FALSE,90
Sorvetes e Sobremesas,Whiskas Kitten (2-12 months) Seco Gato Alimento Alimento Ocean Peixe,38500,9,5,34700,1100,FALSE,1100
Sorvetes e Sobremesas,Chings Instantaneo Sopa - Doce Milho Vegetariano,1000,0,2,1000,15,FALSE,15
Sorvetes e Sobremesas,Whiskas Umido Meal (Kitten - Gato Food) Frango em Molho,3500,5,2,3300,85,FALSE,85
Sorvetes e Sobremesas,McCain Crazy Batata frita Masala MixHot 'n' Acidinho,12000,5,6,11400,400,FALSE,400
Sorvetes e Sobremesas,Integral Truth Duplo Cacau Proteina Barra Sem Acucar,10000,10,6,9000,52,FALSE,52
Sorvetes e Sobremesas,Amul Feliz Treats Francesa Batata frita,6800,4,1,6500,425,FALSE,425
Sorvetes e Sobremesas,Ferrero Nutella Hazeulnut Pasta,38000,6,5,35700,350,FALSE,350
Sorvetes e Sobremesas,Veeba Chipolte Southwest Molho,16100,7,4,14900,300,FALSE,300
Sorvetes e Sobremesas,Ching's Segredo Manchow Macarrao instantaneo Instantaneo Sopa,1500,0,6,1500,20,FALSE,20
Sorvetes e Sobremesas,Yoga Barra Cafe da manha Proteina Barra - Blueberry Torta,5000,12,1,4400,50,FALSE,50
Sorvetes e Sobremesas,Quaker Aveia,19900,7,6,18400,1000,FALSE,1
Sorvetes e Sobremesas,Integral Truth Mini Proteina Barra - Coco Cacau Sem Adicionado Acucar,5500,25,6,4100,27,FALSE,27
Sorvetes e Sobremesas,Switz Primavera Rolo Dough Sheets,9000,4,6,8600,1160,FALSE,20
Sorvetes e Sobremesas,Unibic Fruta & Castanha Real Cranberries & Amendoas Proteina Barra,4000,17,6,3300,30,FALSE,30
Sorvetes e Sobremesas,Ching's Segredo Tomate Instantaneo Sopa,1000,0,1,1000,16,FALSE,15
Sorvetes e Sobremesas,Chef's Cesta Durum Trigo Elbow Macarrao,16000,50,6,8000,500,FALSE,500
Sorvetes e Sobremesas,Sunfeast Yippee! Mood Masala Macarrao instantaneo,6000,28,3,4300,260,FALSE,260
Sorvetes e Sobremesas,MTR Cafe da manha Azedo Doce Poha Mistura,2500,20,6,2000,60,FALSE,60
Sorvetes e Sobremesas,Kellogg's Crocante Fruta & Castanha Cafe da manha Cereais Muesli,44500,9,6,40100,750,FALSE,750
Sorvetes e Sobremesas,Ching's Segredo Pimenta Vinagre,5000,0,4,5000,170,FALSE,170
Sorvetes e Sobremesas,Ching's Vermelho Pimenta Molho,5500,0,6,5500,200,FALSE,200
Sorvetes e Sobremesas,Amul Light Pasta,4000,2,5,3900,100,FALSE,100
Sorvetes e Sobremesas,Borges Durum Trigo Fusilli Macarrao ,25000,0,3,25000,500,FALSE,500
Sorvetes e Sobremesas,Integral Truth Cranberry Mini Proteina Barra Sem Acucar,5500,20,6,4400,27,FALSE,27
Sorvetes e Sobremesas,Integral Truth Mini Proteina Barra - Cafe Cacau Sem Adicionado Acucar,5500,20,6,4400,27,FALSE,27
Sorvetes e Sobremesas,Maggi Picante & Doce Tomate Pimenta Molho,11500,0,1,11500,500,FALSE,500
Sorvetes e Sobremesas,Sunfeast YiPPee! Macarrao instantaneo - Magico Masala,9600,5,4,9100,540,FALSE,540
Sorvetes e Sobremesas,Chef's Cesta Durum Trigo Fusilli Macarrao,16000,50,6,8000,500,FALSE,500
Sorvetes e Sobremesas,Topo Ramen Frango Macarrao instantaneo,6000,10,1,5400,280,FALSE,280
Sorvetes e Sobremesas,Veeba Queijo e Pimenta Sanduiche Pasta,8900,11,6,7900,275,FALSE,275
Sorvetes e Sobremesas,Ching’s Segredo Chow mein Hakka Macarrao instantaneo Masala ,4400,0,2,4400,60,FALSE,60
Sorvetes e Sobremesas,Safal Congelado - Misto Legumes,11000,4,2,10500,1000,FALSE,1
Sorvetes e Sobremesas,MTR 3 Min Poha,2500,0,6,2500,60,FALSE,60
Sorvetes e Sobremesas,Ching's Manchurian Instantaneo Macarrao instantaneo,1500,0,5,1500,60,FALSE,60
Sorvetes e Sobremesas,Integral Truth Amendoim Cacau Mini Proteina Barra Sem Acucar ,5500,25,6,4100,27,FALSE,27
Sorvetes e Sobremesas,Gits Pao Bhaji Pronto para Comer,11000,22,6,8500,300,FALSE,300
Sorvetes e Sobremesas,McCain Novo Mini Samosa com Queijo Milho Estilo Recheio,12000,1,2,11800,240,FALSE,240
Sorvetes e Sobremesas,Lijjat Udad Mini Papad,6000,6,6,5600,200,FALSE,200
Sorvetes e Sobremesas,McCain Herb & Alho Crazy Batata frita Masala Mistura ,12000,5,5,11400,400,FALSE,400
Sorvetes e Sobremesas,Yoga Barra Multigraos Energia Barra Castanhas E Sementes,4000,12,4,3500,38,FALSE,38
Sorvetes e Sobremesas,"Ching's Segredo Sauce, Verde Pimenta",5500,0,5,5500,190,FALSE,190
Sorvetes e Sobremesas,Veeba Pizza Topping,7500,6,4,7000,280,FALSE,280
Sorvetes e Sobremesas,Switz Paratha Puff,11000,4,6,10500,400,FALSE,400
Sorvetes e Sobremesas,"Novo Kellogg's Muesli com 21% Fruit, Castanha & Sementes",32500,6,6,30500,500,FALSE,500
Sorvetes e Sobremesas,Integral Truth Duplo Cacau Mini Proteina Barra Sem Acucar,5500,20,5,4400,27,FALSE,27
Sorvetes e Sobremesas,Sunfeast Yippee Tricolor Macarrao Tempero,2800,17,1,2300,65,FALSE,65
Sorvetes e Sobremesas,Wingreens Com queijo Chipotle Molho,9900,49,1,5000,130,FALSE,130
Sorvetes e Sobremesas,Maggi Rico Tomate Ketchup,10500,4,2,10000,500,FALSE,500
Sorvetes e Sobremesas,Integral Truth Meio amargo Chocolate Amendoim Manteiga - Cremoso,23500,25,6,17400,325,FALSE,325
Sorvetes e Sobremesas,Godrej Yummiez Frango Nuggets,32500,9,1,29300,500,FALSE,500
Sorvetes e Sobremesas,Ir Queijo Pasta Simples,9900,5,6,9400,200,FALSE,200
Sorvetes e Sobremesas,Kellogg's Real Amendoa & Mel Milho Flocos,17500,9,6,15800,300,FALSE,300
Sorvetes e Sobremesas,Integral Truth Vegano Amendoa Choco Fudge Energia Barra Sem Acucar,6000,20,6,4800,40,FALSE,40
Sorvetes e Sobremesas,Prasuma Vegetal Momos,27000,0,5,27000,24,FALSE,24
Sorvetes e Sobremesas,MTR Upma,5000,10,6,4500,160,FALSE,160
Sorvetes e Sobremesas,Ching's Schezwan Masala Instantaneo Macarrao instantaneo,6000,0,1,6000,240,FALSE,240
Sorvetes e Sobremesas,Integral Truth Cranberry Proteina Barra Sem Acucar,10000,26,6,7400,52,FALSE,52
Sorvetes e Sobremesas,Saffola Saboroso Masala Macarrao instantaneo ,2000,0,2,2000,46,FALSE,46
Sorvetes e Sobremesas,Veeba English Mostarda,7400,6,2,6900,300,FALSE,300
Sorvetes e Sobremesas,Dabur Caseiro Tamarindo Pasta,4800,6,6,4500,200,FALSE,200
Sorvetes e Sobremesas,Yoga Barra Cafe da manha Muesli - Amendoa Caramel (No Adicionado Sugar),32500,4,6,30900,400,FALSE,400
Sorvetes e Sobremesas,Integral Truth Mini Proteina Barra - Amendoim Manteiga Sem Adicionado Acucar,5500,25,6,4100,27,FALSE,27
Sorvetes e Sobremesas,ITC Mestre Chef Crocante Frango Batata frita ,17000,4,3,16200,280,FALSE,280
Sorvetes e Sobremesas,Kelloggs Milho Flocos,9900,13,6,8600,250,FALSE,250
Sorvetes e Sobremesas,Nissin Copo Macarrao instantaneo Acidinho Tomate,5000,10,2,4500,70,FALSE,70
Sorvetes e Sobremesas,Smith & Jones Branco Macarrao Molho Mistura,4000,0,3,4000,46,FALSE,46
Sorvetes e Sobremesas,Sunfeast Yippee! Macarrao Guloseima - Azedo Creme Cebola,2800,10,1,2500,65,FALSE,65
Sorvetes e Sobremesas,Maes Receita Tamrind Date Chutney ,5500,9,2,5000,200,FALSE,200
Sorvetes e Sobremesas,Veeba Hortela Maionese,16900,8,4,15500,300,FALSE,300
Sorvetes e Sobremesas,Mccain Emotibites - Crocante Feliz Batata Lanche,13000,0,6,12900,415,FALSE,415
Sorvetes e Sobremesas,Integral Truth Energia Barra Choco Cranberry Fudge,6000,26,6,4400,40,FALSE,40
Sorvetes e Sobremesas,Godrej Yummiez Frango Lucknowi Seekh Kebab,26000,10,4,23400,400,FALSE,400
Sorvetes e Sobremesas,Prasuma Vegetal Momos,15000,0,5,15000,580,FALSE,10
Sorvetes e Sobremesas,Mother's Receita Misto Picles,8500,9,2,7700,300,FALSE,300
Sorvetes e Sobremesas,Sunfeast Yippee! Macarrao Guloseima - Azedo Creme Cebola,2800,17,3,2300,65,FALSE,65
Sorvetes e Sobremesas,Integral Truth Amendoim Cacau Proteina Barra Sem Acucar,10000,26,6,7400,52,FALSE,52
Sorvetes e Sobremesas,Yoga Barra Cafe da manha Muesli - Chocolate & Cranberry ,32500,4,6,30900,400,FALSE,400
Sorvetes e Sobremesas,Sunfeast YiPPee! Magico Masala Macarrao instantaneo,7000,10,3,6300,405,FALSE,405
Sorvetes e Sobremesas,Veeba Doce Cebola Molho,14100,14,4,12100,350,FALSE,350
Sorvetes e Sobremesas,Quaker Aveia Cafe da manha Cereais - Com Sabor Mistura Nutritious Rico Source De Energia,4900,8,6,4500,200,FALSE,200
Sorvetes e Sobremesas,Mother's Receita Tamarindo Pasta,5000,2,6,4900,200,FALSE,200
Sorvetes e Sobremesas,Yogabar Sem Adicionado Acucar Proteina Barra Brownie,12500,15,4,10600,60,FALSE,60
Sorvetes e Sobremesas,Bambino Popular Aletria ,4000,2,3,3900,400,FALSE,400
Sorvetes e Sobremesas,Ching's Segredo Mistura Vegetariano Instantaneo Sopa,1000,0,3,1000,15,FALSE,15
Sorvetes e Sobremesas,Mother's Receita Picles - Vermelho Recheado Pimenta,14500,11,3,12900,400,FALSE,400
Sorvetes e Sobremesas,Kellogg's Sem Adicionado Acucar Muesli,33500,11,6,29800,500,FALSE,500
Sorvetes e Sobremesas,Veeba Molho Molho,11900,6,6,11100,360,FALSE,360
Sorvetes e Sobremesas,Veeba Thousand Island Molho,14900,8,6,13700,300,FALSE,300
Sorvetes e Sobremesas,Baggry's Crocante Muesli Amendoa Raisins & Mel,13000,0,5,13000,200,FALSE,200
Sorvetes e Sobremesas,Knorr Chinese Picante E Azedo Vegetariano Sopa,5500,3,1,5300,43,FALSE,43
Sorvetes e Sobremesas,Ir Queijo Pasta - Alho,9900,5,6,9400,200,FALSE,200
Sorvetes e Sobremesas,Integral Truth Amendoim Manteiga Com Tamaras - Cremoso Sem Acucar,21500,9,6,19400,325,FALSE,325
Sorvetes e Sobremesas,Zorabian Frango Smoked Ham,20500,5,1,19400,250,FALSE,250
Sorvetes e Sobremesas,Kissan Abacaxi Jam,16500,9,1,14900,500,FALSE,500
Sorvetes e Sobremesas,Smith & Jones Masala Macarrao instantaneo,8900,0,5,8900,480,FALSE,480
Sorvetes e Sobremesas,Nestle Nestle Nan Pro Follow-Up Formula,65000,0,6,65000,400,FALSE,400
Sorvetes e Sobremesas,Sunfeast Yippee! Poder Para cima Farinha de trigo integral Macarrao instantaneo,9600,15,6,8100,280,FALSE,280
Sorvetes e Sobremesas,McCain Super Wedges,12000,7,6,11100,400,FALSE,400
Sorvetes e Sobremesas,"Kellogg's Crocante Granola Honey, Almonds, Strawberries & Abobora Sementes",33000,10,1,29400,450,FALSE,450
Sorvetes e Sobremesas,Kellogg's Chocos,13000,10,6,11700,250,FALSE,250
Sorvetes e Sobremesas,Ching's Segredo Apenas De molho - Integral Trigo Vegetariano Hakka Macarrao,3200,0,3,3200,150,FALSE,150
Sorvetes e Sobremesas,Integral Truth Vegano Fig Apricot & Laranja Energia Barra Sem Acucar,6000,20,6,4800,40,FALSE,40
Sorvetes e Sobremesas,Saffola Vegetal Toque Masala Aveia,19500,12,2,17100,500,FALSE,500
Sorvetes e Sobremesas,ITC Mestre Chef Classico Batata Tikki,8000,10,3,7200,320,FALSE,320
Sorvetes e Sobremesas,Smith & Jones Rosa Macarrao Molho Mistura,4000,0,4,4000,46,FALSE,46
Sorvetes e Sobremesas,Wingreens Farms Chipotle Molho,20000,25,1,15000,180,FALSE,180
Sorvetes e Sobremesas,Kellogg's Real Amendoa & Mel Milho Flocos,55000,5,3,52000,1000,FALSE,1
Sorvetes e Sobremesas,Kellogg's Crocante Granola Chocolate & Amendoas,33000,10,3,29400,450,FALSE,450
Sorvetes e Sobremesas,Cornitos Cornitos Taco Shells - 6 Inches,16000,20,4,12800,180,FALSE,180
Sorvetes e Sobremesas,Ching's Segredo Singapura Curry Instantaneo Macarrao instantaneo,1500,0,3,1500,60,FALSE,60
Sorvetes e Sobremesas,Mother's Receita Picles - Manga,12500,9,6,11300,400,FALSE,500
Sorvetes e Sobremesas,Godrej Yummiez Pimenta Frango Linguicas ,16000,10,3,14400,250,FALSE,250
Sorvetes e Sobremesas,Pedigree Dentastix Cachorro Guloseima Oral Cuidado para Adulto Medio Breed ,17500,20,6,14000,180,FALSE,180
Sorvetes e Sobremesas,Maggi Picante & Doce - Tomate Pimenta Molho,17000,10,1,15300,1000,FALSE,1
Sorvetes e Sobremesas,Ching's Segredo Asian Picante Instantaneo Sopa,1500,0,3,1500,15,FALSE,15
Sorvetes e Sobremesas,Kellogg’s Chocos Proteina E Fibra De 1 Roti,49900,11,6,44400,1200,FALSE,1
Sorvetes e Sobremesas,Mother's Receita Picles - Manga,14900,26,4,10900,500,FALSE,500
Sorvetes e Sobremesas,Chings Segredo Manchurian Instantaneo Macarrao,6000,0,6,6000,240,FALSE,240
Sorvetes e Sobremesas,Kellogg's Original Milho Flocos,31000,6,6,29000,875,FALSE,875
Sorvetes e Sobremesas,Ching's Singapura Curry Instantaneo Macarrao instantaneo,6000,0,4,6000,240,FALSE,240
Sorvetes e Sobremesas,Kellogg's Amendoas E Cranberries Granola,33000,6,6,31000,460,FALSE,460
Sorvetes e Sobremesas,Nestle Ceregrow Multigraos Cereal com Leite e Frutas - 3 para 6 years,29200,0,6,29200,300,FALSE,300
Sorvetes e Sobremesas,MTR 3 Minuto Cafe da manha - Magico Masala Upma,2500,0,6,2500,60,FALSE,60
Sorvetes e Sobremesas,Smith & Jones Masala Macarrao instantaneo,6800,10,5,6100,360,FALSE,360
Sorvetes e Sobremesas,"Knorr Classico Tomate Sopa Com 100% Real Vegetabls, Sem Adicionado Preservatives",5500,0,6,5500,53,FALSE,53
Sorvetes e Sobremesas,Godrej Yummiez Frango Punjabi Tikka ,29500,9,6,26600,360,FALSE,360
Sorvetes e Sobremesas,Kellogg's Milho Flocos,42500,9,1,38300,1000,FALSE,1
Sorvetes e Sobremesas,Kelloggs Chocos,17000,5,4,16000,385,FALSE,385
Sorvetes e Sobremesas,Pedigree Filhote Seco Cachorro Alimento Alimento Frango & Leite,29000,20,6,23200,1200,FALSE,1200
Sorvetes e Sobremesas,Ching's Segredo Limao Coentro Instantaneo Sopa,1500,0,5,1500,15,FALSE,15
Sorvetes e Sobremesas,Nestle Cerelac Bebe Cereal Com Leite Wheat-Rice Misto Fruta,26100,0,6,26100,300,FALSE,300
Sorvetes e Sobremesas,Kelloggs Chocos - Moons & Stars,66000,40,4,39600,1200,FALSE,1
Sorvetes e Sobremesas,ITC Mestre Chef Frango Galouti Kebab,17000,4,2,16200,210,FALSE,210
Sorvetes e Sobremesas,Yogabar 100% Puro Amendoim Manteiga Cremoso & Saboroso Sem acucar,22900,10,6,20600,400,FALSE,400
Sorvetes e Sobremesas,Kitchens De India Palak Paneer,13000,30,6,9100,285,FALSE,285
Sorvetes e Sobremesas,Kelloggs Chocos Recheios Duplo Chocolat,9900,11,6,8800,175,FALSE,175
Sorvetes e Sobremesas,Soulfull Ragi Pedacos Choco Recheios,16900,5,4,16000,250,FALSE,250
Sorvetes e Sobremesas,Figaro Fatiado Preto Oliva ,17900,0,6,17900,450,FALSE,450
Sorvetes e Sobremesas,Veeba Barbeque Molho,14900,8,6,13700,330,FALSE,330
Sorvetes e Sobremesas,Integral Truth Vegano Mocha Amendoa Fudge Energia Barra Sem Acucar,6000,20,6,4800,40,FALSE,40
Sorvetes e Sobremesas,"Integral Truth - Nuts, Frutas & Sementes Muesli",32500,20,6,26000,350,FALSE,350
Sorvetes e Sobremesas,Pantai Verde Curry Pasta,15000,14,5,12800,114,FALSE,114
Sorvetes e Sobremesas,Kelloggs Especial K,21000,8,5,19200,435,FALSE,435
Sorvetes e Sobremesas,Moi Soi Sichuan Pimenta Oil- Para Refogado Frito Marinada Pasta & Molho,28000,50,5,14000,175,FALSE,175
Sorvetes e Sobremesas,Mother's Receita Madras Appalam,5000,10,6,4500,100,FALSE,100
Sorvetes e Sobremesas,Topo Ramen Masala Oat Masala,8000,10,6,7200,280,FALSE,280
Sorvetes e Sobremesas,Saffola Do dia a dia Peppy Tomate Masala Aveia,19500,12,6,17100,500,FALSE,500
Sorvetes e Sobremesas,"Ching's Segredo Instantaneo Noodles, Picante Alho",6000,0,4,6000,240,FALSE,240
Sorvetes e Sobremesas,Kitchens De India Frango Chettinad,20000,30,1,14000,285,FALSE,285
Sorvetes e Sobremesas,Nestle Cerelac Trigo - Stage 1,19000,0,6,19000,300,FALSE,300
Sorvetes e Sobremesas,Sumeru Batata Paratha,11900,5,6,11300,400,FALSE,400
Sorvetes e Sobremesas,ITC Mestre Chef Vegetal Pizza Bolso,17000,4,4,16200,340,FALSE,340
Sorvetes e Sobremesas,Wingreens Farms Acidinho Queijo Pita Chips & Mexicano Molho Molho,6000,15,1,5100,70,FALSE,70
Sorvetes e Sobremesas,Ching's Segredo Manchow Sopa,5500,0,3,5500,55,FALSE,55
Sorvetes e Sobremesas,Veeba Cenoura & Cucumber Sanduiche Pasta,8500,10,6,7600,250,FALSE,250
Sorvetes e Sobremesas,Kellogg's Real Amendoa & Mel Milho Flocos,37000,12,3,32400,650,FALSE,650
Sorvetes e Sobremesas,Kitchens De India Mughlai Paneer,16000,30,4,11200,285,FALSE,285
Sorvetes e Sobremesas,Ching's Segredo Apenas De molho - Vegetariano Hakka Macarrao instantaneo,3000,0,5,3000,150,FALSE,150
Sorvetes e Sobremesas,Ching's Segredo Chow mein Hakka Macarrao instantaneo Masala,6000,10,2,5400,100,FALSE,100
Sorvetes e Sobremesas,Integral Truth Meio amargo Chocolate Amendoim Manteiga - Crocante,23500,20,5,18800,325,FALSE,325
Sorvetes e Sobremesas,Mother's Receita Bhel Puri Chutney,5500,9,4,5000,200,FALSE,200
Sorvetes e Sobremesas,Kelloggs Chocos Moon & Stars,33000,10,6,29400,680,FALSE,680
Sorvetes e Sobremesas,Mother's Receita Lima Picles ,12000,5,1,11400,400,FALSE,400
Sorvetes e Sobremesas,Kitchens de India Lentilha Makhani,11000,30,2,7700,285,FALSE,285
Sorvetes e Sobremesas,Pantai Leve Soy Molho,27500,14,5,23400,200,FALSE,200
Sorvetes e Sobremesas,Ching's Segredo Doce Milho Sopa,5500,0,6,5500,55,FALSE,55
Sorvetes e Sobremesas,"Topo Ramen Noodles, Farinha de trigo integral",8000,0,1,8000,280,FALSE,280
Sorvetes e Sobremesas,Cantina Tortilla Molho Molho Azedo Cremoso Tex Mex,22500,15,5,19100,190,FALSE,190
Sorvetes e Sobremesas,Dabur Caseiro - Rajasthan Ki Alho Chutne,6500,6,6,6100,200,FALSE,200
Sorvetes e Sobremesas,MTR Seviyan Aletria ,4200,0,2,4200,400,FALSE,400
Sorvetes e Sobremesas,Pantai Oyster Molho,27500,14,4,23400,200,FALSE,200
Sorvetes e Sobremesas,Ir Queijo Pasta - Four Pimentao (Soft & Creamy),9900,5,6,9400,200,FALSE,200
Sorvetes e Sobremesas,MTR Pronto Para Comer Paneer Manteiga Masala,13500,9,2,12200,300,FALSE,300
Sorvetes e Sobremesas,Nestle Lactogen Stage 2 Follow-up Formula Em po,34000,0,2,34000,400,FALSE,400
Sorvetes e Sobremesas,Kellogg's Crocante Pedacos Chocos,19000,10,6,17100,375,FALSE,375
Sorvetes e Sobremesas,Veeba Picante Doce Tomate Pimenta Molho,10400,20,3,8300,500,FALSE,500
Sorvetes e Sobremesas,Borges Durum Trigo Macarrao Superior Quality,25000,40,6,14900,500,FALSE,500
Sorvetes e Sobremesas,Funfoods Amendoim Manteiga Crocante,16900,7,1,15600,400,FALSE,400
Sorvetes e Sobremesas,Pantai Vermelho Curry Pasta,6000,0,4,6000,50,FALSE,50
Sorvetes e Sobremesas,ITC Mestre Chef Frango Seekh Kabab,32500,0,6,32500,500,FALSE,500
Sorvetes e Sobremesas,Del Monte Pizza & Macarrao Molho Spout Pacote,9900,0,3,9900,400,FALSE,400
Sorvetes e Sobremesas,Pantai Sriracha Vermelho Pimenta Molho,22500,15,6,19100,200,FALSE,200
Sorvetes e Sobremesas,Hershey's Cacau Pasta,29500,0,3,29500,350,FALSE,350
Sorvetes e Sobremesas,Maggi Ghee Tadka Upma Express Sache,2500,0,6,2500,65,FALSE,65
Sorvetes e Sobremesas,Ching's Segredo Manchurian Macarrao instantaneo,9100,0,5,9100,360,FALSE,360
Sorvetes e Sobremesas,Kellogg's Todos Bran Trigo Flocos,22000,6,5,20500,425,FALSE,425
Sorvetes e Sobremesas,Yummiez Frango Cafe da manha Linguicas,15000,0,3,15000,250,FALSE,250
Sorvetes e Sobremesas,Pantai Vermelho Curry Pasta,15000,14,3,12800,114,FALSE,114
Sorvetes e Sobremesas,Bagrrys Muesli Crocante Fruta & Castanha Com Cranberries,33000,10,6,29700,400,FALSE,400
Sorvetes e Sobremesas,Quaker Aveia Sache,27600,10,6,24800,1500,FALSE,1
Sorvetes e Sobremesas,Prasuma Momos - Com queijo Apimentado Vegetariano,29500,0,6,29500,24,FALSE,24
Sorvetes e Sobremesas,Veeba Sriracha Pimenta Alho Molho,14900,8,5,13700,320,FALSE,320
Sorvetes e Sobremesas,Ching's Segredo Apenas De molho - Vegetariano Hakka Macarrao instantaneo,11500,0,6,11500,600,FALSE,600
Sorvetes e Sobremesas,Moi Soi Kung Pao Molho - Para Refogado Frito Marinada Pasta & Molho,28000,50,5,14000,175,FALSE,175
Sorvetes e Sobremesas,Figaro Simples Verde Oliva ,17900,0,6,17900,450,FALSE,450
Sorvetes e Sobremesas,Mother's Receita Gujrati Gorkeri Picles,14000,10,3,12600,500,FALSE,500
Sorvetes e Sobremesas,Kellogg's Muesli 20% Castanhas Delicia,32000,0,6,32000,500,FALSE,500
Sorvetes e Sobremesas,Borges Farfalle Durum Trigo Macarrao ,25000,0,5,25000,500,FALSE,500
Sorvetes e Sobremesas,Kellogg's Chocos,29900,10,4,26900,700,FALSE,700
Sorvetes e Sobremesas,Nestle Nan Pro 4 Seguir Para cima Formula Em po Para Older Infants ,62000,0,1,62000,400,FALSE,400
Sorvetes e Sobremesas,Veeba Truly Tomate Ketchup,9900,20,6,7900,500,FALSE,500
Sorvetes e Sobremesas,Ching's Segredo Verde Pimenta Molho,8500,4,1,8100,680,FALSE,680
Sorvetes e Sobremesas,MTR Torrado Aletria ,5500,0,1,5500,400,FALSE,400
Sorvetes e Sobremesas,Mother's Receita Punjabi Teekha Mang Picles,12000,10,4,10800,400,FALSE,400
Sorvetes e Sobremesas,Ching's Segredo Picante Alho Instantaneo Macarrao instantaneo,11400,0,6,11400,480,FALSE,480
Sorvetes e Sobremesas,Kellogg's Real Mel Milho Flocos,29000,7,5,26700,630,FALSE,630
Sorvetes e Sobremesas,ITC Mestre Chef Lebanese Falafel Kebab,13000,4,4,12400,230,FALSE,230
Sorvetes e Sobremesas,Kelloggs Chocos Recheios Duplo Chocolaty,18500,10,5,16500,250,FALSE,250
Sorvetes e Sobremesas,Organico India Maca Cider Vinagre,59500,9,2,53600,500,FALSE,500
Sorvetes e Sobremesas,Masala Aveia Masala & Coentro ,19500,9,5,17600,500,FALSE,500
Sorvetes e Sobremesas,Ching's Segredo Macarrao instantaneo - Absorvente Tailandesa Lemongras,20000,0,5,20000,130,FALSE,130
Sorvetes e Sobremesas,Bagrrys Fruta e Castanha Muesli com Cranberries,49900,0,5,49900,750,FALSE,750
Sorvetes e Sobremesas,Kitchens De India Amarelo Lentilha Tadka,11000,30,6,7700,285,FALSE,285
Sorvetes e Sobremesas,Soulfull Baunilha Recheios - Ragi Pedacos,16900,5,6,16000,250,FALSE,250
Sorvetes e Sobremesas,Pantai Teriyaki Molho com Alho,32500,15,6,27600,200,FALSE,200
Sorvetes e Sobremesas,Whiskas Adulto Bolso Tuna Gato Alimento,41000,0,1,41000,1200,FALSE,1
Sorvetes e Sobremesas,Kitchens De India Frango Darbari ,20000,30,4,14000,285,FALSE,285
Sorvetes e Sobremesas,Soulfull Millet Muesli Fruta & Castanha Amendoas & Real Frutas,29900,10,6,26900,400,FALSE,400
Sorvetes e Sobremesas,Smith & Jones Vermelho Macarrao Molho Mistura,4000,0,6,4000,46,FALSE,46
Sorvetes e Sobremesas,Kellogg's Muesli Castanhas Delicia,42500,9,3,38300,750,FALSE,750
Sorvetes e Sobremesas,Kitchens de India Lentilha Bukhara Molho Mistura,11000,30,6,7700,285,FALSE,285
Sorvetes e Sobremesas,Integral Truth Amendoim Manteiga - Adocado & Crocante,21500,20,6,17200,325,FALSE,325
Sorvetes e Sobremesas,Remia Maionese,23000,0,6,23000,241,FALSE,241
Sorvetes e Sobremesas,Ching's Segredo Verde Pimenta Molho,10500,0,6,10500,425,FALSE,425
Sorvetes e Sobremesas,Bagrrys Fruta N Fibra Muesli - Morango,59500,0,1,59500,1000,FALSE,1
Sorvetes e Sobremesas,Ching's Segredo Tomate Aveia Instantaneo Sopa,1500,0,3,1500,20,FALSE,20
Sorvetes e Sobremesas,Kellogg's Especial K Original Milho Flocos,14000,5,1,13300,290,FALSE,290
Sorvetes e Sobremesas,Moi Soi Preto Bean Molho - Molho Pasta Refogado Frito & Marinada,28000,50,5,14000,175,FALSE,175
Sorvetes e Sobremesas,Tong Garden Wasabi Verde Ervilhas,17500,4,6,16700,150,FALSE,150
Sorvetes e Sobremesas,Ching's Segredo Vermelho Pimenta Molho,10500,0,4,10500,440,FALSE,440
Sorvetes e Sobremesas,Ching's Instantaneo Picante e Azedo Sopa,5500,0,5,5500,55,FALSE,55
Sorvetes e Sobremesas,Ching's Segredo Macarrao instantaneo - Absorvente Tailandesa Original,20000,0,6,20000,130,FALSE,130
Sorvetes e Sobremesas,Aashirvaad Instantaneo Meals - Azedo Doce Pohaa Com Millets,5500,30,5,3800,80,FALSE,80
Sorvetes e Sobremesas,Del Monte Preto Fatiado Olives,25000,0,1,25000,450,FALSE,450
Sorvetes e Sobremesas,Kitchens De India Murgh Feno-grego,22000,30,5,15400,285,FALSE,285
Sorvetes e Sobremesas,Nestle Cerelac 5 Graos & Frutas Cereal,28800,0,6,28800,300,FALSE,300
Sorvetes e Sobremesas,Integral Truth - 5 Grao Muesli Sem Adicionado Acucar,32500,20,6,26000,350,FALSE,350
Sorvetes e Sobremesas,Ching's Segredo Absorvente Tailandesa Macarrao instantaneo Verde Curry,20000,0,6,20000,130,FALSE,130
Sorvetes e Sobremesas,Aashirvaad Suji Halwa Com Rapadura,7500,0,6,7500,70,FALSE,70
Sorvetes e Sobremesas,Mother's Receita Manga Picles ,12000,0,1,12000,400,FALSE,400
Sorvetes e Sobremesas,Ching's Segredo Absorvente Tailandesa Macarrao instantaneo - Extra Picante Tailandesa Pimenta,20000,0,6,20000,130,FALSE,130
Sorvetes e Sobremesas,Kellogg's Especial K Original Milho Flocos,39900,11,6,35500,900,FALSE,900
Sorvetes e Sobremesas,Knorr Doce Milho Frango Sopa,5500,0,2,5500,42,FALSE,42
Sorvetes e Sobremesas,Ching's Segredo Tomate Sopa,5500,0,6,5500,55,FALSE,55
Sorvetes e Sobremesas,Funfoods Amendoim Manteiga Cremoso,16900,0,1,16900,400,FALSE,400
Sorvetes e Sobremesas,Japanese Escolha Udon Macarrao instantaneo,29500,9,6,26600,250,FALSE,250
Sorvetes e Sobremesas,Kelloggs Muesli - Com 22% Fruta Magico,32000,10,5,28800,500,FALSE,500
Sorvetes e Sobremesas,Dabur Caseiro - Kalonji Tamatar Ki Chutney,6500,6,6,6100,200,FALSE,200
Sorvetes e Sobremesas,Kitchens De India Lentilha Makhani,11000,30,1,7700,285,FALSE,285
Sorvetes e Sobremesas,Aashirvaad Suji Halwa Com Rapadura,5500,30,6,3800,80,FALSE,80
Sorvetes e Sobremesas,Del Monte Verde Chili Molho,5500,0,3,5500,190,FALSE,190
Sorvetes e Sobremesas,Pedigree Cachorro Alimento Adulto Frango & Vegetariano,66000,10,1,59400,3000,FALSE,3
Sorvetes e Sobremesas,Kellogg's Original Milho Flocos,18500,5,6,17500,475,FALSE,475
Sorvetes e Sobremesas,Pedigree Filhote Seco Cachorro Alimento Alimento Frango & Leite,69000,6,2,64800,3000,FALSE,3
Sorvetes e Sobremesas,Kitchens De India Feijao vermelho Masala,11000,30,5,7700,285,FALSE,285
Sorvetes e Sobremesas,Cozinha De India Ready-To-Eat Pindi Channa,11000,30,2,7700,285,FALSE,285
Sorvetes e Sobremesas,Figaro Pitted Preto Oliva ,17900,0,6,17900,450,FALSE,450
Sorvetes e Sobremesas,Cantina Tabasco Vermelho Molho,14000,15,6,11900,60,FALSE,60
Sorvetes e Sobremesas,Mother's Receita Picles - Misto,14900,26,6,10900,500,FALSE,500
Sorvetes e Sobremesas,Nestle Cerelac Bebe Cereal com Leite 5 Graos & Legumes from 18 para 24 Month,27900,0,5,27900,300,FALSE,300
Sorvetes e Sobremesas,Mother's Receita Tamarindo Pasta,5000,2,2,4900,200,FALSE,200
Sorvetes e Sobremesas,Pedigree Carne Jerky Adulto Cachorro Guloseima Barbecued Frango,14000,20,6,11200,80,FALSE,80
Sorvetes e Sobremesas,Veeba Peri Peri Molho,16100,0,6,16100,300,FALSE,300
Sorvetes e Sobremesas,Pantai Sriracha Amarelo Pimenta Molho,22500,15,6,19100,200,FALSE,200
Sorvetes e Sobremesas,Praakritik Organico Jumbo Rolled Aveia,19000,11,6,16900,500,FALSE,500
Sorvetes e Sobremesas,Ching's Segredo Apenas De molho - Integral Trigo Vegetariano Hakka Macarrao instantaneo,12300,0,6,12300,600,FALSE,600
Sorvetes e Sobremesas,Pantai Primavera Rolo Molho,27500,10,6,24500,200,FALSE,200
Sorvetes e Sobremesas,MTR Aletria Payasam,7500,0,6,7500,180,FALSE,180
Sorvetes e Sobremesas,Bagrrys Milho Flocos,35000,0,6,35000,880,FALSE,800
Sorvetes e Sobremesas,MTR Pronto Para Comer Palak Paneer ,13500,11,6,12000,300,FALSE,300
Sorvetes e Sobremesas,Del Monte Vermelho Chili Molho,5500,0,5,5500,190,FALSE,190
Sorvetes e Sobremesas,Kitchens de India Ervilha Paneer Mistura,12000,30,4,8400,285,FALSE,285
Sorvetes e Sobremesas,Pantai Verde Curry Pasta,6000,6,6,5600,50,FALSE,50
Sorvetes e Sobremesas,Laughing Vaca Queijo Pasta Simples,11000,0,6,11000,180,FALSE,180
Sorvetes e Sobremesas,MTR Lentilha Frito,11000,0,5,11000,300,FALSE,300
Sorvetes e Sobremesas,Pantai Peixe Molho,27500,14,6,23400,200,FALSE,200
Sorvetes e Sobremesas,Cantina Feijao Mexicano Feijao,25000,14,6,21300,410,FALSE,410
Sorvetes e Sobremesas,Ching's Segredo Manchurian Instantaneo Macarrao,11400,0,6,11400,480,FALSE,480
Sorvetes e Sobremesas,Remia Salada Italiano Molho ,23000,0,6,23000,250,FALSE,250
Sorvetes e Sobremesas,Yummiez Vegetariano Queijo Palitos Sache,23000,0,4,23000,400,FALSE,400
Sorvetes e Sobremesas,MTR Lentilha Makhani,11000,0,4,11000,300,FALSE,300
Sorvetes e Sobremesas,MTR Pronto para Comer Pao Bhaji,11000,0,6,11000,300,FALSE,300
Sorvetes e Sobremesas,Weikfield Tomate Molho Instantaneo Macarrao,2500,0,1,2500,77,FALSE,77
Sorvetes e Sobremesas,Nestlé CERELAC Bebe Cereal com Leite,27200,0,1,27200,300,FALSE,300
Sorvetes e Sobremesas,Remia Salada Caesar Molho,25000,0,6,25000,250,FALSE,250
Sorvetes e Sobremesas,Bagrrys Fruta N Fibra Muesli Misto Fruta,33000,0,6,33000,500,FALSE,500
Sorvetes e Sobremesas,MTR Paneer Manteiga Masala & Vegetariano Pulao,17500,9,4,15800,375,FALSE,375
Sorvetes e Sobremesas,Sundrop Cacau Castanha Hazelnut Chocolatey Pasta,12000,0,6,12000,160,FALSE,160
Sorvetes e Sobremesas,Moi Soi Manchurian Molho - Para Refogado Frito Marinada Pasta & Molho,28000,50,6,14000,175,FALSE,175
Sorvetes e Sobremesas,Pedigree Cachorro Alimento Adulto Carne & Arroz,66000,7,2,60800,3000,FALSE,3
Sorvetes e Sobremesas,Pantai Sriracha Verde Pimenta Molho,22500,15,6,19100,200,FALSE,200
Sorvetes e Sobremesas,Pantai Pimenta Alho Molho,27500,14,6,23400,200,FALSE,200
Sorvetes e Sobremesas,Pantai Meio amargo Soy Molho,27500,14,6,23400,200,FALSE,200
Sorvetes e Sobremesas,Yoga Barra Amendoim Manteiga Meio amargo Chocolate Pote,24900,0,4,24900,400,FALSE,400
Sorvetes e Sobremesas,Cantina Tabasco Verde Molho,14000,15,6,11900,60,FALSE,60
Sorvetes e Sobremesas,Pantai Absorvente Tailandesa Molho (Non-Veg),32500,9,5,29300,200,FALSE,200
Sorvetes e Sobremesas,Pantai Doce Pimenta Molho,27500,14,6,23400,200,FALSE,200
Sorvetes e Sobremesas,Ching's Segredo Schezwan Instantaneo Macarrao,11400,0,6,11400,480,FALSE,480
Sorvetes e Sobremesas,Yummiez Frango Alho Palitos Sache,25000,0,5,25000,400,FALSE,400
Sorvetes e Sobremesas,Pediasure Premium Chocolate Powdered Saude Bebida,61000,0,2,61000,400,FALSE,400
Sorvetes e Sobremesas,Chings Segredo Picante Alho Instantaneo Macarrao instantaneo,9100,0,6,9100,60,FALSE,60
Sorvetes e Sobremesas,Godrej Yummiez Queijo Milho Nuggets ,23000,0,4,23000,400,FALSE,400
Sorvetes e Sobremesas,Pantai Picante Pimenta Molho,27500,14,6,23400,200,FALSE,200
Sorvetes e Sobremesas,Knorr Internacional Mexicano Tomate Milho Sopa ,6500,6,3,6100,52,FALSE,52
Sorvetes e Sobremesas,Bagrry's Fruta Fibra Muesli Misto Fruta ,59500,0,5,59500,1000,FALSE,1
Sorvetes e Sobremesas,MTR Torrado Aletria ,10500,0,4,10500,850,FALSE,850
Sorvetes e Sobremesas,Maggi 2-Minute Instantaneo Macarrao instantaneo - Masala,4400,0,0,4400,280,TRUE,280
Sorvetes e Sobremesas,"Kurkure Verde Chutney, Rajasthani Estilo",2000,0,0,2000,90,TRUE,90
Sorvetes e Sobremesas,Kellogg's Chocos Combo Pacote,6000,6,0,5600,156,TRUE,156
Sorvetes e Sobremesas,Kissan Misto Fruta Jam ,15500,0,0,15500,500,TRUE,500
Sorvetes e Sobremesas,Lijjat Urad Papad,6000,5,0,5700,200,TRUE,200
Sorvetes e Sobremesas,Amul Queijo Pasta Saboroso Simples,8500,0,0,8500,200,TRUE,200
Sorvetes e Sobremesas,Mother's Receita Gengibre E Alho Pasta,5000,24,0,3800,200,TRUE,200
Sorvetes e Sobremesas,Maggi Magico Cubos Frango,4000,2,0,3900,40,TRUE,40
Sorvetes e Sobremesas,Pedigree Filhote Frango Chunks em Molho ,3500,2,0,3400,70,TRUE,70
Sorvetes e Sobremesas,Integral Truth Amendoim Manteiga - Sem acucar & Crocante,18500,20,0,14800,325,TRUE,325
Sorvetes e Sobremesas,Ching's Chow Mein Hakka Macarrao instantaneo Masala,1000,0,0,1000,20,TRUE,20
Sorvetes e Sobremesas,Safal Congelado Misto Legumes,6000,5,0,5700,500,TRUE,500
Sorvetes e Sobremesas,Safal Congelado Milho,4100,4,0,3900,200,TRUE,200
Sorvetes e Sobremesas,Amul Queijo Pasta Apimentado Alho,8500,3,0,8200,200,TRUE,200
Sorvetes e Sobremesas,Ching's Segredo Vegetariano Hakka Macarrao instantaneo,10700,0,0,10700,600,TRUE,600
Sorvetes e Sobremesas,Saffola Aveia 100 % Natural,1500,0,0,1500,38,TRUE,38
Sorvetes e Sobremesas,Lijjat Feijao mungo Papad,6000,5,0,5700,200,TRUE,200
Sorvetes e Sobremesas,Maes Receita Papad - Sabudana Com Rock Sal,3100,9,0,2800,70,TRUE,70
Sorvetes e Sobremesas,Maggi Pimenta Chow Cuppa Macarrao instantaneo,5000,0,0,5000,70,TRUE,70
Sorvetes e Sobremesas,Veeba Favourites Sem ovo Hamburguer Maionese,6900,8,0,6300,250,TRUE,250
Sorvetes e Sobremesas,Sunfeast Yippee! Magico Masala Macarrao instantaneo,4800,6,0,4500,240,TRUE,240
Sorvetes e Sobremesas,Topo Ramen Masala,9100,9,0,8200,560,TRUE,560
Sorvetes e Sobremesas,Kelloggs Milho Flocos Com Real Morango Puro,26500,10,0,23600,575,TRUE,575
Sorvetes e Sobremesas,Mother's Receita Batata Papad,3100,9,0,2800,70,TRUE,75
Sorvetes e Sobremesas,Maes Receita Arroz Papad Ajwain,2400,0,0,2400,75,TRUE,75
Sorvetes e Sobremesas,Chef's Cesta Durum Trigo Penne Macarrao,16000,50,0,8000,500,TRUE,500
Sorvetes e Sobremesas,Dabur Caseiro - Tamarindo Molho Saunth,2000,10,0,1800,100,TRUE,100
Sorvetes e Sobremesas,Zorabian Frango Carne moida Parathas,19000,0,0,19000,300,TRUE,300
Sorvetes e Sobremesas,Sunfeast Macarrao Guloseima Pacote de Tomate Queijo,2800,17,0,2300,65,TRUE,65
Sorvetes e Sobremesas,Safal Congelado - Doce Milho,16000,5,0,15200,1000,TRUE,1
Sorvetes e Sobremesas,MTR Vegetal Upma,2500,0,0,2500,60,TRUE,60
Sorvetes e Sobremesas,Del Monte Original Mistura Tomate Ketchup Sache,12000,7,0,11100,950,TRUE,950
Sorvetes e Sobremesas,Del Monte Natural Vinagre ,5500,3,0,5300,180,TRUE,180
Sorvetes e Sobremesas,Del Monte Sem ovo Mayo,13500,6,0,12600,500,TRUE,500
Sorvetes e Sobremesas,ITC Mestre Chef Com queijo Milho Triangles,16000,5,0,15200,320,TRUE,320
Sorvetes e Sobremesas,Mother's Receita Misto Picles ,11500,4,0,11000,400,TRUE,400
Sorvetes e Sobremesas,Godrej Yummiez Frango Cafe da manha Salami,15000,4,0,14300,250,TRUE,250
Sorvetes e Sobremesas,Hershey's Cacau + Amendoa Pasta,29500,9,0,26600,350,TRUE,350
Sorvetes e Sobremesas,Maggi Especial Masala Apimentado Saboroso Macarrao instantaneo,7200,0,0,7200,280,TRUE,280
Sorvetes e Sobremesas,Del Monte Schezwan Molho,5500,0,0,5500,190,TRUE,190
Sorvetes e Sobremesas,Yummiez Verde Ervilhas,13500,0,0,13500,500,TRUE,500
Sorvetes e Sobremesas,Yummiez Verde Ervilhas,25000,0,0,25000,1000,TRUE,1
Sorvetes e Sobremesas,Yummiez American Doce Milho,8500,0,0,8500,400,TRUE,400
Sorvetes e Sobremesas,Dr Oetker Cucumber & Cenoura Sanduiche Pasta Vegetariano,7900,0,0,7900,250,TRUE,250
Sorvetes e Sobremesas,Del Monte Pitted Verde Olives,25000,0,0,25000,450,TRUE,450
Chocolates e Doces,Maggi 2 Minuto Masala Macarrao instantaneo,1200,0,6,1200,70,FALSE,70
Chocolates e Doces,iD Idli & Dosa Batter ,8000,15,6,6800,1000,FALSE,1
Chocolates e Doces,iD Malabar Parota ,8000,10,4,7200,400,FALSE,400
Chocolates e Doces,iD Trigo Lachha Paratha,8000,12,6,7000,400,FALSE,400
Chocolates e Doces,McCain Batata Tikki,11000,4,6,10500,400,FALSE,400
Chocolates e Doces,McCain Smiles Cripsy Feliz Potatoes,12000,5,6,11400,415,FALSE,415
Chocolates e Doces,McCain Vegetal Hamburguer Patty,11500,3,6,11100,360,FALSE,360
Chocolates e Doces,McCain Vegetal Palitos,11700,5,6,11100,400,FALSE,400
Chocolates e Doces,Amul Delicioso Gordura Pasta - Colesterol Sem,1800,5,6,1700,100,FALSE,100
Chocolates e Doces,Whiskas Umido Meal (Adult - Gato Food) Frango em Molho,3500,2,2,3400,85,FALSE,85
Chocolates e Doces,McCain Pimenta Alho Batata Pedacos Crocante Batata Nuggets,12500,5,1,11800,420,FALSE,420
Chocolates e Doces,Ching's Segredo Instantaneo Picante Alho Macarrao instantaneo,1500,0,3,1500,60,FALSE,60
Chocolates e Doces,Veeba Sem ovo Maionese,7900,11,5,7000,250,FALSE,250
Chocolates e Doces,Ching's Segredo Instantaneo Schezwan Macarrao instantaneo,1500,0,6,1500,60,FALSE,60
Chocolates e Doces,Veeba Macarrao E Pizza Molho,7500,13,5,6500,280,FALSE,280
Chocolates e Doces,Topo Ramen Macarrao instantaneo Curry Vegetariano Sache,2000,0,1,2000,70,FALSE,70
Chocolates e Doces,Saffola Vegetal Toque Masala Aveia,1500,0,6,1500,38,FALSE,38
Chocolates e Doces,Unibic Amendoa & Aveia Proteina Barra,4000,17,4,3300,30,FALSE,30
Chocolates e Doces,Quaker Aveia,7900,0,2,7900,400,FALSE,400
Chocolates e Doces,Amul Delicioso Gordura Pasta - Colesterol Sem,8800,2,2,8600,500,FALSE,500
Chocolates e Doces,McCain Francesa Batata frita,12000,5,1,11400,420,FALSE,420
Chocolates e Doces,Ching's Segredo Manchow Instantaneo Sopa,1000,0,1,1000,15,FALSE,15
Chocolates e Doces,McCain Batata Queijo Shotz,13000,4,6,12400,250,FALSE,250
Chocolates e Doces,McCain Masala - Batata frita,12000,5,3,11400,375,FALSE,375
Chocolates e Doces,Ching's Segredo Schezwan Frito Arroz Masala,1500,0,6,1500,20,FALSE,20
Chocolates e Doces,McCain Novo Mini Samosa com Queijo Pizza Estilo Recheio,12000,1,3,11800,240,FALSE,240
Chocolates e Doces,McCain Pimenta Com queijo Nuggets,13000,4,1,12400,250,FALSE,250
Chocolates e Doces,"Whiskas Adulto (+1 Year) Seco Gato Food, Ocean Peixe Sabor",43000,10,6,38700,1200,FALSE,1
Chocolates e Doces,Chings Instantaneo Sopa - Picante & Azedo,1000,0,1,1000,15,FALSE,15
Chocolates e Doces,Amul Spray Infant Leite Alimento,19700,2,6,19300,500,FALSE,500
Chocolates e Doces,McCain Smiles - Pudina Chatka,12000,5,3,11400,375,FALSE,375
Chocolates e Doces,McCain Francesa Batata frita Crocante & Delicioso,17500,4,3,16700,750,FALSE,750
Chocolates e Doces,Ferrero Nutella Hazelnut Pasta,22000,5,2,20700,180,FALSE,180
Chocolates e Doces,Lijjat Alho Papad,6000,5,5,5700,200,FALSE,200
Chocolates e Doces,Switz Samosa Dough Sheets,9000,4,6,8600,50,FALSE,50
Chocolates e Doces,Amul Queijo Pasta Cremoso,8500,5,6,8000,180,FALSE,180
Chocolates e Doces,Maggi Tamarindo Molho Pichkoo,2200,0,6,2200,90,FALSE,90
Chocolates e Doces,Whiskas Kitten (2-12 months) Seco Gato Alimento Alimento Ocean Peixe,38500,9,5,34700,1100,FALSE,1100
Chocolates e Doces,Chings Instantaneo Sopa - Doce Milho Vegetariano,1000,0,2,1000,15,FALSE,15
Chocolates e Doces,Whiskas Umido Meal (Kitten - Gato Food) Frango em Molho,3500,5,2,3300,85,FALSE,85
Chocolates e Doces,McCain Crazy Batata frita Masala MixHot 'n' Acidinho,12000,5,6,11400,400,FALSE,400
Chocolates e Doces,Integral Truth Duplo Cacau Proteina Barra Sem Acucar,10000,10,6,9000,52,FALSE,52
Chocolates e Doces,Amul Feliz Treats Francesa Batata frita,6800,4,1,6500,425,FALSE,425
Chocolates e Doces,Ferrero Nutella Hazeulnut Pasta,38000,6,5,35700,350,FALSE,350
Chocolates e Doces,Veeba Chipolte Southwest Molho,16100,7,4,14900,300,FALSE,300
Chocolates e Doces,Ching's Segredo Manchow Macarrao instantaneo Instantaneo Sopa,1500,0,6,1500,20,FALSE,20
Chocolates e Doces,Yoga Barra Cafe da manha Proteina Barra - Blueberry Torta,5000,12,1,4400,50,FALSE,50
Chocolates e Doces,Quaker Aveia,19900,7,6,18400,1000,FALSE,1
Chocolates e Doces,Integral Truth Mini Proteina Barra - Coco Cacau Sem Adicionado Acucar,5500,25,6,4100,27,FALSE,27
Chocolates e Doces,Switz Primavera Rolo Dough Sheets,9000,4,6,8600,1160,FALSE,20
Chocolates e Doces,Unibic Fruta & Castanha Real Cranberries & Amendoas Proteina Barra,4000,17,6,3300,30,FALSE,30
Chocolates e Doces,Ching's Segredo Tomate Instantaneo Sopa,1000,0,1,1000,16,FALSE,15
Chocolates e Doces,Chef's Cesta Durum Trigo Elbow Macarrao,16000,50,6,8000,500,FALSE,500
Chocolates e Doces,Sunfeast Yippee! Mood Masala Macarrao instantaneo,6000,28,3,4300,260,FALSE,260
Chocolates e Doces,MTR Cafe da manha Azedo Doce Poha Mistura,2500,20,6,2000,60,FALSE,60
Chocolates e Doces,Kellogg's Crocante Fruta & Castanha Cafe da manha Cereais Muesli,44500,9,6,40100,750,FALSE,750
Chocolates e Doces,Ching's Segredo Pimenta Vinagre,5000,0,4,5000,170,FALSE,170
Chocolates e Doces,Ching's Vermelho Pimenta Molho,5500,0,6,5500,200,FALSE,200
Chocolates e Doces,Amul Light Pasta,4000,2,5,3900,100,FALSE,100
Chocolates e Doces,Borges Durum Trigo Fusilli Macarrao ,25000,0,3,25000,500,FALSE,500
Chocolates e Doces,Integral Truth Cranberry Mini Proteina Barra Sem Acucar,5500,20,6,4400,27,FALSE,27
Chocolates e Doces,Integral Truth Mini Proteina Barra - Cafe Cacau Sem Adicionado Acucar,5500,20,6,4400,27,FALSE,27
Chocolates e Doces,Maggi Picante & Doce Tomate Pimenta Molho,11500,0,1,11500,500,FALSE,500
Chocolates e Doces,Sunfeast YiPPee! Macarrao instantaneo - Magico Masala,9600,5,4,9100,540,FALSE,540
Chocolates e Doces,Chef's Cesta Durum Trigo Fusilli Macarrao,16000,50,6,8000,500,FALSE,500
Chocolates e Doces,Topo Ramen Frango Macarrao instantaneo,6000,10,1,5400,280,FALSE,280
Chocolates e Doces,Veeba Queijo e Pimenta Sanduiche Pasta,8900,11,6,7900,275,FALSE,275
Chocolates e Doces,Ching’s Segredo Chow mein Hakka Macarrao instantaneo Masala ,4400,0,2,4400,60,FALSE,60
Chocolates e Doces,Safal Congelado - Misto Legumes,11000,4,2,10500,1000,FALSE,1
Chocolates e Doces,MTR 3 Min Poha,2500,0,6,2500,60,FALSE,60
Chocolates e Doces,Ching's Manchurian Instantaneo Macarrao instantaneo,1500,0,5,1500,60,FALSE,60
Chocolates e Doces,Integral Truth Amendoim Cacau Mini Proteina Barra Sem Acucar ,5500,25,6,4100,27,FALSE,27
Chocolates e Doces,Gits Pao Bhaji Pronto para Comer,11000,22,6,8500,300,FALSE,300
Chocolates e Doces,McCain Novo Mini Samosa com Queijo Milho Estilo Recheio,12000,1,2,11800,240,FALSE,240
Chocolates e Doces,Lijjat Udad Mini Papad,6000,6,6,5600,200,FALSE,200
Chocolates e Doces,McCain Herb & Alho Crazy Batata frita Masala Mistura ,12000,5,5,11400,400,FALSE,400
Chocolates e Doces,Yoga Barra Multigraos Energia Barra Castanhas E Sementes,4000,12,4,3500,38,FALSE,38
Chocolates e Doces,"Ching's Segredo Sauce, Verde Pimenta",5500,0,5,5500,190,FALSE,190
Chocolates e Doces,Veeba Pizza Topping,7500,6,4,7000,280,FALSE,280
Chocolates e Doces,Switz Paratha Puff,11000,4,6,10500,400,FALSE,400
Chocolates e Doces,"Novo Kellogg's Muesli com 21% Fruit, Castanha & Sementes",32500,6,6,30500,500,FALSE,500
Chocolates e Doces,Integral Truth Duplo Cacau Mini Proteina Barra Sem Acucar,5500,20,5,4400,27,FALSE,27
Chocolates e Doces,Sunfeast Yippee Tricolor Macarrao Tempero,2800,17,1,2300,65,FALSE,65
Chocolates e Doces,Wingreens Com queijo Chipotle Molho,9900,49,1,5000,130,FALSE,130
Chocolates e Doces,Maggi Rico Tomate Ketchup,10500,4,2,10000,500,FALSE,500
Chocolates e Doces,Integral Truth Meio amargo Chocolate Amendoim Manteiga - Cremoso,23500,25,6,17400,325,FALSE,325
Chocolates e Doces,Godrej Yummiez Frango Nuggets,32500,9,1,29300,500,FALSE,500
Chocolates e Doces,Ir Queijo Pasta Simples,9900,5,6,9400,200,FALSE,200
Chocolates e Doces,Kellogg's Real Amendoa & Mel Milho Flocos,17500,9,6,15800,300,FALSE,300
Chocolates e Doces,Integral Truth Vegano Amendoa Choco Fudge Energia Barra Sem Acucar,6000,20,6,4800,40,FALSE,40
Chocolates e Doces,Prasuma Vegetal Momos,27000,0,5,27000,24,FALSE,24
Chocolates e Doces,MTR Upma,5000,10,6,4500,160,FALSE,160
Chocolates e Doces,Ching's Schezwan Masala Instantaneo Macarrao instantaneo,6000,0,1,6000,240,FALSE,240
Chocolates e Doces,Integral Truth Cranberry Proteina Barra Sem Acucar,10000,26,6,7400,52,FALSE,52
Chocolates e Doces,Saffola Saboroso Masala Macarrao instantaneo ,2000,0,2,2000,46,FALSE,46
Chocolates e Doces,Veeba English Mostarda,7400,6,2,6900,300,FALSE,300
Chocolates e Doces,Dabur Caseiro Tamarindo Pasta,4800,6,6,4500,200,FALSE,200
Chocolates e Doces,Yoga Barra Cafe da manha Muesli - Amendoa Caramel (No Adicionado Sugar),32500,4,6,30900,400,FALSE,400
Chocolates e Doces,Integral Truth Mini Proteina Barra - Amendoim Manteiga Sem Adicionado Acucar,5500,25,6,4100,27,FALSE,27
Chocolates e Doces,ITC Mestre Chef Crocante Frango Batata frita ,17000,4,3,16200,280,FALSE,280
Chocolates e Doces,Kelloggs Milho Flocos,9900,13,6,8600,250,FALSE,250
Chocolates e Doces,Nissin Copo Macarrao instantaneo Acidinho Tomate,5000,10,2,4500,70,FALSE,70
Chocolates e Doces,Smith & Jones Branco Macarrao Molho Mistura,4000,0,3,4000,46,FALSE,46
Chocolates e Doces,Sunfeast Yippee! Macarrao Guloseima - Azedo Creme Cebola,2800,10,1,2500,65,FALSE,65
Chocolates e Doces,Maes Receita Tamrind Date Chutney ,5500,9,2,5000,200,FALSE,200
Chocolates e Doces,Veeba Hortela Maionese,16900,8,4,15500,300,FALSE,300
Chocolates e Doces,Mccain Emotibites - Crocante Feliz Batata Lanche,13000,0,6,12900,415,FALSE,415
Chocolates e Doces,Integral Truth Energia Barra Choco Cranberry Fudge,6000,26,6,4400,40,FALSE,40
Chocolates e Doces,Godrej Yummiez Frango Lucknowi Seekh Kebab,26000,10,4,23400,400,FALSE,400
Chocolates e Doces,Prasuma Vegetal Momos,15000,0,5,15000,580,FALSE,10
Chocolates e Doces,Mother's Receita Misto Picles,8500,9,2,7700,300,FALSE,300
Chocolates e Doces,Sunfeast Yippee! Macarrao Guloseima - Azedo Creme Cebola,2800,17,3,2300,65,FALSE,65
Chocolates e Doces,Integral Truth Amendoim Cacau Proteina Barra Sem Acucar,10000,26,6,7400,52,FALSE,52
Chocolates e Doces,Yoga Barra Cafe da manha Muesli - Chocolate & Cranberry ,32500,4,6,30900,400,FALSE,400
Chocolates e Doces,Sunfeast YiPPee! Magico Masala Macarrao instantaneo,7000,10,3,6300,405,FALSE,405
Chocolates e Doces,Veeba Doce Cebola Molho,14100,14,4,12100,350,FALSE,350
Chocolates e Doces,Quaker Aveia Cafe da manha Cereais - Com Sabor Mistura Nutritious Rico Source De Energia,4900,8,6,4500,200,FALSE,200
Chocolates e Doces,Mother's Receita Tamarindo Pasta,5000,2,6,4900,200,FALSE,200
Chocolates e Doces,Yogabar Sem Adicionado Acucar Proteina Barra Brownie,12500,15,4,10600,60,FALSE,60
Chocolates e Doces,Bambino Popular Aletria ,4000,2,3,3900,400,FALSE,400
Chocolates e Doces,Ching's Segredo Mistura Vegetariano Instantaneo Sopa,1000,0,3,1000,15,FALSE,15
Chocolates e Doces,Mother's Receita Picles - Vermelho Recheado Pimenta,14500,11,3,12900,400,FALSE,400
Chocolates e Doces,Kellogg's Sem Adicionado Acucar Muesli,33500,11,6,29800,500,FALSE,500
Chocolates e Doces,Veeba Molho Molho,11900,6,6,11100,360,FALSE,360
Chocolates e Doces,Veeba Thousand Island Molho,14900,8,6,13700,300,FALSE,300
Chocolates e Doces,Baggry's Crocante Muesli Amendoa Raisins & Mel,13000,0,5,13000,200,FALSE,200
Chocolates e Doces,Knorr Chinese Picante E Azedo Vegetariano Sopa,5500,3,1,5300,43,FALSE,43
Chocolates e Doces,Ir Queijo Pasta - Alho,9900,5,6,9400,200,FALSE,200
Chocolates e Doces,Integral Truth Amendoim Manteiga Com Tamaras - Cremoso Sem Acucar,21500,9,6,19400,325,FALSE,325
Chocolates e Doces,Zorabian Frango Smoked Ham,20500,5,1,19400,250,FALSE,250
Chocolates e Doces,Kissan Abacaxi Jam,16500,9,1,14900,500,FALSE,500
Chocolates e Doces,Smith & Jones Masala Macarrao instantaneo,8900,0,5,8900,480,FALSE,480
Chocolates e Doces,Nestle Nestle Nan Pro Follow-Up Formula,65000,0,6,65000,400,FALSE,400
Chocolates e Doces,Sunfeast Yippee! Poder Para cima Farinha de trigo integral Macarrao instantaneo,9600,15,6,8100,280,FALSE,280
Chocolates e Doces,McCain Super Wedges,12000,7,6,11100,400,FALSE,400
Chocolates e Doces,"Kellogg's Crocante Granola Honey, Almonds, Strawberries & Abobora Sementes",33000,10,1,29400,450,FALSE,450
Chocolates e Doces,Kellogg's Chocos,13000,10,6,11700,250,FALSE,250
Chocolates e Doces,Ching's Segredo Apenas De molho - Integral Trigo Vegetariano Hakka Macarrao,3200,0,3,3200,150,FALSE,150
Chocolates e Doces,Integral Truth Vegano Fig Apricot & Laranja Energia Barra Sem Acucar,6000,20,6,4800,40,FALSE,40
Chocolates e Doces,Saffola Vegetal Toque Masala Aveia,19500,12,2,17100,500,FALSE,500
Chocolates e Doces,ITC Mestre Chef Classico Batata Tikki,8000,10,3,7200,320,FALSE,320
Chocolates e Doces,Smith & Jones Rosa Macarrao Molho Mistura,4000,0,4,4000,46,FALSE,46
Chocolates e Doces,Wingreens Farms Chipotle Molho,20000,25,1,15000,180,FALSE,180
Chocolates e Doces,Kellogg's Real Amendoa & Mel Milho Flocos,55000,5,3,52000,1000,FALSE,1
Chocolates e Doces,Kellogg's Crocante Granola Chocolate & Amendoas,33000,10,3,29400,450,FALSE,450
Chocolates e Doces,Cornitos Cornitos Taco Shells - 6 Inches,16000,20,4,12800,180,FALSE,180
Chocolates e Doces,Ching's Segredo Singapura Curry Instantaneo Macarrao instantaneo,1500,0,3,1500,60,FALSE,60
Chocolates e Doces,Mother's Receita Picles - Manga,12500,9,6,11300,400,FALSE,500
Chocolates e Doces,Godrej Yummiez Pimenta Frango Linguicas ,16000,10,3,14400,250,FALSE,250
Chocolates e Doces,Pedigree Dentastix Cachorro Guloseima Oral Cuidado para Adulto Medio Breed ,17500,20,6,14000,180,FALSE,180
Chocolates e Doces,Maggi Picante & Doce - Tomate Pimenta Molho,17000,10,1,15300,1000,FALSE,1
Chocolates e Doces,Ching's Segredo Asian Picante Instantaneo Sopa,1500,0,3,1500,15,FALSE,15
Chocolates e Doces,Kellogg’s Chocos Proteina E Fibra De 1 Roti,49900,11,6,44400,1200,FALSE,1
Chocolates e Doces,Mother's Receita Picles - Manga,14900,26,4,10900,500,FALSE,500
Chocolates e Doces,Chings Segredo Manchurian Instantaneo Macarrao,6000,0,6,6000,240,FALSE,240
Chocolates e Doces,Kellogg's Original Milho Flocos,31000,6,6,29000,875,FALSE,875
Chocolates e Doces,Ching's Singapura Curry Instantaneo Macarrao instantaneo,6000,0,4,6000,240,FALSE,240
Chocolates e Doces,Kellogg's Amendoas E Cranberries Granola,33000,6,6,31000,460,FALSE,460
Chocolates e Doces,Nestle Ceregrow Multigraos Cereal com Leite e Frutas - 3 para 6 years,29200,0,6,29200,300,FALSE,300
Chocolates e Doces,MTR 3 Minuto Cafe da manha - Magico Masala Upma,2500,0,6,2500,60,FALSE,60
Chocolates e Doces,Smith & Jones Masala Macarrao instantaneo,6800,10,5,6100,360,FALSE,360
Chocolates e Doces,"Knorr Classico Tomate Sopa Com 100% Real Vegetabls, Sem Adicionado Preservatives",5500,0,6,5500,53,FALSE,53
Chocolates e Doces,Godrej Yummiez Frango Punjabi Tikka ,29500,9,6,26600,360,FALSE,360
Chocolates e Doces,Kellogg's Milho Flocos,42500,9,1,38300,1000,FALSE,1
Chocolates e Doces,Kelloggs Chocos,17000,5,4,16000,385,FALSE,385
Chocolates e Doces,Pedigree Filhote Seco Cachorro Alimento Alimento Frango & Leite,29000,20,6,23200,1200,FALSE,1200
Chocolates e Doces,Ching's Segredo Limao Coentro Instantaneo Sopa,1500,0,5,1500,15,FALSE,15
Chocolates e Doces,Nestle Cerelac Bebe Cereal Com Leite Wheat-Rice Misto Fruta,26100,0,6,26100,300,FALSE,300
Chocolates e Doces,Kelloggs Chocos - Moons & Stars,66000,40,4,39600,1200,FALSE,1
Chocolates e Doces,ITC Mestre Chef Frango Galouti Kebab,17000,4,2,16200,210,FALSE,210
Chocolates e Doces,Yogabar 100% Puro Amendoim Manteiga Cremoso & Saboroso Sem acucar,22900,10,6,20600,400,FALSE,400
Chocolates e Doces,Kitchens De India Palak Paneer,13000,30,6,9100,285,FALSE,285
Chocolates e Doces,Kelloggs Chocos Recheios Duplo Chocolat,9900,11,6,8800,175,FALSE,175
Chocolates e Doces,Soulfull Ragi Pedacos Choco Recheios,16900,5,4,16000,250,FALSE,250
Chocolates e Doces,Figaro Fatiado Preto Oliva ,17900,0,6,17900,450,FALSE,450
Chocolates e Doces,Veeba Barbeque Molho,14900,8,6,13700,330,FALSE,330
Chocolates e Doces,Integral Truth Vegano Mocha Amendoa Fudge Energia Barra Sem Acucar,6000,20,6,4800,40,FALSE,40
Chocolates e Doces,"Integral Truth - Nuts, Frutas & Sementes Muesli",32500,20,6,26000,350,FALSE,350
Chocolates e Doces,Pantai Verde Curry Pasta,15000,14,5,12800,114,FALSE,114
Chocolates e Doces,Kelloggs Especial K,21000,8,5,19200,435,FALSE,435
Chocolates e Doces,Moi Soi Sichuan Pimenta Oil- Para Refogado Frito Marinada Pasta & Molho,28000,50,5,14000,175,FALSE,175
Chocolates e Doces,Mother's Receita Madras Appalam,5000,10,6,4500,100,FALSE,100
Chocolates e Doces,Topo Ramen Masala Oat Masala,8000,10,6,7200,280,FALSE,280
Chocolates e Doces,Saffola Do dia a dia Peppy Tomate Masala Aveia,19500,12,6,17100,500,FALSE,500
Chocolates e Doces,"Ching's Segredo Instantaneo Noodles, Picante Alho",6000,0,4,6000,240,FALSE,240
Chocolates e Doces,Kitchens De India Frango Chettinad,20000,30,1,14000,285,FALSE,285
Chocolates e Doces,Nestle Cerelac Trigo - Stage 1,19000,0,6,19000,300,FALSE,300
Chocolates e Doces,Sumeru Batata Paratha,11900,5,6,11300,400,FALSE,400
Chocolates e Doces,ITC Mestre Chef Vegetal Pizza Bolso,17000,4,4,16200,340,FALSE,340
Chocolates e Doces,Wingreens Farms Acidinho Queijo Pita Chips & Mexicano Molho Molho,6000,15,1,5100,70,FALSE,70
Chocolates e Doces,Ching's Segredo Manchow Sopa,5500,0,3,5500,55,FALSE,55
Chocolates e Doces,Veeba Cenoura & Cucumber Sanduiche Pasta,8500,10,6,7600,250,FALSE,250
Chocolates e Doces,Kellogg's Real Amendoa & Mel Milho Flocos,37000,12,3,32400,650,FALSE,650
Chocolates e Doces,Kitchens De India Mughlai Paneer,16000,30,4,11200,285,FALSE,285
Chocolates e Doces,Ching's Segredo Apenas De molho - Vegetariano Hakka Macarrao instantaneo,3000,0,5,3000,150,FALSE,150
Chocolates e Doces,Ching's Segredo Chow mein Hakka Macarrao instantaneo Masala,6000,10,2,5400,100,FALSE,100
Chocolates e Doces,Integral Truth Meio amargo Chocolate Amendoim Manteiga - Crocante,23500,20,5,18800,325,FALSE,325
Chocolates e Doces,Mother's Receita Bhel Puri Chutney,5500,9,4,5000,200,FALSE,200
Chocolates e Doces,Kelloggs Chocos Moon & Stars,33000,10,6,29400,680,FALSE,680
Chocolates e Doces,Mother's Receita Lima Picles ,12000,5,1,11400,400,FALSE,400
Chocolates e Doces,Kitchens de India Lentilha Makhani,11000,30,2,7700,285,FALSE,285
Chocolates e Doces,Pantai Leve Soy Molho,27500,14,5,23400,200,FALSE,200
Chocolates e Doces,Ching's Segredo Doce Milho Sopa,5500,0,6,5500,55,FALSE,55
Chocolates e Doces,"Topo Ramen Noodles, Farinha de trigo integral",8000,0,1,8000,280,FALSE,280
Chocolates e Doces,Cantina Tortilla Molho Molho Azedo Cremoso Tex Mex,22500,15,5,19100,190,FALSE,190
Chocolates e Doces,Dabur Caseiro - Rajasthan Ki Alho Chutne,6500,6,6,6100,200,FALSE,200
Chocolates e Doces,MTR Seviyan Aletria ,4200,0,2,4200,400,FALSE,400
Chocolates e Doces,Pantai Oyster Molho,27500,14,4,23400,200,FALSE,200
Chocolates e Doces,Ir Queijo Pasta - Four Pimentao (Soft & Creamy),9900,5,6,9400,200,FALSE,200
Chocolates e Doces,MTR Pronto Para Comer Paneer Manteiga Masala,13500,9,2,12200,300,FALSE,300
Chocolates e Doces,Nestle Lactogen Stage 2 Follow-up Formula Em po,34000,0,2,34000,400,FALSE,400
Chocolates e Doces,Kellogg's Crocante Pedacos Chocos,19000,10,6,17100,375,FALSE,375
Chocolates e Doces,Veeba Picante Doce Tomate Pimenta Molho,10400,20,3,8300,500,FALSE,500
Chocolates e Doces,Borges Durum Trigo Macarrao Superior Quality,25000,40,6,14900,500,FALSE,500
Chocolates e Doces,Funfoods Amendoim Manteiga Crocante,16900,7,1,15600,400,FALSE,400
Chocolates e Doces,Pantai Vermelho Curry Pasta,6000,0,4,6000,50,FALSE,50
Chocolates e Doces,ITC Mestre Chef Frango Seekh Kabab,32500,0,6,32500,500,FALSE,500
Chocolates e Doces,Del Monte Pizza & Macarrao Molho Spout Pacote,9900,0,3,9900,400,FALSE,400
Chocolates e Doces,Pantai Sriracha Vermelho Pimenta Molho,22500,15,6,19100,200,FALSE,200
Chocolates e Doces,Hershey's Cacau Pasta,29500,0,3,29500,350,FALSE,350
Chocolates e Doces,Maggi Ghee Tadka Upma Express Sache,2500,0,6,2500,65,FALSE,65
Chocolates e Doces,Ching's Segredo Manchurian Macarrao instantaneo,9100,0,5,9100,360,FALSE,360
Chocolates e Doces,Kellogg's Todos Bran Trigo Flocos,22000,6,5,20500,425,FALSE,425
Chocolates e Doces,Yummiez Frango Cafe da manha Linguicas,15000,0,3,15000,250,FALSE,250
Chocolates e Doces,Pantai Vermelho Curry Pasta,15000,14,3,12800,114,FALSE,114
Chocolates e Doces,Bagrrys Muesli Crocante Fruta & Castanha Com Cranberries,33000,10,6,29700,400,FALSE,400
Chocolates e Doces,Quaker Aveia Sache,27600,10,6,24800,1500,FALSE,1
Chocolates e Doces,Prasuma Momos - Com queijo Apimentado Vegetariano,29500,0,6,29500,24,FALSE,24
Chocolates e Doces,Veeba Sriracha Pimenta Alho Molho,14900,8,5,13700,320,FALSE,320
Chocolates e Doces,Ching's Segredo Apenas De molho - Vegetariano Hakka Macarrao instantaneo,11500,0,6,11500,600,FALSE,600
Chocolates e Doces,Moi Soi Kung Pao Molho - Para Refogado Frito Marinada Pasta & Molho,28000,50,5,14000,175,FALSE,175
Chocolates e Doces,Figaro Simples Verde Oliva ,17900,0,6,17900,450,FALSE,450
Chocolates e Doces,Mother's Receita Gujrati Gorkeri Picles,14000,10,3,12600,500,FALSE,500
Chocolates e Doces,Kellogg's Muesli 20% Castanhas Delicia,32000,0,6,32000,500,FALSE,500
Chocolates e Doces,Borges Farfalle Durum Trigo Macarrao ,25000,0,5,25000,500,FALSE,500
Chocolates e Doces,Kellogg's Chocos,29900,10,4,26900,700,FALSE,700
Chocolates e Doces,Nestle Nan Pro 4 Seguir Para cima Formula Em po Para Older Infants ,62000,0,1,62000,400,FALSE,400
Chocolates e Doces,Veeba Truly Tomate Ketchup,9900,20,6,7900,500,FALSE,500
Chocolates e Doces,Ching's Segredo Verde Pimenta Molho,8500,4,1,8100,680,FALSE,680
Chocolates e Doces,MTR Torrado Aletria ,5500,0,1,5500,400,FALSE,400
Chocolates e Doces,Mother's Receita Punjabi Teekha Mang Picles,12000,10,4,10800,400,FALSE,400
Chocolates e Doces,Ching's Segredo Picante Alho Instantaneo Macarrao instantaneo,11400,0,6,11400,480,FALSE,480
Chocolates e Doces,Kellogg's Real Mel Milho Flocos,29000,7,5,26700,630,FALSE,630
Chocolates e Doces,ITC Mestre Chef Lebanese Falafel Kebab,13000,4,4,12400,230,FALSE,230
Chocolates e Doces,Kelloggs Chocos Recheios Duplo Chocolaty,18500,10,5,16500,250,FALSE,250
Chocolates e Doces,Organico India Maca Cider Vinagre,59500,9,2,53600,500,FALSE,500
Chocolates e Doces,Masala Aveia Masala & Coentro ,19500,9,5,17600,500,FALSE,500
Chocolates e Doces,Ching's Segredo Macarrao instantaneo - Absorvente Tailandesa Lemongras,20000,0,5,20000,130,FALSE,130
Chocolates e Doces,Bagrrys Fruta e Castanha Muesli com Cranberries,49900,0,5,49900,750,FALSE,750
Chocolates e Doces,Kitchens De India Amarelo Lentilha Tadka,11000,30,6,7700,285,FALSE,285
Chocolates e Doces,Soulfull Baunilha Recheios - Ragi Pedacos,16900,5,6,16000,250,FALSE,250
Chocolates e Doces,Pantai Teriyaki Molho com Alho,32500,15,6,27600,200,FALSE,200
Chocolates e Doces,Whiskas Adulto Bolso Tuna Gato Alimento,41000,0,1,41000,1200,FALSE,1
Chocolates e Doces,Kitchens De India Frango Darbari ,20000,30,4,14000,285,FALSE,285
Chocolates e Doces,Soulfull Millet Muesli Fruta & Castanha Amendoas & Real Frutas,29900,10,6,26900,400,FALSE,400
Chocolates e Doces,Smith & Jones Vermelho Macarrao Molho Mistura,4000,0,6,4000,46,FALSE,46
Chocolates e Doces,Kellogg's Muesli Castanhas Delicia,42500,9,3,38300,750,FALSE,750
Chocolates e Doces,Kitchens de India Lentilha Bukhara Molho Mistura,11000,30,6,7700,285,FALSE,285
Chocolates e Doces,Integral Truth Amendoim Manteiga - Adocado & Crocante,21500,20,6,17200,325,FALSE,325
Chocolates e Doces,Remia Maionese,23000,0,6,23000,241,FALSE,241
Chocolates e Doces,Ching's Segredo Verde Pimenta Molho,10500,0,6,10500,425,FALSE,425
Chocolates e Doces,Bagrrys Fruta N Fibra Muesli - Morango,59500,0,1,59500,1000,FALSE,1
Chocolates e Doces,Ching's Segredo Tomate Aveia Instantaneo Sopa,1500,0,3,1500,20,FALSE,20
Chocolates e Doces,Kellogg's Especial K Original Milho Flocos,14000,5,1,13300,290,FALSE,290
Chocolates e Doces,Moi Soi Preto Bean Molho - Molho Pasta Refogado Frito & Marinada,28000,50,5,14000,175,FALSE,175
Chocolates e Doces,Tong Garden Wasabi Verde Ervilhas,17500,4,6,16700,150,FALSE,150
Chocolates e Doces,Ching's Segredo Vermelho Pimenta Molho,10500,0,4,10500,440,FALSE,440
Chocolates e Doces,Ching's Instantaneo Picante e Azedo Sopa,5500,0,5,5500,55,FALSE,55
Chocolates e Doces,Ching's Segredo Macarrao instantaneo - Absorvente Tailandesa Original,20000,0,6,20000,130,FALSE,130
Chocolates e Doces,Aashirvaad Instantaneo Meals - Azedo Doce Pohaa Com Millets,5500,30,5,3800,80,FALSE,80
Chocolates e Doces,Del Monte Preto Fatiado Olives,25000,0,1,25000,450,FALSE,450
Chocolates e Doces,Kitchens De India Murgh Feno-grego,22000,30,5,15400,285,FALSE,285
Chocolates e Doces,Nestle Cerelac 5 Graos & Frutas Cereal,28800,0,6,28800,300,FALSE,300
Chocolates e Doces,Integral Truth - 5 Grao Muesli Sem Adicionado Acucar,32500,20,6,26000,350,FALSE,350
Chocolates e Doces,Ching's Segredo Absorvente Tailandesa Macarrao instantaneo Verde Curry,20000,0,6,20000,130,FALSE,130
Chocolates e Doces,Aashirvaad Suji Halwa Com Rapadura,7500,0,6,7500,70,FALSE,70
Chocolates e Doces,Mother's Receita Manga Picles ,12000,0,1,12000,400,FALSE,400
Chocolates e Doces,Ching's Segredo Absorvente Tailandesa Macarrao instantaneo - Extra Picante Tailandesa Pimenta,20000,0,6,20000,130,FALSE,130
Chocolates e Doces,Kellogg's Especial K Original Milho Flocos,39900,11,6,35500,900,FALSE,900
Chocolates e Doces,Knorr Doce Milho Frango Sopa,5500,0,2,5500,42,FALSE,42
Chocolates e Doces,Ching's Segredo Tomate Sopa,5500,0,6,5500,55,FALSE,55
Chocolates e Doces,Funfoods Amendoim Manteiga Cremoso,16900,0,1,16900,400,FALSE,400
Chocolates e Doces,Japanese Escolha Udon Macarrao instantaneo,29500,9,6,26600,250,FALSE,250
Chocolates e Doces,Kelloggs Muesli - Com 22% Fruta Magico,32000,10,5,28800,500,FALSE,500
Chocolates e Doces,Dabur Caseiro - Kalonji Tamatar Ki Chutney,6500,6,6,6100,200,FALSE,200
Chocolates e Doces,Kitchens De India Lentilha Makhani,11000,30,1,7700,285,FALSE,285
Chocolates e Doces,Aashirvaad Suji Halwa Com Rapadura,5500,30,6,3800,80,FALSE,80
Chocolates e Doces,Del Monte Verde Chili Molho,5500,0,3,5500,190,FALSE,190
Chocolates e Doces,Pedigree Cachorro Alimento Adulto Frango & Vegetariano,66000,10,1,59400,3000,FALSE,3
Chocolates e Doces,Kellogg's Original Milho Flocos,18500,5,6,17500,475,FALSE,475
Chocolates e Doces,Pedigree Filhote Seco Cachorro Alimento Alimento Frango & Leite,69000,6,2,64800,3000,FALSE,3
Chocolates e Doces,Kitchens De India Feijao vermelho Masala,11000,30,5,7700,285,FALSE,285
Chocolates e Doces,Cozinha De India Ready-To-Eat Pindi Channa,11000,30,2,7700,285,FALSE,285
Chocolates e Doces,Figaro Pitted Preto Oliva ,17900,0,6,17900,450,FALSE,450
Chocolates e Doces,Cantina Tabasco Vermelho Molho,14000,15,6,11900,60,FALSE,60
Chocolates e Doces,Mother's Receita Picles - Misto,14900,26,6,10900,500,FALSE,500
Chocolates e Doces,Nestle Cerelac Bebe Cereal com Leite 5 Graos & Legumes from 18 para 24 Month,27900,0,5,27900,300,FALSE,300
Chocolates e Doces,Mother's Receita Tamarindo Pasta,5000,2,2,4900,200,FALSE,200
Chocolates e Doces,Pedigree Carne Jerky Adulto Cachorro Guloseima Barbecued Frango,14000,20,6,11200,80,FALSE,80
Chocolates e Doces,Veeba Peri Peri Molho,16100,0,6,16100,300,FALSE,300
Chocolates e Doces,Pantai Sriracha Amarelo Pimenta Molho,22500,15,6,19100,200,FALSE,200
Chocolates e Doces,Praakritik Organico Jumbo Rolled Aveia,19000,11,6,16900,500,FALSE,500
Chocolates e Doces,Ching's Segredo Apenas De molho - Integral Trigo Vegetariano Hakka Macarrao instantaneo,12300,0,6,12300,600,FALSE,600
Chocolates e Doces,Pantai Primavera Rolo Molho,27500,10,6,24500,200,FALSE,200
Chocolates e Doces,MTR Aletria Payasam,7500,0,6,7500,180,FALSE,180
Chocolates e Doces,Bagrrys Milho Flocos,35000,0,6,35000,880,FALSE,800
Chocolates e Doces,MTR Pronto Para Comer Palak Paneer ,13500,11,6,12000,300,FALSE,300
Chocolates e Doces,Del Monte Vermelho Chili Molho,5500,0,5,5500,190,FALSE,190
Chocolates e Doces,Kitchens de India Ervilha Paneer Mistura,12000,30,4,8400,285,FALSE,285
Chocolates e Doces,Pantai Verde Curry Pasta,6000,6,6,5600,50,FALSE,50
Chocolates e Doces,Laughing Vaca Queijo Pasta Simples,11000,0,6,11000,180,FALSE,180
Chocolates e Doces,MTR Lentilha Frito,11000,0,5,11000,300,FALSE,300
Chocolates e Doces,Pantai Peixe Molho,27500,14,6,23400,200,FALSE,200
Chocolates e Doces,Cantina Feijao Mexicano Feijao,25000,14,6,21300,410,FALSE,410
Chocolates e Doces,Ching's Segredo Manchurian Instantaneo Macarrao,11400,0,6,11400,480,FALSE,480
Chocolates e Doces,Remia Salada Italiano Molho ,23000,0,6,23000,250,FALSE,250
Chocolates e Doces,Yummiez Vegetariano Queijo Palitos Sache,23000,0,4,23000,400,FALSE,400
Chocolates e Doces,MTR Lentilha Makhani,11000,0,4,11000,300,FALSE,300
Chocolates e Doces,MTR Pronto para Comer Pao Bhaji,11000,0,6,11000,300,FALSE,300
Chocolates e Doces,Weikfield Tomate Molho Instantaneo Macarrao,2500,0,1,2500,77,FALSE,77
Chocolates e Doces,Nestlé CERELAC Bebe Cereal com Leite,27200,0,1,27200,300,FALSE,300
Chocolates e Doces,Remia Salada Caesar Molho,25000,0,6,25000,250,FALSE,250
Chocolates e Doces,Bagrrys Fruta N Fibra Muesli Misto Fruta,33000,0,6,33000,500,FALSE,500
Chocolates e Doces,MTR Paneer Manteiga Masala & Vegetariano Pulao,17500,9,4,15800,375,FALSE,375
Chocolates e Doces,Sundrop Cacau Castanha Hazelnut Chocolatey Pasta,12000,0,6,12000,160,FALSE,160
Chocolates e Doces,Moi Soi Manchurian Molho - Para Refogado Frito Marinada Pasta & Molho,28000,50,6,14000,175,FALSE,175
Chocolates e Doces,Pedigree Cachorro Alimento Adulto Carne & Arroz,66000,7,2,60800,3000,FALSE,3
Chocolates e Doces,Pantai Sriracha Verde Pimenta Molho,22500,15,6,19100,200,FALSE,200
Chocolates e Doces,Pantai Pimenta Alho Molho,27500,14,6,23400,200,FALSE,200
Chocolates e Doces,Pantai Meio amargo Soy Molho,27500,14,6,23400,200,FALSE,200
Chocolates e Doces,Yoga Barra Amendoim Manteiga Meio amargo Chocolate Pote,24900,0,4,24900,400,FALSE,400
Chocolates e Doces,Cantina Tabasco Verde Molho,14000,15,6,11900,60,FALSE,60
Chocolates e Doces,Pantai Absorvente Tailandesa Molho (Non-Veg),32500,9,5,29300,200,FALSE,200
Chocolates e Doces,Pantai Doce Pimenta Molho,27500,14,6,23400,200,FALSE,200
Chocolates e Doces,Ching's Segredo Schezwan Instantaneo Macarrao,11400,0,6,11400,480,FALSE,480
Chocolates e Doces,Yummiez Frango Alho Palitos Sache,25000,0,5,25000,400,FALSE,400
Chocolates e Doces,Pediasure Premium Chocolate Powdered Saude Bebida,61000,0,2,61000,400,FALSE,400
Chocolates e Doces,Chings Segredo Picante Alho Instantaneo Macarrao instantaneo,9100,0,6,9100,60,FALSE,60
Chocolates e Doces,Godrej Yummiez Queijo Milho Nuggets ,23000,0,4,23000,400,FALSE,400
Chocolates e Doces,Pantai Picante Pimenta Molho,27500,14,6,23400,200,FALSE,200
Chocolates e Doces,Knorr Internacional Mexicano Tomate Milho Sopa ,6500,6,3,6100,52,FALSE,52
Chocolates e Doces,Bagrry's Fruta Fibra Muesli Misto Fruta ,59500,0,5,59500,1000,FALSE,1
Chocolates e Doces,MTR Torrado Aletria ,10500,0,4,10500,850,FALSE,850
Chocolates e Doces,Maggi 2-Minute Instantaneo Macarrao instantaneo - Masala,4400,0,0,4400,280,TRUE,280
Chocolates e Doces,"Kurkure Verde Chutney, Rajasthani Estilo",2000,0,0,2000,90,TRUE,90
Chocolates e Doces,Kellogg's Chocos Combo Pacote,6000,6,0,5600,156,TRUE,156
Chocolates e Doces,Kissan Misto Fruta Jam ,15500,0,0,15500,500,TRUE,500
Chocolates e Doces,Lijjat Urad Papad,6000,5,0,5700,200,TRUE,200
Chocolates e Doces,Amul Queijo Pasta Saboroso Simples,8500,0,0,8500,200,TRUE,200
Chocolates e Doces,Mother's Receita Gengibre E Alho Pasta,5000,24,0,3800,200,TRUE,200
Chocolates e Doces,Maggi Magico Cubos Frango,4000,2,0,3900,40,TRUE,40
Chocolates e Doces,Pedigree Filhote Frango Chunks em Molho ,3500,2,0,3400,70,TRUE,70
Chocolates e Doces,Integral Truth Amendoim Manteiga - Sem acucar & Crocante,18500,20,0,14800,325,TRUE,325
Chocolates e Doces,Ching's Chow Mein Hakka Macarrao instantaneo Masala,1000,0,0,1000,20,TRUE,20
Chocolates e Doces,Safal Congelado Misto Legumes,6000,5,0,5700,500,TRUE,500
Chocolates e Doces,Safal Congelado Milho,4100,4,0,3900,200,TRUE,200
Chocolates e Doces,Amul Queijo Pasta Apimentado Alho,8500,3,0,8200,200,TRUE,200
Chocolates e Doces,Ching's Segredo Vegetariano Hakka Macarrao instantaneo,10700,0,0,10700,600,TRUE,600
Chocolates e Doces,Saffola Aveia 100 % Natural,1500,0,0,1500,38,TRUE,38
Chocolates e Doces,Lijjat Feijao mungo Papad,6000,5,0,5700,200,TRUE,200
Chocolates e Doces,Maes Receita Papad - Sabudana Com Rock Sal,3100,9,0,2800,70,TRUE,70
Chocolates e Doces,Maggi Pimenta Chow Cuppa Macarrao instantaneo,5000,0,0,5000,70,TRUE,70
Chocolates e Doces,Veeba Favourites Sem ovo Hamburguer Maionese,6900,8,0,6300,250,TRUE,250
Chocolates e Doces,Sunfeast Yippee! Magico Masala Macarrao instantaneo,4800,6,0,4500,240,TRUE,240
Chocolates e Doces,Topo Ramen Masala,9100,9,0,8200,560,TRUE,560
Chocolates e Doces,Kelloggs Milho Flocos Com Real Morango Puro,26500,10,0,23600,575,TRUE,575
Chocolates e Doces,Mother's Receita Batata Papad,3100,9,0,2800,70,TRUE,75
Chocolates e Doces,Maes Receita Arroz Papad Ajwain,2400,0,0,2400,75,TRUE,75
Chocolates e Doces,Chef's Cesta Durum Trigo Penne Macarrao,16000,50,0,8000,500,TRUE,500
Chocolates e Doces,Dabur Caseiro - Tamarindo Molho Saunth,2000,10,0,1800,100,TRUE,100
Chocolates e Doces,Zorabian Frango Carne moida Parathas,19000,0,0,19000,300,TRUE,300
Chocolates e Doces,Sunfeast Macarrao Guloseima Pacote de Tomate Queijo,2800,17,0,2300,65,TRUE,65
Chocolates e Doces,Safal Congelado - Doce Milho,16000,5,0,15200,1000,TRUE,1
Chocolates e Doces,MTR Vegetal Upma,2500,0,0,2500,60,TRUE,60
Chocolates e Doces,Del Monte Original Mistura Tomate Ketchup Sache,12000,7,0,11100,950,TRUE,950
Chocolates e Doces,Del Monte Natural Vinagre ,5500,3,0,5300,180,TRUE,180
Chocolates e Doces,Del Monte Sem ovo Mayo,13500,6,0,12600,500,TRUE,500
Chocolates e Doces,ITC Mestre Chef Com queijo Milho Triangles,16000,5,0,15200,320,TRUE,320
Chocolates e Doces,Mother's Receita Misto Picles ,11500,4,0,11000,400,TRUE,400
Chocolates e Doces,Godrej Yummiez Frango Cafe da manha Salami,15000,4,0,14300,250,TRUE,250
Chocolates e Doces,Hershey's Cacau + Amendoa Pasta,29500,9,0,26600,350,TRUE,350
Chocolates e Doces,Maggi Especial Masala Apimentado Saboroso Macarrao instantaneo,7200,0,0,7200,280,TRUE,280
Chocolates e Doces,Del Monte Schezwan Molho,5500,0,0,5500,190,TRUE,190
Chocolates e Doces,Yummiez Verde Ervilhas,13500,0,0,13500,500,TRUE,500
Chocolates e Doces,Yummiez Verde Ervilhas,25000,0,0,25000,1000,TRUE,1
Chocolates e Doces,Yummiez American Doce Milho,8500,0,0,8500,400,TRUE,400
Chocolates e Doces,Dr Oetker Cucumber & Cenoura Sanduiche Pasta Vegetariano,7900,0,0,7900,250,TRUE,250
Chocolates e Doces,Del Monte Pitted Verde Olives,25000,0,0,25000,450,TRUE,450
"Carnes, Peixe e Ovos",Arden Ovos Branco,9700,0,4,9700,696,FALSE,12
"Carnes, Peixe e Ovos",Arden Ovos Branco,6500,15,4,5500,348,FALSE,6
"Carnes, Peixe e Ovos",Arden Ovos Marrom,8500,7,4,7900,348,FALSE,6
"Carnes, Peixe e Ovos",Godrej Real Bom Frango Integral Pre-Cut,30000,10,4,27000,1000,FALSE,1
"Carnes, Peixe e Ovos",Zorabian Frango Peito Sem osso,14500,8,3,13300,250,FALSE,250
"Carnes, Peixe e Ovos",Godrej Real Bom Frango Curry Cortado,17500,9,3,15800,500,FALSE,500
"Carnes, Peixe e Ovos",TGFC Frango Curry Cortado Fresco,24900,25,1,18600,500,FALSE,500
"Carnes, Peixe e Ovos",Arden Desi Ovos,11000,13,4,9500,348,FALSE,6
"Carnes, Peixe e Ovos",Godrej Real Bom Frango Peito Sem osso,27500,9,6,24800,450,FALSE,450
"Carnes, Peixe e Ovos",Fresco Frango Sem osso Cubos (Halal),21500,5,1,20400,500,FALSE,500
"Carnes, Peixe e Ovos",Godrej Real Bom Frango Carne moida,25500,9,3,23000,450,FALSE,450
"Carnes, Peixe e Ovos",Suguna Sharp Ovo ,7200,13,3,6200,348,FALSE,6
"Carnes, Peixe e Ovos",TGFC Bombay Duck Integral Cleaned,31900,14,1,27400,500,FALSE,500
"Carnes, Peixe e Ovos",Zorabian Pre Cortado Frango Skinless (Half),16500,0,1,16500,500,FALSE,500
"Carnes, Peixe e Ovos",Godrej Real Bom Frango Drumstick ,26500,9,2,23900,500,FALSE,500
"Carnes, Peixe e Ovos",Suguna Ativo - DHA,7200,13,4,6200,348,FALSE,6
"Carnes, Peixe e Ovos",Godrej Real Bom Frango Marinated Lollipop ,20000,10,2,18000,580,FALSE,10
"Carnes, Peixe e Ovos",Godrej Yummiez Frango Nuggets,32500,9,1,29300,500,FALSE,500
"Carnes, Peixe e Ovos",Eastern Frango Masala,7000,7,3,6500,100,FALSE,100
"Carnes, Peixe e Ovos",Ching's Frango Pimenta Masala,1000,0,6,1000,20,FALSE,20
"Carnes, Peixe e Ovos",Fresco Frango Integral Leg - Skinless (Halal),16500,4,1,15700,500,FALSE,500
"Carnes, Peixe e Ovos",Ceres Alimentos Peixe Mostarda Instantaneo Liquido Masala,22000,50,6,11000,200,FALSE,200
"Carnes, Peixe e Ovos",TGFC Tilapia Curry Cortado,25900,43,1,14700,500,FALSE,500
"Carnes, Peixe e Ovos",Godrej Yummiez Frango Lucknowi Seekh Kebab,26000,10,4,23400,400,FALSE,400
"Carnes, Peixe e Ovos",Godrej Real Bom Marinated Picante & Grill Frango,24500,9,2,22100,450,FALSE,450
"Carnes, Peixe e Ovos",Everest Carne Masala Em po,7400,9,3,6700,100,FALSE,100
"Carnes, Peixe e Ovos",Suguna Heart- Omega3,7200,13,4,6200,348,FALSE,6
"Carnes, Peixe e Ovos",Everest Em po - Ovo Curry Masala,4000,2,6,3900,50,FALSE,50
"Carnes, Peixe e Ovos",TGFC Frango Sem osso Fresco Integral,26100,14,1,22200,500,FALSE,500
"Carnes, Peixe e Ovos",Zorabian Frango Smoked Ham,20500,5,1,19400,250,FALSE,250
"Carnes, Peixe e Ovos",Suguna Fit Ovo,12000,43,4,6800,348,FALSE,6
"Carnes, Peixe e Ovos",Everest Tandoori Frango Masala,3900,2,5,3800,50,FALSE,50
"Carnes, Peixe e Ovos",Godrej Yummiez Pimenta Frango Linguicas ,16000,10,3,14400,250,FALSE,250
"Carnes, Peixe e Ovos",Godrej Yummiez Frango Punjabi Tikka ,29500,9,6,26600,360,FALSE,360
"Carnes, Peixe e Ovos",Eastern Peixe Masala,4800,2,5,4700,100,FALSE,100
"Carnes, Peixe e Ovos",TGFC Catla Bengali Cortado,29000,29,1,20400,500,FALSE,500
"Carnes, Peixe e Ovos",Godrej Real Bom Frango Leg Sem osso,27500,9,3,24800,450,FALSE,450
"Carnes, Peixe e Ovos",TGFC Rohu Bengali Cortado,24900,28,1,17900,500,FALSE,500
"Carnes, Peixe e Ovos",Godrej Real Bom Frango Lollypop,17500,9,1,15800,580,FALSE,10
"Carnes, Peixe e Ovos",Godrej Real Bom Frango Liver Sealed ,7500,9,1,6800,200,FALSE,200
"Carnes, Peixe e Ovos",Everest Tandoori Frango Masala,7400,9,3,6700,100,FALSE,100
"Carnes, Peixe e Ovos",Fresco Mutton Mince - Carne moida (Halal),51500,3,1,49500,500,FALSE,500
"Carnes, Peixe e Ovos",Fresco Mutton Curry Cortado Cubos (Halal),46500,4,1,44200,500,FALSE,500
"Carnes, Peixe e Ovos",Ceres Alimentos Laal Maas Instantaneo Liquido Masala,22000,50,5,11000,200,FALSE,200
"Carnes, Peixe e Ovos",Godrej Real Bom Frango Legs ,21000,10,1,18900,116,FALSE,2
"Carnes, Peixe e Ovos",Yummiez Frango Cafe da manha Linguicas,15000,0,3,15000,250,FALSE,250
"Carnes, Peixe e Ovos",TGFC Basa Fillets,32900,24,1,24700,500,FALSE,500
"Carnes, Peixe e Ovos",Zorabian Frango Legs Skinless,21000,0,1,21000,450,FALSE,450
"Carnes, Peixe e Ovos",Ceres Alimentos Nalli Nihari Instantaneo Liquido Masala,22000,50,6,11000,200,FALSE,200
"Carnes, Peixe e Ovos",Yummiez Frango Alho Palitos Sache,25000,0,5,25000,400,FALSE,400
"Carnes, Peixe e Ovos",Suhana Tempero Mistura - Frango Biryani,6600,0,6,6600,50,FALSE,50
"Carnes, Peixe e Ovos",Suguna Nutrir Ovo,6200,0,0,6200,696,TRUE,12
"Carnes, Peixe e Ovos",Fresco Frango Curry Cortado - Skinless (Halal),14000,0,0,14000,500,TRUE,500
"Carnes, Peixe e Ovos",Zorabian Frango Peito Sem osso ,14500,0,0,14500,450,TRUE,450
"Carnes, Peixe e Ovos",Zorabian Frango Carne moida Parathas,19000,0,0,19000,300,TRUE,300
"Carnes, Peixe e Ovos",Fresco Frango Mince - Carne moida (Halal),21500,5,0,20400,500,TRUE,500
"Carnes, Peixe e Ovos",Godrej Real Bom Frango Sem osso Cubos ,27500,9,0,24800,450,TRUE,450
"Carnes, Peixe e Ovos",Suguna Vitamina D Ovo,7500,17,0,6200,348,TRUE,6
"Carnes, Peixe e Ovos",Suguna Nutrir Ovo ,7200,16,0,6000,348,TRUE,6
"Carnes, Peixe e Ovos",Zorabian Frango Mince,25000,0,0,25000,450,TRUE,450
"Carnes, Peixe e Ovos",Zorabian Frango Leg Sem osso ,25000,0,0,25000,450,TRUE,450
"Carnes, Peixe e Ovos",Godrej Yummiez Frango Cafe da manha Salami,15000,4,0,14300,250,TRUE,250
"Carnes, Peixe e Ovos",Zorabian Frango Cubos,27000,0,0,27000,500,TRUE,500
Biscoitos,Britannia Bom Dia Castanha de caju Biscoitos,1000,0,6,1000,60,FALSE,58
Biscoitos,Britannia 50-50 Maska Chaska Biscoitos,3200,3,6,3100,120,FALSE,120
Biscoitos,Dukes Waffy Chocolate Wafers,4500,51,4,2200,60,FALSE,75
Biscoitos,Britannia Nutri Escolha Digestivo Biscoito,4500,0,1,4500,200,FALSE,150
Biscoitos,Britannia Goodday Chocochip Biscoitos,12000,17,5,9900,400,FALSE,400
Biscoitos,Britannia Bom Dia Pistache Badam,4500,2,1,4400,200,FALSE,200
Biscoitos,Cadbury Chocobakes Chocolate Filled Biscoitos ,3000,0,5,3000,75,FALSE,75
Biscoitos,Dukes Waffy Morango Rolo,15000,50,3,7500,250,FALSE,250
Biscoitos,Parle Monaco Classico Salty Biscoitos,7000,0,4,7000,400,FALSE,400
Biscoitos,Dukes Waffy Laranja Wafers,4500,51,5,2200,60,FALSE,75
Biscoitos,Britannia Bom Dia Pistache Badam,2000,0,6,2000,100,FALSE,100
Biscoitos,Britannia Leite Bikis Biscoitos Pacote,2000,0,3,2000,200,FALSE,200
Biscoitos,Britannia Toastea (Premium Assar Rusk),6500,0,6,6500,400,FALSE,400
Biscoitos,Dukes Waffy Morango Wafers,4500,51,2,2200,60,FALSE,75
Biscoitos,Britannia Toastea Premium Assar Rosca,3500,0,3,3500,182,FALSE,182
Biscoitos,Lotte Choco Torta ,8000,10,3,7200,168,FALSE,168
Biscoitos,Bauli Moonfils Choco Vegetariano Puff Rolo,1500,0,2,1500,45,FALSE,45
Biscoitos,Sunfeast Meio amargo Fantasy Choco Recheios Biscoitos Pacote,15000,15,3,12700,300,FALSE,300
Biscoitos,Britannia 50-50 Maska Chaska Biscoito,7500,10,6,6750,300,FALSE,300
Biscoitos,Britannnia 50-50 Doce & Salty Biscoito,2500,0,4,2500,200,FALSE,200
Biscoitos,Britannia Bom Dia Chunky Biscoitos,5000,15,6,4250,120,FALSE,120
Biscoitos,Sunfeast Marie Leve,2300,13,1,2000,200,FALSE,200
Biscoitos,Britannia Bourbon Biscoito Compre 4 Ganhe 1 Sem,8000,10,2,7200,500,FALSE,500
Biscoitos,Assar Loja Integral Trigo Aveia Khari,6500,6,5,6100,200,FALSE,200
Biscoitos,Britannia Nutri Escolha Aveia Leite Amendoa Biscoito,2500,10,6,2250,75,FALSE,75
Biscoitos,Sunfeast Meio amargo Fantasy Choco Creme,8000,27,4,5800,300,FALSE,300
Biscoitos,Lotte Choco Torta Chocolate Bolo,2500,0,6,2500,56,FALSE,56
Biscoitos,Sunfeast Mom's Magico Castanha de caju & Amendoa Biscoitos Pacote,3000,10,3,2700,200,FALSE,200
Biscoitos,Unibic Sem acucar - Oatmeal Biscoitos,5000,16,3,4200,75,FALSE,75
Biscoitos,Parle Hide & Seek Biscoitos Com Adicionado Amendoas,3000,3,1,2900,100,FALSE,100
Biscoitos,Unibic Fruta & Castanha Biscoitos,2500,8,3,2300,67,FALSE,67
Biscoitos,Sunfeast Yumfills Whoopie Torta,14000,25,5,10500,253,FALSE,276
Biscoitos,Britannia Toastea Premium Assar Rosca,11000,14,1,9400,700,FALSE,700
Biscoitos,McVitie's Marie biscoitos com Benficios de Calcium,3000,0,6,3000,250,FALSE,250
Biscoitos,Britannia Guloseima Croissant Baunilha Creme Rolo,2000,10,2,1800,47,FALSE,47
Biscoitos,Unibic Mel Oatmeal Biscoitos,2500,8,6,2300,75,FALSE,75
Biscoitos,Britannia Bom Dia Choco Chip Biscoitos,3000,3,6,2900,100,FALSE,100
Biscoitos,Assar Loja Masala Queijo Crackers,9500,6,3,8900,100,FALSE,100
Biscoitos,Britannia Puro Magico Baunilha Creme Biscoito,3500,17,4,2900,100,FALSE,100
Biscoitos,Aberto Segredo Assorted Story Caixa,10500,22,4,8100,75,FALSE,75
Biscoitos,Cadbury Oreo Dipped Biscoito,7000,10,1,6300,150,FALSE,150
Biscoitos,Sunfeast Farmlite Aveia & Amendoas Biscoitos Pacote,6000,10,3,5400,150,FALSE,150
Biscoitos,Unibic Sem acucar - Manteiga Biscoitos,5000,16,6,4200,75,FALSE,75
Biscoitos,Britannia Bom Dia Castanha de caju Biscoitos Pacote,12000,12,6,10560,600,FALSE,600
Biscoitos,Dukes Azedo & Creme Cebola Nibbles Assado,5500,25,3,4100,150,FALSE,150
Biscoitos,Britannia Guloseima Croissant Baunilha Creme Rolo,2000,0,6,2000,47,FALSE,47
Biscoitos,Parle Hide & Seek Choco Rolls,5000,2,4,4900,120,FALSE,120
Biscoitos,Britannia Guloseima Creme Wafers - Baunilha,4500,11,6,4000,60,FALSE,1
Biscoitos,Parle Rosca Elaichi,4800,2,6,4700,300,FALSE,300
Biscoitos,Lotte Choco Torta ,14000,6,2,13100,336,FALSE,336
Biscoitos,Sunfeast Mom's Magico Castanha de caju & Amendoa Biscoitos,12000,15,6,10200,600,FALSE,600
Biscoitos,Unibic Castanha de caju Biscoitos,2500,8,6,2300,75,FALSE,75
Biscoitos,Parle Monaco Jeffs Zeera Biscoito,6000,10,4,5400,200,FALSE,200
Biscoitos,"Unibic Lanche Barra - Multigrain, Choco",4000,17,6,3300,30,FALSE,30
Biscoitos,Assar Loja Feno-grego Khari Simply Delicioso,6500,6,2,6100,200,FALSE,200
Biscoitos,Britannia Guloseima Jimjam Familia Pacote (Buy 4 Ganhe 1 Free),10000,0,6,10000,500,FALSE,500
Biscoitos,Aberto Segredo Choco Amendoa Tiffin Pacote,3500,22,3,2700,25,FALSE,25
Biscoitos,Lotte Choco Torta ,15000,20,6,12000,696,FALSE,12
Biscoitos,Baker Street Suji Rosca Grande Pacote,3000,10,6,2700,200,FALSE,200
Biscoitos,Parle Hide & Seek Choco Rolls,3000,0,1,3000,75,FALSE,75
Biscoitos,Sunfeast Meio amargo Fantasy Baunilha Creme,8000,15,6,6800,300,FALSE,300
Biscoitos,Britannia Guloseima Burst Choco Creme Recheios,3000,0,3,3000,120,FALSE,120
Biscoitos,Parle Milano Misto Berries Biscoitos,3500,2,3,3400,75,FALSE,75
Biscoitos,Karachi Bakery Castanha de caju Biscoitos ,21000,5,4,19900,400,FALSE,400
Biscoitos,Britannia Puro Magico Choco Lush Biscoitos,12000,20,4,9600,300,FALSE,300
Biscoitos,Britannia Treart Creme Wafers Chocolate,4500,11,6,4000,60,FALSE,1
Biscoitos,Unibic Diario Digestivo (Multigrain Cookies),3000,6,6,2800,75,FALSE,75
Biscoitos,Cadbury Chocobakes Choc Filled Biscoitos,6000,0,6,6000,150,FALSE,150
Biscoitos,Assar Loja Integral Trigo Multigraos Toast (Rusk),6000,6,2,5600,200,FALSE,200
Biscoitos,Unibic Choco Kiss Biscoitos,4500,15,5,3800,75,FALSE,75
Biscoitos,Britannia Guloseima Creme Wafers - Laranja,4500,11,6,4000,60,FALSE,60
Biscoitos,Bauli Moonfills Pacote de 4,6000,10,6,5400,180,FALSE,190
Biscoitos,Unibic Oatmeal Digestivo Biscoitos ,5000,6,6,4700,150,FALSE,150
Biscoitos,Orion Choco Torta - Chocolate Coated Macio Biscoito,15000,25,2,11200,336,FALSE,336
Biscoitos,Britannia Bom Dia Castanha de caju Biscoitos Pacote De 6,12000,10,6,10800,120,FALSE,120
Biscoitos,Parle Fab Bourbon,3000,0,3,3000,150,FALSE,150
Biscoitos,Aberto Segredo Branco Choco Tiffin Pacote,3500,22,1,2700,25,FALSE,25
Biscoitos,Assar Loja Integral Trigo Pao Sticks,6000,6,1,5600,100,FALSE,100
Biscoitos,Unibic Assorted Biscoitos ,14900,8,6,13700,450,FALSE,450
Biscoitos,Assar Loja Leite & Raisin Toast (Rusk),6000,6,4,5600,200,FALSE,200
Biscoitos,Lotte Choco Torta Cacau Torta,9000,10,6,8100,168,FALSE,168
Biscoitos,Bauli Moonfils Vegetariano - Morango,1500,0,5,1500,45,FALSE,47
Biscoitos,Assar Loja Masala Lavash,7500,6,6,7000,100,FALSE,200
Biscoitos,Britannia Bom Dia Castanha Biscoitos,3000,0,6,3000,120,FALSE,120
Biscoitos,Sunfeast Mom's Magico Rico Manteiga Biscoitos,3000,10,6,2700,200,FALSE,200
Biscoitos,Assar Loja Integral Trigo Toast (Rusk) ,6000,6,4,5600,200,FALSE,200
Biscoitos,Aberto Segredo Amendoim Manteiga Story Caixa,10500,22,6,8100,75,FALSE,75
Biscoitos,Aberto Segredo Branco Choco Story Caixa,10500,22,6,8100,75,FALSE,75
Biscoitos,Assar Loja Integral Trigo Multigraos Lavash,7500,6,3,7000,100,FALSE,200
Biscoitos,McVitie's Oat Biscoitos,4500,0,2,4500,120,FALSE,120
Biscoitos,Britannia Tiger Krunch Biscoitos,12000,0,4,12000,400,FALSE,400
Biscoitos,McVitie's Manteiga Biscoitos,3000,10,6,2700,200,FALSE,200
Biscoitos,Bauli Moonfils Morango,1500,0,5,1500,45,FALSE,45
Biscoitos,Britannia Bom Dia Manteiga Biscoitos,8000,10,6,7200,600,FALSE,600
Biscoitos,Parle Hide & Seek Choco Rolls,6000,0,1,6000,120,FALSE,120
Biscoitos,Assar Loja Cominho Ajwain Pao Sticks,6000,6,6,5600,100,FALSE,100
Biscoitos,Parle Fab!o Baunilha Creme Sanduiche Biscoito,3000,3,6,2900,120,FALSE,120
Biscoitos,Sunfeast Farmlite Castanhas Digestivo,7000,11,6,6200,250,FALSE,250
Biscoitos,Britannia Puro Magico - Chocolush,3500,2,6,3400,100,FALSE,100
Biscoitos,Assar Loja Maska & Multigraos Queijo Crackers,13000,10,3,11600,100,FALSE,150
Biscoitos,Britannia Nutri Escolha Ragi Biscoitos,7000,10,6,6300,150,FALSE,150
Biscoitos,Sunfeast Farmlite 5 Seed Digestivo,6000,0,2,6000,250,FALSE,250
Biscoitos,Dukes Nibbles - Ranch Crackers,5000,0,6,5000,150,FALSE,150
Biscoitos,Danish Manteiga Biscoitos,35000,0,1,35000,400,FALSE,400
Biscoitos,Assar Loja Sesame Seed Crackers,13000,10,4,11600,100,FALSE,150
Biscoitos,Bom Dia Manteiga Biscoitos,1000,0,0,1000,75,TRUE,75
Biscoitos,Britannia Marie Ouro Biscoitos Pacote,3000,0,0,3000,250,TRUE,250
Biscoitos,Britannia Bom Dia Castanha de caju Biscoitos,2000,0,0,2000,100,TRUE,100
Biscoitos,Sunfeast Meio amargo Fantasy Choco Recheios,3500,8,0,3200,75,TRUE,75
Biscoitos,Britannia Nutri Escolha Digestivo Biscoitos Pacote,2500,0,0,2500,100,TRUE,100
Biscoitos,Britannia Classico Little Hearts ,2500,0,0,2500,75,TRUE,75
Biscoitos,Britannia Bom Dia Castanha de caju Biscoitos Pacote,4000,5,0,3800,200,TRUE,200
Biscoitos,Britannia Nice Time Biscoito,2500,0,0,2500,150,TRUE,150
Biscoitos,Britannia Leite Bikis Creme Biscoito,4500,0,0,4500,200,TRUE,200
Biscoitos,Britannia Bourbon Chocolate Creme Biscoitos,3500,2,0,3400,150,TRUE,150
Biscoitos,Dukes Waffy Chocolate Wafer Rolls ,15000,50,0,7500,250,TRUE,250
Biscoitos,Britannia Leite Bikis Milky Sanduiche,2500,0,0,2500,120,TRUE,120
Biscoitos,Britannia Marie Ouro Biscoito,2800,0,0,2800,200,TRUE,200
Biscoitos,Britannia Marie Ouro (Buy 4 Ganhe 1 Free),8000,0,0,8000,600,TRUE,600
Biscoitos,Britannia 50-50 Maska Chaska Biscoito,1000,0,0,1000,46,TRUE,45
Biscoitos,Unibic Choco Castanha Biscoitos,2500,8,0,2300,75,TRUE,75
Biscoitos,Britannia Vita Marie Ouro Biscoito,4500,0,0,4500,300,TRUE,300
Biscoitos,Assar Loja Maska Khari,6500,6,0,6100,200,TRUE,100
Biscoitos,Parle Fab! Jam-In Creme Filled ,3500,2,0,3400,150,TRUE,150
Biscoitos,Sunfeast Nice Biscoito,2500,12,0,2200,150,TRUE,150
Biscoitos,Britannia Nutrichoice 5 Grao Digestivo Biscoitos,7500,0,0,7500,200,TRUE,200
Biscoitos,Cadbury Oreo Morango Bicuits,3000,3,0,2900,120,TRUE,120
Biscoitos,Sunfeast Mom's Magico Castanha de caju & Amendoa Biscoito,1000,0,0,1000,60,TRUE,60
Biscoitos,Britannia Rolo Yo! Morango Swiss Rolo,1000,0,0,1000,28,TRUE,28
Biscoitos,Bauli Moonfils Choco Creme (With Egg),1500,0,0,1500,45,TRUE,45
Biscoitos,Britannia Nutri Escolha Aveia Choco Amendoa Biscoito,2500,10,0,2250,100,TRUE,75
Biscoitos,Britannia Nutri Escolha Cracker Acucar Sem Biscoito,3500,0,0,3500,300,TRUE,300
Biscoitos,Cadbury Oreo Chocolatey Sanduiche Biscoitos Familia Pacote,8000,0,0,8000,300,TRUE,300
Biscoitos,Bauli Moonfils Laranja Puff Rolo,1500,0,0,1500,45,TRUE,45
Biscoitos,Britannia Guloseima Jimjam Creme Biscoitos ,2500,0,0,2500,100,TRUE,100
Biscoitos,Britannia Toastea Premium Assar Rosca,5000,6,0,4700,300,TRUE,300
Biscoitos,Assar Loja Cominho Khari,6500,0,0,6500,200,TRUE,200
Biscoitos,"Cadbury Oreo Creme Biscoito - Vanilla, Original 120 g",3000,3,0,2900,120,TRUE,120
Biscoitos,Britannia Bom Dia Castanha de caju Biscoitos,23000,25,0,17200,1000,TRUE,1
Biscoitos,Bauli Moonfils - Baunilha,1500,0,0,1500,45,TRUE,45
Biscoitos,Britannia Rolo Yo! Choco Swiss Rolo (With Egg),1000,0,0,1000,28,TRUE,28
Biscoitos,Britannia Leite Bikis Creme Biscoito,7000,0,0,7000,500,TRUE,500
Biscoitos,Aberto Segredo Choco Amendoa Story Caixa,10500,22,0,8100,75,TRUE,75
Biscoitos,Parle Monaco Sixer Salgado Biscoitos ,6000,10,0,5400,200,TRUE,200
Biscoitos,Sunfeast Meio amargo Fantasy Bourbon Bliss,3500,17,0,2900,150,TRUE,150
Biscoitos,Patanjali Farinha de trigo integral Doodh Rosca,4000,0,0,4000,300,TRUE,300
Biscoitos,Sunfeast Meio amargo Fantasy Bourbon Bliss,3500,0,0,3500,150,TRUE,150
Cuidados Pessoais,Clove Sensivel Creme dental com Anti-Sensitivity & Fluoride Formulation,16000,35,3,10400,80,FALSE,80
Cuidados Pessoais,Dettol Original Germe Protecao Alcohol Based Mao Higienizador,2500,0,6,2500,50,FALSE,50
Cuidados Pessoais,Colgate Visible Branco Creme dental,11500,10,6,10300,100,FALSE,100
Cuidados Pessoais,Dettol Cuidados com a pele Sabonete liquido para as maos Economico Refil,10900,3,6,10500,750,FALSE,750
Cuidados Pessoais,Savlon Herbal Sensivel Liquido Sabonete liquido para as maos Refil Sache,11500,4,6,11000,750,FALSE,500
Cuidados Pessoais,Colgate Total 12 Integral Mouth Protecao Creme dental,12000,10,6,10800,120,FALSE,120
Cuidados Pessoais,Lux Internacional Cremoso Branco Sabonete Barra,3500,2,6,3400,75,FALSE,75
Cuidados Pessoais,Colgate Herbal Creme dental,11400,18,2,9300,200,FALSE,200
Cuidados Pessoais,Nivea Masculino Desodorante Fresco Ativo 48h Longo duradouro Freshness,22500,24,6,16900,150,FALSE,150
Cuidados Pessoais,Dabur Meswak Creme dental,5800,5,6,5500,100,FALSE,100
Cuidados Pessoais,Colgate Max Fresco Cooling Cristais Creme dental,10100,5,2,9500,150,FALSE,150
Cuidados Pessoais,Indulekha Bhringa Cabelo Oleo,43200,15,6,36700,100,FALSE,100
Cuidados Pessoais,Colgate Sensivel Macio Bristles Escova de dente,5000,0,6,5000,58,FALSE,1
Cuidados Pessoais,Pears Puro & Suave Glycerin Banho Sabonete,7500,0,6,7500,125,FALSE,125
Cuidados Pessoais,Vaseline Pele Protecting Geleia,7900,13,6,6800,50,FALSE,50
Cuidados Pessoais,Dettol Original Germe Protecao Banho Sabonete Barra,16600,5,4,15700,375,FALSE,375
Cuidados Pessoais,Dettol Intense Refrescante Sabonete (B4G1),26000,5,6,24700,625,FALSE,625
Cuidados Pessoais,Livon Anti-Frizz Serum,25000,10,3,22500,100,FALSE,100
Cuidados Pessoais,Lifebuoy Germe Protecao Cuidado Sabonete Barra,3000,3,3,2900,100,FALSE,125
Cuidados Pessoais,Lux Internacional Cremoso Branco Sabonete Barra,7000,10,6,6300,125,FALSE,125
Cuidados Pessoais,Godrej Nupur – 100% Puro Hena (Mehendi),1000,0,6,1000,18,FALSE,18
Cuidados Pessoais,Glow & Lovely Avancado Multivitamin Rosto Creme,21300,10,6,19000,110,FALSE,110
Cuidados Pessoais,Set Umido Estilo Vertical Hold Cabelo Gel,5000,10,4,4500,50,FALSE,50
Cuidados Pessoais,"Godrej Especialista Rico Crème, Natural Preto",3000,0,6,3000,20,FALSE,20
Cuidados Pessoais,Nycil Germe Especialista Refrescante Herbal Talc,13000,8,1,11900,150,FALSE,200
Cuidados Pessoais,Godrej Especialista Creme Cabelo Natural Marrom Cor ,3000,0,6,3000,20,FALSE,20
Cuidados Pessoais,Veet Sensivel Pele Cabelo Remocao Creme,13500,5,6,12800,50,FALSE,50
Cuidados Pessoais,Closeup Everfresh+ Anti-Germ Gel Creme dental Vermelho Picante,5000,2,1,4900,80,FALSE,80
Cuidados Pessoais,Pears Puro E Suave Economico Pacote De 3 Banho Sabonete,19900,6,5,18600,375,FALSE,375
Cuidados Pessoais,Gillette Presto Pronto Shaver 5 Cartridges ,8800,6,6,8200,290,FALSE,5
Cuidados Pessoais,Closeup Everfresh+ Anti-Germ Gel Creme dental Vermelho Picante,16000,10,4,14400,300,FALSE,300
Cuidados Pessoais,"Godrej Especialista Rico Crème, Meio amargo Marrom",3000,0,4,3000,20,FALSE,20
Cuidados Pessoais,Nivea Macio Leve Moisturizer para Rosto Mao & Corpo Non-Sticky Creme com Vitamina E & Jojoba Oleo ,18500,15,3,15700,100,FALSE,100
Cuidados Pessoais,Fiama Gel Barra Celebration Pacote Compre 4 Ganhe 1 Sem,29000,10,6,26100,625,FALSE,625
Cuidados Pessoais,Gillette Sensivel Barbear Espuma,22500,6,4,21000,418,FALSE,418
Cuidados Pessoais,Dove Cabelo Queda Resgate Shampoo,15000,6,5,14100,180,FALSE,180
Cuidados Pessoais,Gillette Mach 3 Mens Aparelho de barbear Blades,49900,7,4,46000,232,FALSE,4
Cuidados Pessoais,Palmolive Aroma Absolute Relax Banho Gel,19900,20,2,15900,250,FALSE,250
Cuidados Pessoais,Godrej Protekt Germe Fighter Sabonete liquido para as maos,9900,0,6,9900,750,FALSE,750
Cuidados Pessoais,Dettol Mao Higienizador,10000,5,6,9500,200,FALSE,200
Cuidados Pessoais,Dabur Amla Cabelo Oleo,8800,0,2,8800,180,FALSE,180
Cuidados Pessoais,Dettol Original Liquido Sabonete liquido para as maos,8900,4,6,8500,200,FALSE,200
Cuidados Pessoais,L'Oreal Paris Total Repair 5 Condicionador,19900,0,6,19900,192,FALSE,180
Cuidados Pessoais,Patanjali Saundarya Aloe vera Vera Gel,9000,0,5,9000,150,FALSE,150
Cuidados Pessoais,Cabeca & Ombros 2 Em 1 Anti Caspa Shampoo Condicionador ,19500,10,4,17400,180,FALSE,180
Cuidados Pessoais,Limpo & Transparente Pimple Clearing Rosto Lavagem,13000,10,2,11700,80,FALSE,80
Cuidados Pessoais,Himalaya Anti Caspa Shampoo,14000,8,2,12800,200,FALSE,200
Cuidados Pessoais,Stayfree Seguro Seco Capa Regular Higienico Absorvente Com Asas,3000,3,6,2900,406,FALSE,7
Cuidados Pessoais,Savlon Hidratacao Shield Mao Lavagem,9900,4,6,9500,750,FALSE,750
Cuidados Pessoais,Dove Intense Repair Condicionador,19000,14,6,16200,175,FALSE,80
Cuidados Pessoais,Dabur Gulabari Rosa Glow Rosto Cleanse,7500,5,4,7100,100,FALSE,100
Cuidados Pessoais,Parachute Jasmim Cabelo Oleo,8200,9,6,7400,190,FALSE,190
Cuidados Pessoais,Johnson's Bebe Cuidados com a pele Lencos umedecidos,7900,6,6,7400,1160,FALSE,20
Cuidados Pessoais,Dettol Cuidados com a pele Liquido Mao Lavagem,7900,0,6,7900,200,FALSE,200
Cuidados Pessoais,Antigo Tempero Original Lather Barbear Creme,7500,9,6,6800,70,FALSE,70
Cuidados Pessoais,Veet Cabelo Remocao Creme Seco Pele,13500,5,5,12800,50,FALSE,50
Cuidados Pessoais,L'Oreal Paris Total Repair 5 Shampoo,26500,0,2,26500,396,FALSE,360
Cuidados Pessoais,Fiama Mentol & Magnolia Cooling Gel Barra Sabonete,16000,11,6,14100,375,FALSE,375
Cuidados Pessoais,Nivea Lip Balsamo Original Cuidado para 24h Hidratacao com Shea Manteiga & Natural Oils,14000,15,6,11900,5,FALSE,4
Cuidados Pessoais,Oral-B Carvao Profundo Limpo Stain Remocao Escova de dente Macio,9900,0,3,9900,232,FALSE,4
Cuidados Pessoais,Neutrogena Ultra Sheer Seco Touch SPF 50+ Sunblock Sunscreen Locao,25000,10,3,22500,30,FALSE,30
Cuidados Pessoais,Clinic Mais Forte & Longo Saude Shampoo,49900,10,3,44900,650,FALSE,650
Cuidados Pessoais,Johnson's Bebe Sem More Tears Bebe Shampoo,9800,0,5,9800,100,FALSE,100
Cuidados Pessoais,Colgate Zig Zag Escova de dente,12000,0,3,12000,348,FALSE,6
Cuidados Pessoais,Savlon Hidratacao Shield Germe Protecao Sabonete liquido para as maos Refil (Buy 1 Ganhe 1 Free),18900,0,6,18900,1500,FALSE,1500
Cuidados Pessoais,Colgate Sensivel Do dia a dia Protecao Anticavity Creme dental,7500,0,6,7500,40,FALSE,40
Cuidados Pessoais,Whisper Ultra Macio XL+ Higienico Absorventes,33000,2,6,32300,30,FALSE,30
Cuidados Pessoais,Garnier Cor Naturais Cabelo Cor - 1 Natural Preto,8000,0,1,8000,60,FALSE,60
Cuidados Pessoais,Axe Leguminosa Men's Desodorante,21000,0,6,21000,150,FALSE,150
Cuidados Pessoais,Colgate Zigzag Carvao Macio Bristle Escova de dente - 4 Pcs,9900,0,6,9900,232,FALSE,4
Cuidados Pessoais,Whisper Ultra Limpo Asas XL+ Sache,44900,7,6,41500,44,FALSE,44
Cuidados Pessoais,Whisper Escolha Regular Higienico Absorventes,9000,0,6,9000,1160,FALSE,20
Cuidados Pessoais,Axe Meio amargo Temptation Men's Desodorante,21000,7,5,19400,150,FALSE,150
Cuidados Pessoais,Cabeca & Ombros Anti-Dandruff Macio & Sedoso Shampoo,15000,0,4,15000,180,FALSE,180
Cuidados Pessoais,Clinic Mais Strength & Brilho Shampoo Com Ovo Proteina ,10500,0,2,10500,175,FALSE,175
Cuidados Pessoais,Engage M1 Perfume Spray para Masculino ,21000,7,6,19400,120,FALSE,120
Cuidados Pessoais,Tresemme Keratin Macio Condicionador,38000,0,3,38000,340,FALSE,340
Cuidados Pessoais,"Garnier Cor Naturais Crème Cabelo Color, Shade 5 Leve Marrom",18000,0,1,18000,100,FALSE,100
Cuidados Pessoais,Origami Aloe vera Vera Lencos umedecidos,7500,13,4,6500,25,FALSE,25
Cuidados Pessoais,"Engage Drizzle Desodorante Para Women, Floral E Lavender, Pele Friendly",19500,10,6,17400,150,FALSE,150
Cuidados Pessoais,Gellette Presto Pronto Shaver,2000,0,1,2000,58,FALSE,1
Cuidados Pessoais,Colgate Max Fresco Plax Enxaguante bucal - Fresco Hortela,15000,20,5,12000,250,FALSE,250
Cuidados Pessoais,Colgate Zig Zag Carvao Medio Escova de dente 4 Pcs,9900,0,6,9900,232,FALSE,4
Cuidados Pessoais,Godrej Protekt,9900,0,3,9900,750,FALSE,750
Cuidados Pessoais,Colgate Total Carvao Anticavity Creme dental,11000,10,3,9900,120,FALSE,120
Cuidados Pessoais,Colgate Criancas 0-2 Extra Macio Tooth Escova,3000,16,6,2500,58,FALSE,1
Cuidados Pessoais,Gillete Mach3 ,26000,10,6,23400,116,FALSE,2
Cuidados Pessoais,Maybelline Novo York Colossal Kajal Preto,14900,0,2,14900,0,FALSE,0
Cuidados Pessoais,Godrej Cinthol Lima Talc,5500,0,3,5500,100,FALSE,100
Cuidados Pessoais,Hamam Sabonete Barra Neem Tulsi e Aloe vera Vera,5800,0,6,5800,150,FALSE,150
Cuidados Pessoais,"Godrej Especialista Rico Crème, Burgundy",3300,0,6,3300,20,FALSE,20
Cuidados Pessoais,Colgate Suave Sensitive+ Escova de dente Pacote De 4,12000,10,4,10800,232,FALSE,4
Cuidados Pessoais,Nivea Creme Todos Tempero Multi-Purpose Creme ,17500,10,4,15700,100,FALSE,100
Cuidados Pessoais,Oral-B Carvao Profundo Limpo Stain Remocao Escova de dente Medio,9900,0,1,9900,232,FALSE,4
Cuidados Pessoais,Mamaearth 100% Natural Berry Blast Criancas Creme dental,14900,10,4,13400,50,FALSE,50
Cuidados Pessoais,HImalaya Suave Bebe Lencos umedecidos,20000,10,3,18000,72,FALSE,72
Cuidados Pessoais,Stayfree Seco Max Todos Noite XL Seco Capa Higienico Absorventes,34000,12,6,29800,28,FALSE,28
Cuidados Pessoais,"L'Oreal Paris Excelencia Creme Cabelo Color, 1 Preto",62000,0,1,62000,172,FALSE,172
Cuidados Pessoais,Fem Clareamento Naturais Saffron Pele Bleach,8500,15,4,7200,64,FALSE,64
Cuidados Pessoais,Engage Woman Blush Corpo Deo Spray,19500,10,5,17400,150,FALSE,150
Cuidados Pessoais,Dove Rosa Rosa Beauty Bathinhg Barra,6000,0,6,6000,100,FALSE,100
Cuidados Pessoais,Sebamed Cleansing Barra,9900,10,4,8900,100,FALSE,100
Cuidados Pessoais,Pampers Premium Cuidado Fraldas calca - Grande,109900,18,2,89900,44,FALSE,44
Cuidados Pessoais,Nivea Women Desodorante Fresco Natural Longo Duradouro Freshness & 48h Protecao,19900,20,2,15900,150,FALSE,150
Cuidados Pessoais,"L'Oreal Paris Excelencia Creme Cabelo Color, 3 Meio amargo Brown/Natural Darkest Marrom",62000,0,6,62000,172,FALSE,172
Cuidados Pessoais,Patanjali Kesh Kanti Natural Cabelo Sabonete de limpeza,7500,9,4,6800,200,FALSE,200
Cuidados Pessoais,Godrej No.1 Banho Sabonete – Lima & Aloe vera Vera,14900,0,6,14900,600,FALSE,600
Cuidados Pessoais,Pantene Avancado Control Cabelo Queda Solucao Shampoo,12000,6,5,11200,180,FALSE,180
Cuidados Pessoais,Veet Full Corpo Waxing Kit Para Seco Pele,23500,7,6,21800,1160,FALSE,20
Cuidados Pessoais,Johnson's Bebe Cuidados com a pele Lencos umedecidos,24500,9,6,22100,72,FALSE,72
Cuidados Pessoais,Gillette Limao Lima Barbear Espuma,19900,11,4,17700,196,FALSE,196
Cuidados Pessoais,Antigo Tempero After Shave Locao Musk,21500,6,3,20000,100,FALSE,100
Cuidados Pessoais,Whisper Ultra Macio Ar Fresco Higienico Absorventes (XL) com Asas,31500,0,4,31500,30,FALSE,30
Cuidados Pessoais,Himalaya Bebe Em po,8000,8,4,7300,100,FALSE,100
Cuidados Pessoais,Fiama Men's Refrescante Leguminosa Banho Gel,22500,20,4,18000,250,FALSE,250
Cuidados Pessoais,Whisper Ultra Limpo XL Mais Higienico Absorvente,17500,0,5,17500,870,FALSE,15
Cuidados Pessoais,Johnson's Bebe Em po,14300,0,6,14300,200,FALSE,200
Cuidados Pessoais,Dove Creme Beauty Banho Barra,23500,9,6,21200,125,FALSE,125
Cuidados Pessoais,Patanjali Kesh Kanti Shikakai Cabelo Sabonete de limpeza,9500,0,4,9500,200,FALSE,200
Cuidados Pessoais,L'Oreal Paris Cor Protect Condicionador,19900,0,3,19900,192,FALSE,192
Cuidados Pessoais,Nivea Masculino Ativo Limpo com Ativo Carvao Banho Gel para Corpo Rosto & Cabelo,19900,4,5,19100,250,FALSE,250
Cuidados Pessoais,L'Oreal 6 Oleo Nutrir Condicionador,13500,0,1,13500,192,FALSE,192
Cuidados Pessoais,Godrej Easy Natural Preto Cabelo Cor,2500,0,5,2500,20,FALSE,20
Cuidados Pessoais,Dabur Gulabari Rosa Agua Diario Glow,8000,6,2,7500,250,FALSE,250
Cuidados Pessoais,Himalaya Purifying Neem Rosto Lavagem,17000,10,6,15300,150,FALSE,150
Cuidados Pessoais,Fem Clareamento Naturais Ouro Pele Bleach,6500,9,3,5900,24,FALSE,24
Cuidados Pessoais,Whisper Escolha Ultra XL Higienico Absorvente,13300,2,5,13000,1160,FALSE,20
Cuidados Pessoais,Dove Caspa Cuidado Shampoo,15800,6,5,14700,180,FALSE,180
Cuidados Pessoais,Cabeca & Ombros Anti Caspa Anti Hairfall Shampoo,28500,0,5,28500,340,FALSE,240
Cuidados Pessoais,L'Oreal Casting Creme Ebony Preto Cabelo Cor,55000,0,6,55000,159,FALSE,87
Cuidados Pessoais,Mamaearth Cebola Cabelo Oleo,39900,10,6,35900,150,FALSE,150
Cuidados Pessoais,L'Oreal Paris Casting Creme Gloss Cabelo Cor (Dark Marrom 400),55000,0,4,55000,159,FALSE,159
Cuidados Pessoais,Palmolive Naturais Mar Minerals Liquido Mao Lavagem,9900,10,6,8900,250,FALSE,250
Cuidados Pessoais,Oral-B Extra Macio Bristles Sensivel ,9800,0,4,9800,232,FALSE,4
Cuidados Pessoais,Engage M3 Perfume Spray para Masculino,20000,10,3,18000,120,FALSE,120
Cuidados Pessoais,Mamaearth Deeply Nourishing lavagem para Babies,19900,0,4,19900,200,FALSE,200
Cuidados Pessoais,Dettol Original Sabonete (B4G1),26000,5,6,24700,625,FALSE,625
Cuidados Pessoais,Woodward's Gripe Agua,7500,0,6,7500,200,FALSE,200
Cuidados Pessoais,"MamyPoko Fraldas calca Extra Absorb Diapers, Novo Born",29900,6,5,27900,28,FALSE,28
Cuidados Pessoais,Johnson's Bebe Sabonete,7000,0,6,7000,100,FALSE,100
Cuidados Pessoais,Engage M4 Perfume Spray Para Masculino,20000,10,6,18000,120,FALSE,120
Cuidados Pessoais,Fem Clareamento Naturais Cabelo Remocao Creme Fair & Macio - Ouro,6500,10,4,5800,40,FALSE,40
Cuidados Pessoais,Dove Cabelo Queda Resgate Condicionador,19000,0,4,19000,175,FALSE,175
Cuidados Pessoais,Himalaya Anti Cabelo Queda Shampoo,13000,12,2,11400,200,FALSE,200
Cuidados Pessoais,Fiama Peach & Abacate Gel Barra,17600,10,3,15800,375,FALSE,375
Cuidados Pessoais,Pears Puro & Suave Economico Pacote De 4 Banho Sabonete ,12500,0,6,12500,75,FALSE,75
Cuidados Pessoais,Fiama Fresco Mao Lavagem,15000,6,3,14000,400,FALSE,400
Cuidados Pessoais,Palmolive Preto Orchid E Leite Liquido Mao Lavagem,9900,10,6,8900,250,FALSE,250
Cuidados Pessoais,Oral-B Criss Cross Medio Escova de dente (Buy 2 Ganhe 2 Free),16000,0,5,16000,232,FALSE,4
Cuidados Pessoais,Gillette Mach 3 Turbo Aparelho de barbear,34900,6,5,32500,58,FALSE,1
Cuidados Pessoais,Himalaya Bebe Locao,16500,12,3,14500,200,FALSE,200
Cuidados Pessoais,Cabeca & Ombros 2-in-1 Refrescante Mentol Anti Caspa Shampoo + Condicionador,37500,0,1,37500,340,FALSE,180
Cuidados Pessoais,Sunsilk Lusciously Grosso & Longo Shampoo,24900,6,6,23400,340,FALSE,340
Cuidados Pessoais,Fiama Di Wills Men's Refrescante Leguminosa Banho Gel,22500,4,3,21400,250,FALSE,250
Cuidados Pessoais,Sebamed Anti - Caspa Shampoo,60000,10,2,54000,200,FALSE,200
Cuidados Pessoais,Listerine Refrescante Hortela Enxaguante bucal - Suave Taste,15000,10,6,13500,250,FALSE,250
Cuidados Pessoais,"L'Oreal Paris Excelencia Creme Cabelo Color, 4.25 Aishwarya's Marrom",62000,0,6,62000,172,FALSE,172
Cuidados Pessoais,Himalaya Suave Bebe Banho,16500,9,6,15000,200,FALSE,200
Cuidados Pessoais,"L'Oreal Paris Casting Creme Gloss Cabelo Color, Medio Marrom 500",55000,0,4,55000,160,FALSE,159
Cuidados Pessoais,L'Oreal Paris Cor Protect Shampoo,28200,0,3,28200,360,FALSE,360
Cuidados Pessoais,Fiama Di Wills Lemongrass & Jojoba Gel Barra,17600,10,6,15800,375,FALSE,375
Cuidados Pessoais,Colgate Plax Peppermint Enxaguante bucal,15000,20,5,12000,250,FALSE,250
Cuidados Pessoais,Dove Diario Brilho Condicionador,9000,10,1,8100,80,FALSE,80
Cuidados Pessoais,Patanjali Kesh Kanti Anti Caspa Cabelo Sabonete de limpeza,11000,0,6,11000,200,FALSE,200
Cuidados Pessoais,Antigo Tempero Original After Shave Locao,25000,0,1,25000,150,FALSE,150
Cuidados Pessoais,Dove Cabelo Queda Resgate Shampoo,13700,10,4,12300,180,FALSE,180
Cuidados Pessoais,Dettol Clinical Strength Mao Higienizador Liquido,25000,10,6,22500,500,FALSE,500
Cuidados Pessoais,Nivea Macio Leve Moisturizer para Rosto Mao & Corpo Non-Sticky Creme com Vitamina E & Jojoba Oleo,39900,20,3,31900,300,FALSE,300
Cuidados Pessoais,Comfy Bebe Fraldas calca XL 12-17 kg,42900,15,1,36400,24,FALSE,24
Cuidados Pessoais,Dettol Liquido Sabonete liquido para as maos Com Sem Liquido,9900,0,6,9900,200,FALSE,200
Cuidados Pessoais,Nivea Corpo Leite Locao para Very Seco Pele,39900,20,6,31900,400,FALSE,400
Cuidados Pessoais,Lakme Sun Especialista,22500,0,6,22500,60,FALSE,60
Cuidados Pessoais,Cabeca & ombros Anti Caspa Shampoo Refrescante Mentol,17000,0,6,17000,180,FALSE,180
Cuidados Pessoais,Godrej Nupur Hena,7500,0,5,7500,150,FALSE,120
Cuidados Pessoais,Johnson's Bebe Locao,10000,0,4,10000,100,FALSE,100
Cuidados Pessoais,Himalaya Anti Caspa Shampoo,14000,10,1,12600,200,FALSE,200
Cuidados Pessoais,Maybelline Novo York Colossal Kajal Super Preto,30000,8,3,27500,0,FALSE,0
Cuidados Pessoais,Stayfree Dry-Max Todos Noite Ultra-Dry Higienico Absorvente,9000,10,6,8100,406,FALSE,7
Cuidados Pessoais,Dove Diario Brilho Shampoo,64500,5,3,61200,650,FALSE,650
Cuidados Pessoais,Godrej Easy 5 Minuto Natural Marrom 4 Cabelo Cor,2900,0,5,2900,20,FALSE,20
Cuidados Pessoais,Colgate Sensivel Mais Enamel Creme dental Tube,14000,0,6,14000,160,FALSE,160
Cuidados Pessoais,Colgate Max Fresco Peppermint Creme dental ,18200,15,6,15400,300,FALSE,300
Cuidados Pessoais,Pond's Leve Moisturiser,30900,10,6,27800,250,FALSE,250
Cuidados Pessoais,Engage Mate Para Man Deo Spray,19500,10,5,17400,150,FALSE,150
Cuidados Pessoais,Pantene Avancado Cabelo Queda Solucao Shampoo - Total Damage Cuidado,12000,0,5,12000,180,FALSE,180
Cuidados Pessoais,Whisper Escolha Regular Wing Higienico Absorvente,3000,0,2,3000,406,FALSE,7
Cuidados Pessoais,Colgate Slim Macio Carvao Escova de dente,15000,18,4,12300,232,FALSE,4
Cuidados Pessoais,Fiama Scents Juniper & Geranium Corpo Lavagem,19900,6,5,18600,250,FALSE,250
Cuidados Pessoais,Mamaearth Ubtan Corpo Locao,39900,15,4,33900,400,FALSE,400
Cuidados Pessoais,Godrej Aer Poder Bolso - Longo Duradouro Banheiro Fragrancia Floral Delicia,5500,0,6,5500,10,FALSE,10
Cuidados Pessoais,Himalaya Anti-Hair Queda Shampoo,23000,18,1,18800,400,FALSE,400
Cuidados Pessoais,Nivea Macio Leve Moisturizer para Rosto Mao & Corpo Non-Sticky Creme com Vitamina E & Jojoba Oleo,31000,15,6,26300,200,FALSE,200
Cuidados Pessoais,Engage M2 Perfume Spray Para Masculino,20000,10,6,18000,120,FALSE,120
Cuidados Pessoais,Listerine Refrescante Hortela Enxaguante bucal - Suave Taste,15000,10,6,13500,250,FALSE,250
Cuidados Pessoais,Mamaearth Ubtan Rosto Esfoliante Acafrao da terra & Walnut,34900,10,1,31400,100,FALSE,100
Cuidados Pessoais,Himalaya Purifying Neem Rosto Lavagem Tube,27000,15,6,22900,300,FALSE,300
Cuidados Pessoais,Johnson's Bebe Topo Para Toe Banho Corpo Lavagem,16500,0,4,16500,210,FALSE,210
Cuidados Pessoais,Gillette Mach 3 Start,24900,0,6,24900,116,FALSE,2
Cuidados Pessoais,Scalpe Pro Anti caspa Shampoo 100ml,18500,0,2,18500,100,FALSE,100
Cuidados Pessoais,Johnson's Bebe Creme,15000,0,6,15000,100,FALSE,100
Cuidados Pessoais,Johnson's Bebe Sabonete,10500,0,6,10500,150,FALSE,150
Cuidados Pessoais,Himalaya Suave Bebe Shampoo,32000,17,6,26500,400,FALSE,400
Cuidados Pessoais,L'Oreal Paris Brilho Masque Royal Geleia Cabelo Cor,55000,0,3,55000,88,FALSE,87
Cuidados Pessoais,Engage Rush Desodorante Para Masculino,19000,11,6,16900,150,FALSE,150
Cuidados Pessoais,Limpo & Transparente Foaming Rosto Lavagem,14000,10,4,12600,100,FALSE,100
Cuidados Pessoais,Dettol Lather Barbear Creme,7500,5,6,7100,78,FALSE,78
Cuidados Pessoais,Gillette Classico Regular Pre Shave Espuma,19900,0,4,19900,196,FALSE,196
Cuidados Pessoais,Dove Diario Brilho Condicionador,19000,0,6,19000,175,FALSE,180
Cuidados Pessoais,Johnson's Bebe Shampoo,18000,0,6,18000,200,FALSE,200
Cuidados Pessoais,Park Avenue Beer Shampoo ,15500,9,4,14000,180,FALSE,180
Cuidados Pessoais,Pantene Avancado Cabelo Queda Solucao Sedoso Macio Cuidado Shampoo,12000,6,6,11200,180,FALSE,180
Cuidados Pessoais,Fem Clareamento Naturais Cabelo Remocao Creme Fair & Macio - Rosa,6500,10,6,5800,40,FALSE,40
Cuidados Pessoais,Sunsilk Stunning Preto Brilho Shampoo,55500,6,6,52100,650,FALSE,650
Cuidados Pessoais,Dabur Meswak Creme dental,10000,0,1,10000,200,FALSE,200
Cuidados Pessoais,Patanjali Kesh Kanti Reetha Cabelo Sabonete de limpeza,8500,0,5,8500,200,FALSE,200
Cuidados Pessoais,Nivea Lip Balsamo Macio Rosa para 24h Hidratacao com Natural Oils Delicate Rosa Brilho,18500,8,6,16900,5,FALSE,4
Cuidados Pessoais,Santoor Total Pele Cuidado Sabonete Com Sandal & Acafrao da terra,18000,0,6,18000,600,FALSE,600
Cuidados Pessoais,"L'Oreal Paris Excelencia Creme Cabelo Color, 4 Natural Brown/Natural Meio amargo Marrom",62000,0,1,62000,172,FALSE,172
Cuidados Pessoais,Gillette Pre Shave Espuma - Classico Regular Pele,22500,0,6,22500,418,FALSE,418
Cuidados Pessoais,Fiama Di Wills Banho Gel Patchouli & Macadamia,19900,10,6,17900,250,FALSE,250
Cuidados Pessoais,Listerine Fresco Burst Enxaguante bucal,14000,10,4,12600,250,FALSE,250
Cuidados Pessoais,Nivea Cacau Nutrir Corpo Locao Com Coco Oleo & Cacau Manteiga Para Very Seco Pele ,29900,17,5,24700,200,FALSE,200
Cuidados Pessoais,Pantene Cabelo Queda Control Shampoo,24000,7,2,22100,340,FALSE,340
Cuidados Pessoais,Fogg Mestre - Royal Intense,25000,0,5,25000,120,FALSE,120
Cuidados Pessoais,TRESemme Macio E Brilho Condicionador,22000,0,5,22000,190,FALSE,190
Cuidados Pessoais,Whisper Ultra Limpo XL Mais Higienico Absorvente,15500,0,6,15500,870,FALSE,15
Cuidados Pessoais,"Colgate Criancas Creme dental - 6+ Years, Morango Sabor",9300,5,6,8800,80,FALSE,80
Cuidados Pessoais,Nivea Macio Hidratante Creme,31000,12,1,27200,200,FALSE,200
Cuidados Pessoais,Patanjali Kesh Kanti Aloe vera Vera Cabelo Sabonete de limpeza,8500,0,5,8500,200,FALSE,200
Cuidados Pessoais,Neutrogena Profundo Limpo Foaming Sabonete de limpeza,13000,11,2,11500,50,FALSE,50
Cuidados Pessoais,Limpo & Transparente Morning Energia Berry Rosto Lavagem,15500,6,6,14500,100,FALSE,100
Cuidados Pessoais,Pampers Premium Cuidado Novo Bebe Fraldas calca,32000,0,4,32000,24,FALSE,24
Cuidados Pessoais,Vaseline Intensive Cuidado Aloe vera Fresco,22500,9,6,20300,200,FALSE,200
Cuidados Pessoais,L'Oreal Paris Dream Lengths Shampoo,14900,0,6,14900,192,FALSE,192
Cuidados Pessoais,Johnson's Bebe Oleo,11500,0,4,11500,100,FALSE,100
Cuidados Pessoais,Engage Man Rush Desodorante,19500,9,6,17600,150,FALSE,150
Cuidados Pessoais,Pantene Avancado Cabelo Queda Solucao Shampoo - Total Damage Cuidado,26400,0,6,26400,340,FALSE,340
Cuidados Pessoais,Whisper Diario Liners Limpo e Fresco,10500,0,4,10500,1160,FALSE,20
Cuidados Pessoais,Himalaya Masculino Pimple Transparente Neem Rosto Lavagem,18000,9,2,16300,100,FALSE,100
Cuidados Pessoais,Pantene Adv Hairfall Solucao Condicionador Sedoso Macio,19000,0,5,19000,200,FALSE,200
Cuidados Pessoais,Himalaya Prickly Heat Bebe Em po,9000,10,6,8100,100,FALSE,100
Cuidados Pessoais,Mamaearth Diario Hidratante Locao Para Babies,19900,0,6,19900,200,FALSE,200
Cuidados Pessoais,Stayfree Avancado XL Ultra Comfort Higienico napkins com Asas,17500,0,3,17500,812,FALSE,14
Cuidados Pessoais,Pampers Premium Cuidado Fraldas calca - Medio,109900,18,6,89900,54,FALSE,54
Cuidados Pessoais,Fiama Men's Refrescante Leguminosa Banho Gel,19900,10,6,17900,250,FALSE,250
Cuidados Pessoais,Vaseline Original Pele Protecting Geleia,12500,10,6,11200,100,FALSE,100
Cuidados Pessoais,Limpo & Transparente Foaming Rosto Lavagem,18000,10,6,16200,150,FALSE,150
Cuidados Pessoais,Fiama Lemongrass e Jojoba Banho Gel,22500,20,6,18000,250,FALSE,250
Cuidados Pessoais,Oral-B Carvao Cross Cross Extra Macio Escova de dente (Buy 2 Ganhe 1 Free),18000,0,1,18000,174,FALSE,3
Cuidados Pessoais,Listerine Fresco Burst Enxaguante bucal,28500,7,6,26300,500,FALSE,500
Cuidados Pessoais,Veet Full Corpo Waxing Kit,23500,7,6,21800,1160,FALSE,20
Cuidados Pessoais,Listerine Original Enxaguante bucal,5500,9,6,5000,80,FALSE,80
Cuidados Pessoais,Santoor Amendoa Macio Com Sandal & Amendoa Leite,18000,0,2,18000,625,FALSE,625
Cuidados Pessoais,Nivea Corpo Shea Macio com Shea Manteiga para Seco Pele,42500,20,5,34000,400,FALSE,9
Cuidados Pessoais,Neutrogena Profundo Limpo Facial Sabonete de limpeza,13000,0,4,13000,50,FALSE,50
Cuidados Pessoais,"L'Oreal Paris Excelencia Creme Cabelo Color, 3.16 Burgundy",55000,0,3,55000,159,FALSE,172
Cuidados Pessoais,Johnson's Bebe Em po,23500,0,6,23500,400,FALSE,400
Cuidados Pessoais,Bombay Barbear Company Carvao Rosto Lavagem,24900,0,4,24900,100,FALSE,100
Cuidados Pessoais,Colgate Criancas 2+ Years Extra Macio Escova de dente,2000,0,3,2000,58,FALSE,1
Cuidados Pessoais,Veet Cabelo Remocao Creme (Normal Skin),13500,5,6,12800,50,FALSE,50
Cuidados Pessoais,Dove Diario Brilho Shampoo,24000,0,4,24000,340,FALSE,340
Cuidados Pessoais,L'Oreal Anti Cabelo Queda Condicionador,19900,0,6,19900,192,FALSE,192
Cuidados Pessoais,Nivea Corpo Locao Aloe vera Hydration Para Normal Pele ,27500,10,6,24700,200,FALSE,200
Cuidados Pessoais,Pampers Fraldas calca - Grande,154900,45,3,84900,82,FALSE,82
Cuidados Pessoais,"Engage Urge Desodorante Para Men, Citrico E Woody, Pele Friendly",19500,10,6,17400,150,FALSE,150
Cuidados Pessoais,Cabeca & Ombros 2 Em 1 Anti Caspa Macio & Sedoso Shampoo+Conditioner,37500,10,6,33400,340,FALSE,340
Cuidados Pessoais,Fem Clareamento Natural Ouro Pele Bleach,8500,7,4,7900,64,FALSE,64
Cuidados Pessoais,Engage Deo Frost,19500,9,6,17600,150,FALSE,150
Cuidados Pessoais,Stayfree Seguro XL Size Higienico Napkins,11500,0,5,11500,1160,FALSE,20
Cuidados Pessoais,Pampers Fraldas calca - Medio,69900,21,1,54900,50,FALSE,50
Cuidados Pessoais,Pampers Ativo Bebe Fraldas Novo Born Extra Pequeno ,109900,22,3,84900,72,FALSE,72
Cuidados Pessoais,"Nivea Creme, Todos Tempero Multi-Purpose Creme",17500,9,6,15800,100,FALSE,100
Cuidados Pessoais,Woodwards Gripe Agua ,5000,0,4,5000,130,FALSE,130
Cuidados Pessoais,Limpo & Transparente Morning Energia Aqua Splash Rosto Lavagem,14500,9,5,13100,100,FALSE,100
Cuidados Pessoais,Sunsilk Lusciously Grosso & Longo Shampoo,55500,6,6,52100,650,FALSE,650
Cuidados Pessoais,Mamaearth Pele Correct Rosto Serum,59900,15,1,50900,30,FALSE,30
Cuidados Pessoais,Chik Hairfall Prevent Ovo Shampoo,17800,0,6,17800,340,FALSE,340
Cuidados Pessoais,Pantene Sedoso Macio Cuidado Shampoo,22500,6,3,21000,340,FALSE,340
Cuidados Pessoais,"Garnier Pele Naturals, Micellar Cleansing Agua",19900,5,4,18900,125,FALSE,125
Cuidados Pessoais,Set Umido Swag Avatar Desodorante & Corpo Spray Perfume Para Masculino,19900,0,1,19900,150,FALSE,150
Cuidados Pessoais,Pampers Todos Redondo Protecao Fraldas calca - Medio,69900,17,6,57500,50,FALSE,50
Cuidados Pessoais,Set Umido Deodrant Charm Avatar,19900,0,1,19900,150,FALSE,150
Cuidados Pessoais,Nupur Heena Mehandi,19900,0,6,19900,500,FALSE,500
Cuidados Pessoais,Cabeca & Ombros 2-in-1 Ativo Protect Shampoo,37500,9,6,33800,340,FALSE,340
Cuidados Pessoais,Gillette Mach 3 Turbo Cartridges,64900,10,6,57800,232,FALSE,4
Cuidados Pessoais,TRESemme Macio E Brilho Condicionador,21000,13,1,18200,190,FALSE,190
Cuidados Pessoais,Bombay Barbear Company Sensivel Cartridges,37500,0,2,37500,116,FALSE,2
Cuidados Pessoais,Himalaya Bebe Locao,30000,12,1,26400,400,FALSE,400
Cuidados Pessoais,Antigo Tempero Lima Lather Barbear Creme,7500,0,6,7500,70,FALSE,70
Cuidados Pessoais,Colgate Sensivel Mais Anticavity Creme dental ,14000,10,6,12600,70,FALSE,70
Cuidados Pessoais,Colgate Creme dental Para Criancas Motu Oatlu,9300,0,6,9300,80,FALSE,80
Cuidados Pessoais,Pantene Total Damage Cuidado Shampoo,12000,0,6,12000,180,FALSE,180
Cuidados Pessoais,Himalaya Moisturising Aloe vera Vera Facial Lencos umedecidos,10000,10,6,9000,25,FALSE,25
Cuidados Pessoais,Savlon Hidratacao Shield Mao Lavagem,6900,0,5,6900,200,FALSE,200
Cuidados Pessoais,Pampers Ativo Bebe Fraldas Novo Born Extra Pequeno,36000,10,6,32400,24,FALSE,24
Cuidados Pessoais,Himalaya Anti Caspa Shampoo,26000,18,1,21300,400,FALSE,400
Cuidados Pessoais,Himalaya Anti Cabelo Queda Shampoo,49000,25,4,36700,700,FALSE,700
Cuidados Pessoais,Johnson's Bebe Oleo,20000,0,6,20000,200,FALSE,200
Cuidados Pessoais,Vaseline Intensive Cuidado Profundo Hidratacao Corpo Locao,32500,0,4,32500,400,FALSE,400
Cuidados Pessoais,L'Oreal Paris Dream Lengths Condicionador,19900,0,1,19900,193,FALSE,193
Cuidados Pessoais,Nivea Macio Leve Hidratante Creme,18500,15,6,15700,100,FALSE,100
Cuidados Pessoais,Whisper Ultra Macio XL+ Higienico Absorventes,55500,0,1,55500,60,FALSE,60
Cuidados Pessoais,Palmolive Feel Massage Banho Gel,24900,20,6,19900,250,FALSE,250
Cuidados Pessoais,L'Oreal Paris Dream Lengths Condicionador,20900,0,3,20900,193,FALSE,193
Cuidados Pessoais,Cabeca & Ombros Anti-Dandruff Macio & Sedoso Shampoo,28500,6,6,26600,340,FALSE,340
Cuidados Pessoais,Mamaearth Hidratante Bebe Banho Sabonete,24900,0,4,24900,150,FALSE,150
Cuidados Pessoais,Listerine Original Enxaguante bucal,15000,10,6,13500,250,FALSE,250
Cuidados Pessoais,Himalaya Suave Bebe Shampoo,17000,14,6,14600,200,FALSE,200
Cuidados Pessoais,Dove Dryness Cuidado Shampoo,26800,5,1,25200,340,FALSE,340
Cuidados Pessoais,Dove Cabelo Queda Resgate Shampoo,28000,15,6,23600,340,FALSE,340
Cuidados Pessoais,Cabeca & Ombros Anti Caspa Shampoo Refrescante Mentol,29500,9,6,26600,340,FALSE,340
Cuidados Pessoais,Bombay Barbear Company Defender Aparelho de barbear,34500,0,6,34500,58,FALSE,1
Cuidados Pessoais,"Cabeca & Ombros Shampoo + Condicionador - 2-In-1, Refrescante Mentol",36500,0,1,36500,340,FALSE,340
Cuidados Pessoais,Himalaya Bebe Nourishing Massage Oleo,20000,20,2,16000,200,FALSE,250
Cuidados Pessoais,Himalaya Bebe Em po,23500,20,6,18800,400,FALSE,400
Cuidados Pessoais,Fogg Paradise Fragrant Corpo Spray Para Women ,25000,0,6,25000,150,FALSE,150
Cuidados Pessoais,Revive Revive Liquido,7100,0,6,7100,200,FALSE,200
Cuidados Pessoais,Pantene Hairfall Control Condicionador,19000,6,6,17800,200,FALSE,200
Cuidados Pessoais,Mamaearth Vitamina C Rosto Toner,39900,0,1,39900,200,FALSE,200
Cuidados Pessoais,Himalaya Diaper Rash Creme,8000,10,2,7200,20,FALSE,20
Cuidados Pessoais,Fogg Royal Fragrancia Spray,23000,0,4,23000,150,FALSE,120
Cuidados Pessoais,Dove Rosa Rosa Beauty Banho Barra,24500,9,6,22100,100,FALSE,100
Cuidados Pessoais,Dove Dryness Cuidado Condicionador Frizzy & Seco Cabelo,9000,6,4,8400,80,FALSE,80
Cuidados Pessoais,Dettol Original Liquido Sabonete liquido para as maos Refil,10900,3,0,10500,750,TRUE,750
Cuidados Pessoais,Parachute 100% Puro Coco Oleo,12300,0,0,12300,300,TRUE,300
Cuidados Pessoais,Stayfree Seguro Cottony Macio Capa Higienico Absorvente (Regular) com Asas,3000,3,0,2900,406,TRUE,7
Cuidados Pessoais,Dabur Gulabari Premium Rosa Agua,4800,2,0,4700,120,TRUE,120
Cuidados Pessoais,Parachute Advansed Ouro Coco Cabelo Oleo,21500,9,0,19400,400,TRUE,400
Cuidados Pessoais,Closeup Everfresh+ Anti-Germ Gel Creme dental Vermelho Picante,9000,10,0,8100,150,TRUE,150
Cuidados Pessoais,Godrej No.1 Banho Sabonete – Lima & Aloe vera Vera,10000,16,0,8400,500,TRUE,100
Cuidados Pessoais,Sensodyne Sensivel Fresco Gel Creme dental,11500,7,0,10600,75,TRUE,75
Cuidados Pessoais,Whisper Bindazzz Nights XL + Higienico Absorvente,9000,0,0,9000,406,TRUE,7
Cuidados Pessoais,Whisper Escolha Higienico Absorvente ,3200,9,0,2900,406,TRUE,7
Cuidados Pessoais,"Godrej No.1 Banho Soap, Jasmim",8400,0,0,8400,400,TRUE,100
Cuidados Pessoais,Gillette Venus Close & Limpo Aparelho de barbear ,24900,7,0,23000,58,TRUE,1
Cuidados Pessoais,Whisper Escolha Regular Higienico Absorventes,9000,3,0,8700,58,TRUE,20
Cuidados Pessoais,Stayfree Seguro Seco Capa Extra Grande Higienico Absorvente,4200,2,0,4100,406,TRUE,7
Cuidados Pessoais,Oxylife Natural Radiance 5 Creme Bleach - Com Ativo Oxygen,8200,9,0,7400,27,TRUE,27
Cuidados Pessoais,Limpo & Transparente Morning Energia Limao Rosto Lavagem,14500,9,0,13100,100,TRUE,100
Cuidados Pessoais,Bajaj Amendoa Drops Cabelo Oleo,6700,10,0,6000,100,TRUE,100
Cuidados Pessoais,Bajaj Amendoa Drops Cabelo Oleo Garrafa,13000,7,0,12000,200,TRUE,200
Cuidados Pessoais,Whisper Bindazzz Noite Higienico Absorventes XL Mais,18500,0,0,18500,870,TRUE,15
Cuidados Pessoais,Godrej Cinthol Lima Refrescante Deo Sabonete,11600,0,0,11600,400,TRUE,400
Cuidados Pessoais,"MamyPoko Fraldas calca Standard Diapers, Extra Grande (12 - 17 kg)",39900,7,0,36900,26,TRUE,26
Cantinho do Paan,Clove Sensivel Creme dental com Anti-Sensitivity & Fluoride Formulation,16000,35,3,10400,80,FALSE,80
Cantinho do Paan,Dettol Original Germe Protecao Alcohol Based Mao Higienizador,2500,0,6,2500,50,FALSE,50
Cantinho do Paan,Colgate Visible Branco Creme dental,11500,10,6,10300,100,FALSE,100
Cantinho do Paan,Dettol Cuidados com a pele Sabonete liquido para as maos Economico Refil,10900,3,6,10500,750,FALSE,750
Cantinho do Paan,Savlon Herbal Sensivel Liquido Sabonete liquido para as maos Refil Sache,11500,4,6,11000,750,FALSE,500
Cantinho do Paan,Colgate Total 12 Integral Mouth Protecao Creme dental,12000,10,6,10800,120,FALSE,120
Cantinho do Paan,Lux Internacional Cremoso Branco Sabonete Barra,3500,2,6,3400,75,FALSE,75
Cantinho do Paan,Colgate Herbal Creme dental,11400,18,2,9300,200,FALSE,200
Cantinho do Paan,Nivea Masculino Desodorante Fresco Ativo 48h Longo duradouro Freshness,22500,24,6,16900,150,FALSE,150
Cantinho do Paan,Dabur Meswak Creme dental,5800,5,6,5500,100,FALSE,100
Cantinho do Paan,Colgate Max Fresco Cooling Cristais Creme dental,10100,5,2,9500,150,FALSE,150
Cantinho do Paan,Indulekha Bhringa Cabelo Oleo,43200,15,6,36700,100,FALSE,100
Cantinho do Paan,Colgate Sensivel Macio Bristles Escova de dente,5000,0,6,5000,58,FALSE,1
Cantinho do Paan,Pears Puro & Suave Glycerin Banho Sabonete,7500,0,6,7500,125,FALSE,125
Cantinho do Paan,Vaseline Pele Protecting Geleia,7900,13,6,6800,50,FALSE,50
Cantinho do Paan,Dettol Original Germe Protecao Banho Sabonete Barra,16600,5,4,15700,375,FALSE,375
Cantinho do Paan,Dettol Intense Refrescante Sabonete (B4G1),26000,5,6,24700,625,FALSE,625
Cantinho do Paan,Livon Anti-Frizz Serum,25000,10,3,22500,100,FALSE,100
Cantinho do Paan,Lifebuoy Germe Protecao Cuidado Sabonete Barra,3000,3,3,2900,100,FALSE,125
Cantinho do Paan,Lux Internacional Cremoso Branco Sabonete Barra,7000,10,6,6300,125,FALSE,125
Cantinho do Paan,Godrej Nupur – 100% Puro Hena (Mehendi),1000,0,6,1000,18,FALSE,18
Cantinho do Paan,Glow & Lovely Avancado Multivitamin Rosto Creme,21300,10,6,19000,110,FALSE,110
Cantinho do Paan,Set Umido Estilo Vertical Hold Cabelo Gel,5000,10,4,4500,50,FALSE,50
Cantinho do Paan,"Godrej Especialista Rico Crème, Natural Preto",3000,0,6,3000,20,FALSE,20
Cantinho do Paan,Nycil Germe Especialista Refrescante Herbal Talc,13000,8,1,11900,150,FALSE,200
Cantinho do Paan,Godrej Especialista Creme Cabelo Natural Marrom Cor ,3000,0,6,3000,20,FALSE,20
Cantinho do Paan,Veet Sensivel Pele Cabelo Remocao Creme,13500,5,6,12800,50,FALSE,50
Cantinho do Paan,Closeup Everfresh+ Anti-Germ Gel Creme dental Vermelho Picante,5000,2,1,4900,80,FALSE,80
Cantinho do Paan,Pears Puro E Suave Economico Pacote De 3 Banho Sabonete,19900,6,5,18600,375,FALSE,375
Cantinho do Paan,Gillette Presto Pronto Shaver 5 Cartridges ,8800,6,6,8200,290,FALSE,5
Cantinho do Paan,Closeup Everfresh+ Anti-Germ Gel Creme dental Vermelho Picante,16000,10,4,14400,300,FALSE,300
Cantinho do Paan,"Godrej Especialista Rico Crème, Meio amargo Marrom",3000,0,4,3000,20,FALSE,20
Cantinho do Paan,Nivea Macio Leve Moisturizer para Rosto Mao & Corpo Non-Sticky Creme com Vitamina E & Jojoba Oleo ,18500,15,3,15700,100,FALSE,100
Cantinho do Paan,Fiama Gel Barra Celebration Pacote Compre 4 Ganhe 1 Sem,29000,10,6,26100,625,FALSE,625
Cantinho do Paan,Gillette Sensivel Barbear Espuma,22500,6,4,21000,418,FALSE,418
Cantinho do Paan,Dove Cabelo Queda Resgate Shampoo,15000,6,5,14100,180,FALSE,180
Cantinho do Paan,Gillette Mach 3 Mens Aparelho de barbear Blades,49900,7,4,46000,232,FALSE,4
Cantinho do Paan,Palmolive Aroma Absolute Relax Banho Gel,19900,20,2,15900,250,FALSE,250
Cantinho do Paan,Godrej Protekt Germe Fighter Sabonete liquido para as maos,9900,0,6,9900,750,FALSE,750
Cantinho do Paan,Dettol Mao Higienizador,10000,5,6,9500,200,FALSE,200
Cantinho do Paan,Dabur Amla Cabelo Oleo,8800,0,2,8800,180,FALSE,180
Cantinho do Paan,Dettol Original Liquido Sabonete liquido para as maos,8900,4,6,8500,200,FALSE,200
Cantinho do Paan,L'Oreal Paris Total Repair 5 Condicionador,19900,0,6,19900,192,FALSE,180
Cantinho do Paan,Patanjali Saundarya Aloe vera Vera Gel,9000,0,5,9000,150,FALSE,150
Cantinho do Paan,Cabeca & Ombros 2 Em 1 Anti Caspa Shampoo Condicionador ,19500,10,4,17400,180,FALSE,180
Cantinho do Paan,Limpo & Transparente Pimple Clearing Rosto Lavagem,13000,10,2,11700,80,FALSE,80
Cantinho do Paan,Himalaya Anti Caspa Shampoo,14000,8,2,12800,200,FALSE,200
Cantinho do Paan,Stayfree Seguro Seco Capa Regular Higienico Absorvente Com Asas,3000,3,6,2900,406,FALSE,7
Cantinho do Paan,Savlon Hidratacao Shield Mao Lavagem,9900,4,6,9500,750,FALSE,750
Cantinho do Paan,Dove Intense Repair Condicionador,19000,14,6,16200,175,FALSE,80
Cantinho do Paan,Dabur Gulabari Rosa Glow Rosto Cleanse,7500,5,4,7100,100,FALSE,100
Cantinho do Paan,Parachute Jasmim Cabelo Oleo,8200,9,6,7400,190,FALSE,190
Cantinho do Paan,Johnson's Bebe Cuidados com a pele Lencos umedecidos,7900,6,6,7400,1160,FALSE,20
Cantinho do Paan,Dettol Cuidados com a pele Liquido Mao Lavagem,7900,0,6,7900,200,FALSE,200
Cantinho do Paan,Antigo Tempero Original Lather Barbear Creme,7500,9,6,6800,70,FALSE,70
Cantinho do Paan,Veet Cabelo Remocao Creme Seco Pele,13500,5,5,12800,50,FALSE,50
Cantinho do Paan,L'Oreal Paris Total Repair 5 Shampoo,26500,0,2,26500,396,FALSE,360
Cantinho do Paan,Fiama Mentol & Magnolia Cooling Gel Barra Sabonete,16000,11,6,14100,375,FALSE,375
Cantinho do Paan,Nivea Lip Balsamo Original Cuidado para 24h Hidratacao com Shea Manteiga & Natural Oils,14000,15,6,11900,5,FALSE,4
Cantinho do Paan,Oral-B Carvao Profundo Limpo Stain Remocao Escova de dente Macio,9900,0,3,9900,232,FALSE,4
Cantinho do Paan,Neutrogena Ultra Sheer Seco Touch SPF 50+ Sunblock Sunscreen Locao,25000,10,3,22500,30,FALSE,30
Cantinho do Paan,Clinic Mais Forte & Longo Saude Shampoo,49900,10,3,44900,650,FALSE,650
Cantinho do Paan,Johnson's Bebe Sem More Tears Bebe Shampoo,9800,0,5,9800,100,FALSE,100
Cantinho do Paan,Colgate Zig Zag Escova de dente,12000,0,3,12000,348,FALSE,6
Cantinho do Paan,Savlon Hidratacao Shield Germe Protecao Sabonete liquido para as maos Refil (Buy 1 Ganhe 1 Free),18900,0,6,18900,1500,FALSE,1500
Cantinho do Paan,Colgate Sensivel Do dia a dia Protecao Anticavity Creme dental,7500,0,6,7500,40,FALSE,40
Cantinho do Paan,Whisper Ultra Macio XL+ Higienico Absorventes,33000,2,6,32300,30,FALSE,30
Cantinho do Paan,Garnier Cor Naturais Cabelo Cor - 1 Natural Preto,8000,0,1,8000,60,FALSE,60
Cantinho do Paan,Axe Leguminosa Men's Desodorante,21000,0,6,21000,150,FALSE,150
Cantinho do Paan,Colgate Zigzag Carvao Macio Bristle Escova de dente - 4 Pcs,9900,0,6,9900,232,FALSE,4
Cantinho do Paan,Whisper Ultra Limpo Asas XL+ Sache,44900,7,6,41500,44,FALSE,44
Cantinho do Paan,Whisper Escolha Regular Higienico Absorventes,9000,0,6,9000,1160,FALSE,20
Cantinho do Paan,Axe Meio amargo Temptation Men's Desodorante,21000,7,5,19400,150,FALSE,150
Cantinho do Paan,Cabeca & Ombros Anti-Dandruff Macio & Sedoso Shampoo,15000,0,4,15000,180,FALSE,180
Cantinho do Paan,Clinic Mais Strength & Brilho Shampoo Com Ovo Proteina ,10500,0,2,10500,175,FALSE,175
Cantinho do Paan,Engage M1 Perfume Spray para Masculino ,21000,7,6,19400,120,FALSE,120
Cantinho do Paan,Tresemme Keratin Macio Condicionador,38000,0,3,38000,340,FALSE,340
Cantinho do Paan,"Garnier Cor Naturais Crème Cabelo Color, Shade 5 Leve Marrom",18000,0,1,18000,100,FALSE,100
Cantinho do Paan,Origami Aloe vera Vera Lencos umedecidos,7500,13,4,6500,25,FALSE,25
Cantinho do Paan,"Engage Drizzle Desodorante Para Women, Floral E Lavender, Pele Friendly",19500,10,6,17400,150,FALSE,150
Cantinho do Paan,Gellette Presto Pronto Shaver,2000,0,1,2000,58,FALSE,1
Cantinho do Paan,Colgate Max Fresco Plax Enxaguante bucal - Fresco Hortela,15000,20,5,12000,250,FALSE,250
Cantinho do Paan,Colgate Zig Zag Carvao Medio Escova de dente 4 Pcs,9900,0,6,9900,232,FALSE,4
Cantinho do Paan,Godrej Protekt,9900,0,3,9900,750,FALSE,750
Cantinho do Paan,Colgate Total Carvao Anticavity Creme dental,11000,10,3,9900,120,FALSE,120
Cantinho do Paan,Colgate Criancas 0-2 Extra Macio Tooth Escova,3000,16,6,2500,58,FALSE,1
Cantinho do Paan,Gillete Mach3 ,26000,10,6,23400,116,FALSE,2
Cantinho do Paan,Maybelline Novo York Colossal Kajal Preto,14900,0,2,14900,0,FALSE,0
Cantinho do Paan,Godrej Cinthol Lima Talc,5500,0,3,5500,100,FALSE,100
Cantinho do Paan,Hamam Sabonete Barra Neem Tulsi e Aloe vera Vera,5800,0,6,5800,150,FALSE,150
Cantinho do Paan,"Godrej Especialista Rico Crème, Burgundy",3300,0,6,3300,20,FALSE,20
Cantinho do Paan,Colgate Suave Sensitive+ Escova de dente Pacote De 4,12000,10,4,10800,232,FALSE,4
Cantinho do Paan,Nivea Creme Todos Tempero Multi-Purpose Creme ,17500,10,4,15700,100,FALSE,100
Cantinho do Paan,Oral-B Carvao Profundo Limpo Stain Remocao Escova de dente Medio,9900,0,1,9900,232,FALSE,4
Cantinho do Paan,Mamaearth 100% Natural Berry Blast Criancas Creme dental,14900,10,4,13400,50,FALSE,50
Cantinho do Paan,HImalaya Suave Bebe Lencos umedecidos,20000,10,3,18000,72,FALSE,72
Cantinho do Paan,Stayfree Seco Max Todos Noite XL Seco Capa Higienico Absorventes,34000,12,6,29800,28,FALSE,28
Cantinho do Paan,"L'Oreal Paris Excelencia Creme Cabelo Color, 1 Preto",62000,0,1,62000,172,FALSE,172
Cantinho do Paan,Fem Clareamento Naturais Saffron Pele Bleach,8500,15,4,7200,64,FALSE,64
Cantinho do Paan,Engage Woman Blush Corpo Deo Spray,19500,10,5,17400,150,FALSE,150
Cantinho do Paan,Dove Rosa Rosa Beauty Bathinhg Barra,6000,0,6,6000,100,FALSE,100
Cantinho do Paan,Sebamed Cleansing Barra,9900,10,4,8900,100,FALSE,100
Cantinho do Paan,Pampers Premium Cuidado Fraldas calca - Grande,109900,18,2,89900,44,FALSE,44
Cantinho do Paan,Nivea Women Desodorante Fresco Natural Longo Duradouro Freshness & 48h Protecao,19900,20,2,15900,150,FALSE,150
Cantinho do Paan,"L'Oreal Paris Excelencia Creme Cabelo Color, 3 Meio amargo Brown/Natural Darkest Marrom",62000,0,6,62000,172,FALSE,172
Cantinho do Paan,Patanjali Kesh Kanti Natural Cabelo Sabonete de limpeza,7500,9,4,6800,200,FALSE,200
Cantinho do Paan,Godrej No.1 Banho Sabonete – Lima & Aloe vera Vera,14900,0,6,14900,600,FALSE,600
Cantinho do Paan,Pantene Avancado Control Cabelo Queda Solucao Shampoo,12000,6,5,11200,180,FALSE,180
Cantinho do Paan,Veet Full Corpo Waxing Kit Para Seco Pele,23500,7,6,21800,1160,FALSE,20
Cantinho do Paan,Johnson's Bebe Cuidados com a pele Lencos umedecidos,24500,9,6,22100,72,FALSE,72
Cantinho do Paan,Gillette Limao Lima Barbear Espuma,19900,11,4,17700,196,FALSE,196
Cantinho do Paan,Antigo Tempero After Shave Locao Musk,21500,6,3,20000,100,FALSE,100
Cantinho do Paan,Whisper Ultra Macio Ar Fresco Higienico Absorventes (XL) com Asas,31500,0,4,31500,30,FALSE,30
Cantinho do Paan,Himalaya Bebe Em po,8000,8,4,7300,100,FALSE,100
Cantinho do Paan,Fiama Men's Refrescante Leguminosa Banho Gel,22500,20,4,18000,250,FALSE,250
Cantinho do Paan,Whisper Ultra Limpo XL Mais Higienico Absorvente,17500,0,5,17500,870,FALSE,15
Cantinho do Paan,Johnson's Bebe Em po,14300,0,6,14300,200,FALSE,200
Cantinho do Paan,Dove Creme Beauty Banho Barra,23500,9,6,21200,125,FALSE,125
Cantinho do Paan,Patanjali Kesh Kanti Shikakai Cabelo Sabonete de limpeza,9500,0,4,9500,200,FALSE,200
Cantinho do Paan,L'Oreal Paris Cor Protect Condicionador,19900,0,3,19900,192,FALSE,192
Cantinho do Paan,Nivea Masculino Ativo Limpo com Ativo Carvao Banho Gel para Corpo Rosto & Cabelo,19900,4,5,19100,250,FALSE,250
Cantinho do Paan,L'Oreal 6 Oleo Nutrir Condicionador,13500,0,1,13500,192,FALSE,192
Cantinho do Paan,Godrej Easy Natural Preto Cabelo Cor,2500,0,5,2500,20,FALSE,20
Cantinho do Paan,Dabur Gulabari Rosa Agua Diario Glow,8000,6,2,7500,250,FALSE,250
Cantinho do Paan,Himalaya Purifying Neem Rosto Lavagem,17000,10,6,15300,150,FALSE,150
Cantinho do Paan,Fem Clareamento Naturais Ouro Pele Bleach,6500,9,3,5900,24,FALSE,24
Cantinho do Paan,Whisper Escolha Ultra XL Higienico Absorvente,13300,2,5,13000,1160,FALSE,20
Cantinho do Paan,Dove Caspa Cuidado Shampoo,15800,6,5,14700,180,FALSE,180
Cantinho do Paan,Cabeca & Ombros Anti Caspa Anti Hairfall Shampoo,28500,0,5,28500,340,FALSE,240
Cantinho do Paan,L'Oreal Casting Creme Ebony Preto Cabelo Cor,55000,0,6,55000,159,FALSE,87
Cantinho do Paan,Mamaearth Cebola Cabelo Oleo,39900,10,6,35900,150,FALSE,150
Cantinho do Paan,L'Oreal Paris Casting Creme Gloss Cabelo Cor (Dark Marrom 400),55000,0,4,55000,159,FALSE,159
Cantinho do Paan,Palmolive Naturais Mar Minerals Liquido Mao Lavagem,9900,10,6,8900,250,FALSE,250
Cantinho do Paan,Oral-B Extra Macio Bristles Sensivel ,9800,0,4,9800,232,FALSE,4
Cantinho do Paan,Engage M3 Perfume Spray para Masculino,20000,10,3,18000,120,FALSE,120
Cantinho do Paan,Mamaearth Deeply Nourishing lavagem para Babies,19900,0,4,19900,200,FALSE,200
Cantinho do Paan,Dettol Original Sabonete (B4G1),26000,5,6,24700,625,FALSE,625
Cantinho do Paan,Woodward's Gripe Agua,7500,0,6,7500,200,FALSE,200
Cantinho do Paan,"MamyPoko Fraldas calca Extra Absorb Diapers, Novo Born",29900,6,5,27900,28,FALSE,28
Cantinho do Paan,Johnson's Bebe Sabonete,7000,0,6,7000,100,FALSE,100
Cantinho do Paan,Engage M4 Perfume Spray Para Masculino,20000,10,6,18000,120,FALSE,120
Cantinho do Paan,Fem Clareamento Naturais Cabelo Remocao Creme Fair & Macio - Ouro,6500,10,4,5800,40,FALSE,40
Cantinho do Paan,Dove Cabelo Queda Resgate Condicionador,19000,0,4,19000,175,FALSE,175
Cantinho do Paan,Himalaya Anti Cabelo Queda Shampoo,13000,12,2,11400,200,FALSE,200
Cantinho do Paan,Fiama Peach & Abacate Gel Barra,17600,10,3,15800,375,FALSE,375
Cantinho do Paan,Pears Puro & Suave Economico Pacote De 4 Banho Sabonete ,12500,0,6,12500,75,FALSE,75
Cantinho do Paan,Fiama Fresco Mao Lavagem,15000,6,3,14000,400,FALSE,400
Cantinho do Paan,Palmolive Preto Orchid E Leite Liquido Mao Lavagem,9900,10,6,8900,250,FALSE,250
Cantinho do Paan,Oral-B Criss Cross Medio Escova de dente (Buy 2 Ganhe 2 Free),16000,0,5,16000,232,FALSE,4
Cantinho do Paan,Gillette Mach 3 Turbo Aparelho de barbear,34900,6,5,32500,58,FALSE,1
Cantinho do Paan,Himalaya Bebe Locao,16500,12,3,14500,200,FALSE,200
Cantinho do Paan,Cabeca & Ombros 2-in-1 Refrescante Mentol Anti Caspa Shampoo + Condicionador,37500,0,1,37500,340,FALSE,180
Cantinho do Paan,Sunsilk Lusciously Grosso & Longo Shampoo,24900,6,6,23400,340,FALSE,340
Cantinho do Paan,Fiama Di Wills Men's Refrescante Leguminosa Banho Gel,22500,4,3,21400,250,FALSE,250
Cantinho do Paan,Sebamed Anti - Caspa Shampoo,60000,10,2,54000,200,FALSE,200
Cantinho do Paan,Listerine Refrescante Hortela Enxaguante bucal - Suave Taste,15000,10,6,13500,250,FALSE,250
Cantinho do Paan,"L'Oreal Paris Excelencia Creme Cabelo Color, 4.25 Aishwarya's Marrom",62000,0,6,62000,172,FALSE,172
Cantinho do Paan,Himalaya Suave Bebe Banho,16500,9,6,15000,200,FALSE,200
Cantinho do Paan,"L'Oreal Paris Casting Creme Gloss Cabelo Color, Medio Marrom 500",55000,0,4,55000,160,FALSE,159
Cantinho do Paan,L'Oreal Paris Cor Protect Shampoo,28200,0,3,28200,360,FALSE,360
Cantinho do Paan,Fiama Di Wills Lemongrass & Jojoba Gel Barra,17600,10,6,15800,375,FALSE,375
Cantinho do Paan,Colgate Plax Peppermint Enxaguante bucal,15000,20,5,12000,250,FALSE,250
Cantinho do Paan,Dove Diario Brilho Condicionador,9000,10,1,8100,80,FALSE,80
Cantinho do Paan,Patanjali Kesh Kanti Anti Caspa Cabelo Sabonete de limpeza,11000,0,6,11000,200,FALSE,200
Cantinho do Paan,Antigo Tempero Original After Shave Locao,25000,0,1,25000,150,FALSE,150
Cantinho do Paan,Dove Cabelo Queda Resgate Shampoo,13700,10,4,12300,180,FALSE,180
Cantinho do Paan,Dettol Clinical Strength Mao Higienizador Liquido,25000,10,6,22500,500,FALSE,500
Cantinho do Paan,Nivea Macio Leve Moisturizer para Rosto Mao & Corpo Non-Sticky Creme com Vitamina E & Jojoba Oleo,39900,20,3,31900,300,FALSE,300
Cantinho do Paan,Comfy Bebe Fraldas calca XL 12-17 kg,42900,15,1,36400,24,FALSE,24
Cantinho do Paan,Dettol Liquido Sabonete liquido para as maos Com Sem Liquido,9900,0,6,9900,200,FALSE,200
Cantinho do Paan,Nivea Corpo Leite Locao para Very Seco Pele,39900,20,6,31900,400,FALSE,400
Cantinho do Paan,Lakme Sun Especialista,22500,0,6,22500,60,FALSE,60
Cantinho do Paan,Cabeca & ombros Anti Caspa Shampoo Refrescante Mentol,17000,0,6,17000,180,FALSE,180
Cantinho do Paan,Godrej Nupur Hena,7500,0,5,7500,150,FALSE,120
Cantinho do Paan,Johnson's Bebe Locao,10000,0,4,10000,100,FALSE,100
Cantinho do Paan,Himalaya Anti Caspa Shampoo,14000,10,1,12600,200,FALSE,200
Cantinho do Paan,Maybelline Novo York Colossal Kajal Super Preto,30000,8,3,27500,0,FALSE,0
Cantinho do Paan,Stayfree Dry-Max Todos Noite Ultra-Dry Higienico Absorvente,9000,10,6,8100,406,FALSE,7
Cantinho do Paan,Dove Diario Brilho Shampoo,64500,5,3,61200,650,FALSE,650
Cantinho do Paan,Godrej Easy 5 Minuto Natural Marrom 4 Cabelo Cor,2900,0,5,2900,20,FALSE,20
Cantinho do Paan,Colgate Sensivel Mais Enamel Creme dental Tube,14000,0,6,14000,160,FALSE,160
Cantinho do Paan,Colgate Max Fresco Peppermint Creme dental ,18200,15,6,15400,300,FALSE,300
Cantinho do Paan,Pond's Leve Moisturiser,30900,10,6,27800,250,FALSE,250
Cantinho do Paan,Engage Mate Para Man Deo Spray,19500,10,5,17400,150,FALSE,150
Cantinho do Paan,Pantene Avancado Cabelo Queda Solucao Shampoo - Total Damage Cuidado,12000,0,5,12000,180,FALSE,180
Cantinho do Paan,Whisper Escolha Regular Wing Higienico Absorvente,3000,0,2,3000,406,FALSE,7
Cantinho do Paan,Colgate Slim Macio Carvao Escova de dente,15000,18,4,12300,232,FALSE,4
Cantinho do Paan,Fiama Scents Juniper & Geranium Corpo Lavagem,19900,6,5,18600,250,FALSE,250
Cantinho do Paan,Mamaearth Ubtan Corpo Locao,39900,15,4,33900,400,FALSE,400
Cantinho do Paan,Godrej Aer Poder Bolso - Longo Duradouro Banheiro Fragrancia Floral Delicia,5500,0,6,5500,10,FALSE,10
Cantinho do Paan,Himalaya Anti-Hair Queda Shampoo,23000,18,1,18800,400,FALSE,400
Cantinho do Paan,Nivea Macio Leve Moisturizer para Rosto Mao & Corpo Non-Sticky Creme com Vitamina E & Jojoba Oleo,31000,15,6,26300,200,FALSE,200
Cantinho do Paan,Engage M2 Perfume Spray Para Masculino,20000,10,6,18000,120,FALSE,120
Cantinho do Paan,Listerine Refrescante Hortela Enxaguante bucal - Suave Taste,15000,10,6,13500,250,FALSE,250
Cantinho do Paan,Mamaearth Ubtan Rosto Esfoliante Acafrao da terra & Walnut,34900,10,1,31400,100,FALSE,100
Cantinho do Paan,Himalaya Purifying Neem Rosto Lavagem Tube,27000,15,6,22900,300,FALSE,300
Cantinho do Paan,Johnson's Bebe Topo Para Toe Banho Corpo Lavagem,16500,0,4,16500,210,FALSE,210
Cantinho do Paan,Gillette Mach 3 Start,24900,0,6,24900,116,FALSE,2
Cantinho do Paan,Scalpe Pro Anti caspa Shampoo 100ml,18500,0,2,18500,100,FALSE,100
Cantinho do Paan,Johnson's Bebe Creme,15000,0,6,15000,100,FALSE,100
Cantinho do Paan,Johnson's Bebe Sabonete,10500,0,6,10500,150,FALSE,150
Cantinho do Paan,Himalaya Suave Bebe Shampoo,32000,17,6,26500,400,FALSE,400
Cantinho do Paan,L'Oreal Paris Brilho Masque Royal Geleia Cabelo Cor,55000,0,3,55000,88,FALSE,87
Cantinho do Paan,Engage Rush Desodorante Para Masculino,19000,11,6,16900,150,FALSE,150
Cantinho do Paan,Limpo & Transparente Foaming Rosto Lavagem,14000,10,4,12600,100,FALSE,100
Cantinho do Paan,Dettol Lather Barbear Creme,7500,5,6,7100,78,FALSE,78
Cantinho do Paan,Gillette Classico Regular Pre Shave Espuma,19900,0,4,19900,196,FALSE,196
Cantinho do Paan,Dove Diario Brilho Condicionador,19000,0,6,19000,175,FALSE,180
Cantinho do Paan,Johnson's Bebe Shampoo,18000,0,6,18000,200,FALSE,200
Cantinho do Paan,Park Avenue Beer Shampoo ,15500,9,4,14000,180,FALSE,180
Cantinho do Paan,Pantene Avancado Cabelo Queda Solucao Sedoso Macio Cuidado Shampoo,12000,6,6,11200,180,FALSE,180
Cantinho do Paan,Fem Clareamento Naturais Cabelo Remocao Creme Fair & Macio - Rosa,6500,10,6,5800,40,FALSE,40
Cantinho do Paan,Sunsilk Stunning Preto Brilho Shampoo,55500,6,6,52100,650,FALSE,650
Cantinho do Paan,Dabur Meswak Creme dental,10000,0,1,10000,200,FALSE,200
Cantinho do Paan,Patanjali Kesh Kanti Reetha Cabelo Sabonete de limpeza,8500,0,5,8500,200,FALSE,200
Cantinho do Paan,Nivea Lip Balsamo Macio Rosa para 24h Hidratacao com Natural Oils Delicate Rosa Brilho,18500,8,6,16900,5,FALSE,4
Cantinho do Paan,Santoor Total Pele Cuidado Sabonete Com Sandal & Acafrao da terra,18000,0,6,18000,600,FALSE,600
Cantinho do Paan,"L'Oreal Paris Excelencia Creme Cabelo Color, 4 Natural Brown/Natural Meio amargo Marrom",62000,0,1,62000,172,FALSE,172
Cantinho do Paan,Gillette Pre Shave Espuma - Classico Regular Pele,22500,0,6,22500,418,FALSE,418
Cantinho do Paan,Fiama Di Wills Banho Gel Patchouli & Macadamia,19900,10,6,17900,250,FALSE,250
Cantinho do Paan,Listerine Fresco Burst Enxaguante bucal,14000,10,4,12600,250,FALSE,250
Cantinho do Paan,Nivea Cacau Nutrir Corpo Locao Com Coco Oleo & Cacau Manteiga Para Very Seco Pele ,29900,17,5,24700,200,FALSE,200
Cantinho do Paan,Pantene Cabelo Queda Control Shampoo,24000,7,2,22100,340,FALSE,340
Cantinho do Paan,Fogg Mestre - Royal Intense,25000,0,5,25000,120,FALSE,120
Cantinho do Paan,TRESemme Macio E Brilho Condicionador,22000,0,5,22000,190,FALSE,190
Cantinho do Paan,Whisper Ultra Limpo XL Mais Higienico Absorvente,15500,0,6,15500,870,FALSE,15
Cantinho do Paan,"Colgate Criancas Creme dental - 6+ Years, Morango Sabor",9300,5,6,8800,80,FALSE,80
Cantinho do Paan,Nivea Macio Hidratante Creme,31000,12,1,27200,200,FALSE,200
Cantinho do Paan,Patanjali Kesh Kanti Aloe vera Vera Cabelo Sabonete de limpeza,8500,0,5,8500,200,FALSE,200
Cantinho do Paan,Neutrogena Profundo Limpo Foaming Sabonete de limpeza,13000,11,2,11500,50,FALSE,50
Cantinho do Paan,Limpo & Transparente Morning Energia Berry Rosto Lavagem,15500,6,6,14500,100,FALSE,100
Cantinho do Paan,Pampers Premium Cuidado Novo Bebe Fraldas calca,32000,0,4,32000,24,FALSE,24
Cantinho do Paan,Vaseline Intensive Cuidado Aloe vera Fresco,22500,9,6,20300,200,FALSE,200
Cantinho do Paan,L'Oreal Paris Dream Lengths Shampoo,14900,0,6,14900,192,FALSE,192
Cantinho do Paan,Johnson's Bebe Oleo,11500,0,4,11500,100,FALSE,100
Cantinho do Paan,Engage Man Rush Desodorante,19500,9,6,17600,150,FALSE,150
Cantinho do Paan,Pantene Avancado Cabelo Queda Solucao Shampoo - Total Damage Cuidado,26400,0,6,26400,340,FALSE,340
Cantinho do Paan,Whisper Diario Liners Limpo e Fresco,10500,0,4,10500,1160,FALSE,20
Cantinho do Paan,Himalaya Masculino Pimple Transparente Neem Rosto Lavagem,18000,9,2,16300,100,FALSE,100
Cantinho do Paan,Pantene Adv Hairfall Solucao Condicionador Sedoso Macio,19000,0,5,19000,200,FALSE,200
Cantinho do Paan,Himalaya Prickly Heat Bebe Em po,9000,10,6,8100,100,FALSE,100
Cantinho do Paan,Mamaearth Diario Hidratante Locao Para Babies,19900,0,6,19900,200,FALSE,200
Cantinho do Paan,Stayfree Avancado XL Ultra Comfort Higienico napkins com Asas,17500,0,3,17500,812,FALSE,14
Cantinho do Paan,Pampers Premium Cuidado Fraldas calca - Medio,109900,18,6,89900,54,FALSE,54
Cantinho do Paan,Fiama Men's Refrescante Leguminosa Banho Gel,19900,10,6,17900,250,FALSE,250
Cantinho do Paan,Vaseline Original Pele Protecting Geleia,12500,10,6,11200,100,FALSE,100
Cantinho do Paan,Limpo & Transparente Foaming Rosto Lavagem,18000,10,6,16200,150,FALSE,150
Cantinho do Paan,Fiama Lemongrass e Jojoba Banho Gel,22500,20,6,18000,250,FALSE,250
Cantinho do Paan,Oral-B Carvao Cross Cross Extra Macio Escova de dente (Buy 2 Ganhe 1 Free),18000,0,1,18000,174,FALSE,3
Cantinho do Paan,Listerine Fresco Burst Enxaguante bucal,28500,7,6,26300,500,FALSE,500
Cantinho do Paan,Veet Full Corpo Waxing Kit,23500,7,6,21800,1160,FALSE,20
Cantinho do Paan,Listerine Original Enxaguante bucal,5500,9,6,5000,80,FALSE,80
Cantinho do Paan,Santoor Amendoa Macio Com Sandal & Amendoa Leite,18000,0,2,18000,625,FALSE,625
Cantinho do Paan,Nivea Corpo Shea Macio com Shea Manteiga para Seco Pele,42500,20,5,34000,400,FALSE,9
Cantinho do Paan,Neutrogena Profundo Limpo Facial Sabonete de limpeza,13000,0,4,13000,50,FALSE,50
Cantinho do Paan,"L'Oreal Paris Excelencia Creme Cabelo Color, 3.16 Burgundy",55000,0,3,55000,159,FALSE,172
Cantinho do Paan,Johnson's Bebe Em po,23500,0,6,23500,400,FALSE,400
Cantinho do Paan,Bombay Barbear Company Carvao Rosto Lavagem,24900,0,4,24900,100,FALSE,100
Cantinho do Paan,Colgate Criancas 2+ Years Extra Macio Escova de dente,2000,0,3,2000,58,FALSE,1
Cantinho do Paan,Veet Cabelo Remocao Creme (Normal Skin),13500,5,6,12800,50,FALSE,50
Cantinho do Paan,Dove Diario Brilho Shampoo,24000,0,4,24000,340,FALSE,340
Cantinho do Paan,L'Oreal Anti Cabelo Queda Condicionador,19900,0,6,19900,192,FALSE,192
Cantinho do Paan,Nivea Corpo Locao Aloe vera Hydration Para Normal Pele ,27500,10,6,24700,200,FALSE,200
Cantinho do Paan,Pampers Fraldas calca - Grande,154900,45,3,84900,82,FALSE,82
Cantinho do Paan,"Engage Urge Desodorante Para Men, Citrico E Woody, Pele Friendly",19500,10,6,17400,150,FALSE,150
Cantinho do Paan,Cabeca & Ombros 2 Em 1 Anti Caspa Macio & Sedoso Shampoo+Conditioner,37500,10,6,33400,340,FALSE,340
Cantinho do Paan,Fem Clareamento Natural Ouro Pele Bleach,8500,7,4,7900,64,FALSE,64
Cantinho do Paan,Engage Deo Frost,19500,9,6,17600,150,FALSE,150
Cantinho do Paan,Stayfree Seguro XL Size Higienico Napkins,11500,0,5,11500,1160,FALSE,20
Cantinho do Paan,Pampers Fraldas calca - Medio,69900,21,1,54900,50,FALSE,50
Cantinho do Paan,Pampers Ativo Bebe Fraldas Novo Born Extra Pequeno ,109900,22,3,84900,72,FALSE,72
Cantinho do Paan,"Nivea Creme, Todos Tempero Multi-Purpose Creme",17500,9,6,15800,100,FALSE,100
Cantinho do Paan,Woodwards Gripe Agua ,5000,0,4,5000,130,FALSE,130
Cantinho do Paan,Limpo & Transparente Morning Energia Aqua Splash Rosto Lavagem,14500,9,5,13100,100,FALSE,100
Cantinho do Paan,Sunsilk Lusciously Grosso & Longo Shampoo,55500,6,6,52100,650,FALSE,650
Cantinho do Paan,Mamaearth Pele Correct Rosto Serum,59900,15,1,50900,30,FALSE,30
Cantinho do Paan,Chik Hairfall Prevent Ovo Shampoo,17800,0,6,17800,340,FALSE,340
Cantinho do Paan,Pantene Sedoso Macio Cuidado Shampoo,22500,6,3,21000,340,FALSE,340
Cantinho do Paan,"Garnier Pele Naturals, Micellar Cleansing Agua",19900,5,4,18900,125,FALSE,125
Cantinho do Paan,Set Umido Swag Avatar Desodorante & Corpo Spray Perfume Para Masculino,19900,0,1,19900,150,FALSE,150
Cantinho do Paan,Pampers Todos Redondo Protecao Fraldas calca - Medio,69900,17,6,57500,50,FALSE,50
Cantinho do Paan,Set Umido Deodrant Charm Avatar,19900,0,1,19900,150,FALSE,150
Cantinho do Paan,Nupur Heena Mehandi,19900,0,6,19900,500,FALSE,500
Cantinho do Paan,Cabeca & Ombros 2-in-1 Ativo Protect Shampoo,37500,9,6,33800,340,FALSE,340
Cantinho do Paan,Gillette Mach 3 Turbo Cartridges,64900,10,6,57800,232,FALSE,4
Cantinho do Paan,TRESemme Macio E Brilho Condicionador,21000,13,1,18200,190,FALSE,190
Cantinho do Paan,Bombay Barbear Company Sensivel Cartridges,37500,0,2,37500,116,FALSE,2
Cantinho do Paan,Himalaya Bebe Locao,30000,12,1,26400,400,FALSE,400
Cantinho do Paan,Antigo Tempero Lima Lather Barbear Creme,7500,0,6,7500,70,FALSE,70
Cantinho do Paan,Colgate Sensivel Mais Anticavity Creme dental ,14000,10,6,12600,70,FALSE,70
Cantinho do Paan,Colgate Creme dental Para Criancas Motu Oatlu,9300,0,6,9300,80,FALSE,80
Cantinho do Paan,Pantene Total Damage Cuidado Shampoo,12000,0,6,12000,180,FALSE,180
Cantinho do Paan,Himalaya Moisturising Aloe vera Vera Facial Lencos umedecidos,10000,10,6,9000,25,FALSE,25
Cantinho do Paan,Savlon Hidratacao Shield Mao Lavagem,6900,0,5,6900,200,FALSE,200
Cantinho do Paan,Pampers Ativo Bebe Fraldas Novo Born Extra Pequeno,36000,10,6,32400,24,FALSE,24
Cantinho do Paan,Himalaya Anti Caspa Shampoo,26000,18,1,21300,400,FALSE,400
Cantinho do Paan,Himalaya Anti Cabelo Queda Shampoo,49000,25,4,36700,700,FALSE,700
Cantinho do Paan,Johnson's Bebe Oleo,20000,0,6,20000,200,FALSE,200
Cantinho do Paan,Vaseline Intensive Cuidado Profundo Hidratacao Corpo Locao,32500,0,4,32500,400,FALSE,400
Cantinho do Paan,L'Oreal Paris Dream Lengths Condicionador,19900,0,1,19900,193,FALSE,193
Cantinho do Paan,Nivea Macio Leve Hidratante Creme,18500,15,6,15700,100,FALSE,100
Cantinho do Paan,Whisper Ultra Macio XL+ Higienico Absorventes,55500,0,1,55500,60,FALSE,60
Cantinho do Paan,Palmolive Feel Massage Banho Gel,24900,20,6,19900,250,FALSE,250
Cantinho do Paan,L'Oreal Paris Dream Lengths Condicionador,20900,0,3,20900,193,FALSE,193
Cantinho do Paan,Cabeca & Ombros Anti-Dandruff Macio & Sedoso Shampoo,28500,6,6,26600,340,FALSE,340
Cantinho do Paan,Mamaearth Hidratante Bebe Banho Sabonete,24900,0,4,24900,150,FALSE,150
Cantinho do Paan,Listerine Original Enxaguante bucal,15000,10,6,13500,250,FALSE,250
Cantinho do Paan,Himalaya Suave Bebe Shampoo,17000,14,6,14600,200,FALSE,200
Cantinho do Paan,Dove Dryness Cuidado Shampoo,26800,5,1,25200,340,FALSE,340
Cantinho do Paan,Dove Cabelo Queda Resgate Shampoo,28000,15,6,23600,340,FALSE,340
Cantinho do Paan,Cabeca & Ombros Anti Caspa Shampoo Refrescante Mentol,29500,9,6,26600,340,FALSE,340
Cantinho do Paan,Bombay Barbear Company Defender Aparelho de barbear,34500,0,6,34500,58,FALSE,1
Cantinho do Paan,"Cabeca & Ombros Shampoo + Condicionador - 2-In-1, Refrescante Mentol",36500,0,1,36500,340,FALSE,340
Cantinho do Paan,Himalaya Bebe Nourishing Massage Oleo,20000,20,2,16000,200,FALSE,250
Cantinho do Paan,Himalaya Bebe Em po,23500,20,6,18800,400,FALSE,400
Cantinho do Paan,Fogg Paradise Fragrant Corpo Spray Para Women ,25000,0,6,25000,150,FALSE,150
Cantinho do Paan,Revive Revive Liquido,7100,0,6,7100,200,FALSE,200
Cantinho do Paan,Pantene Hairfall Control Condicionador,19000,6,6,17800,200,FALSE,200
Cantinho do Paan,Mamaearth Vitamina C Rosto Toner,39900,0,1,39900,200,FALSE,200
Cantinho do Paan,Himalaya Diaper Rash Creme,8000,10,2,7200,20,FALSE,20
Cantinho do Paan,Fogg Royal Fragrancia Spray,23000,0,4,23000,150,FALSE,120
Cantinho do Paan,Dove Rosa Rosa Beauty Banho Barra,24500,9,6,22100,100,FALSE,100
Cantinho do Paan,Dove Dryness Cuidado Condicionador Frizzy & Seco Cabelo,9000,6,4,8400,80,FALSE,80
Cantinho do Paan,Dettol Original Liquido Sabonete liquido para as maos Refil,10900,3,0,10500,750,TRUE,750
Cantinho do Paan,Parachute 100% Puro Coco Oleo,12300,0,0,12300,300,TRUE,300
Cantinho do Paan,Stayfree Seguro Cottony Macio Capa Higienico Absorvente (Regular) com Asas,3000,3,0,2900,406,TRUE,7
Cantinho do Paan,Dabur Gulabari Premium Rosa Agua,4800,2,0,4700,120,TRUE,120
Cantinho do Paan,Parachute Advansed Ouro Coco Cabelo Oleo,21500,9,0,19400,400,TRUE,400
Cantinho do Paan,Closeup Everfresh+ Anti-Germ Gel Creme dental Vermelho Picante,9000,10,0,8100,150,TRUE,150
Cantinho do Paan,Godrej No.1 Banho Sabonete – Lima & Aloe vera Vera,10000,16,0,8400,500,TRUE,100
Cantinho do Paan,Sensodyne Sensivel Fresco Gel Creme dental,11500,7,0,10600,75,TRUE,75
Cantinho do Paan,Whisper Bindazzz Nights XL + Higienico Absorvente,9000,0,0,9000,406,TRUE,7
Cantinho do Paan,Whisper Escolha Higienico Absorvente ,3200,9,0,2900,406,TRUE,7
Cantinho do Paan,"Godrej No.1 Banho Soap, Jasmim",8400,0,0,8400,400,TRUE,100
Cantinho do Paan,Gillette Venus Close & Limpo Aparelho de barbear ,24900,7,0,23000,58,TRUE,1
Cantinho do Paan,Whisper Escolha Regular Higienico Absorventes,9000,3,0,8700,58,TRUE,20
Cantinho do Paan,Stayfree Seguro Seco Capa Extra Grande Higienico Absorvente,4200,2,0,4100,406,TRUE,7
Cantinho do Paan,Oxylife Natural Radiance 5 Creme Bleach - Com Ativo Oxygen,8200,9,0,7400,27,TRUE,27
Cantinho do Paan,Limpo & Transparente Morning Energia Limao Rosto Lavagem,14500,9,0,13100,100,TRUE,100
Cantinho do Paan,Bajaj Amendoa Drops Cabelo Oleo,6700,10,0,6000,100,TRUE,100
Cantinho do Paan,Bajaj Amendoa Drops Cabelo Oleo Garrafa,13000,7,0,12000,200,TRUE,200
Cantinho do Paan,Whisper Bindazzz Noite Higienico Absorventes XL Mais,18500,0,0,18500,870,TRUE,15
Cantinho do Paan,Godrej Cinthol Lima Refrescante Deo Sabonete,11600,0,0,11600,400,TRUE,400
Cantinho do Paan,"MamyPoko Fraldas calca Standard Diapers, Extra Grande (12 - 17 kg)",39900,7,0,36900,26,TRUE,26
Casa e Limpeza,Surf Excel Stain Eraser,1800,0,1,1800,150,FALSE,150
Casa e Limpeza,Colin Glass e Superficie Limpador Liquido Spray Regular,9600,7,6,8900,500,FALSE,500
Casa e Limpeza,A1 Biodegradable Garbage Dustbin Bags,6900,0,6,6900,30,FALSE,30
Casa e Limpeza,"Mortein Cockroach Killer Spray, Crawling insect killer com Deep-Reach Nozzle",18900,5,2,17900,425,FALSE,425
Casa e Limpeza,Pril Perfect Lima Dishwash Liquido,19000,7,4,17500,750,FALSE,750
Casa e Limpeza,Dettol Antisseptico Desinfetante Liquido,6600,0,6,6600,125,FALSE,125
Casa e Limpeza,Godrej Aer Poder Bolso Berry Rush,5500,0,3,5500,10,FALSE,10
Casa e Limpeza,Hit Cockroach Killer Spray ,10100,2,4,9800,200,FALSE,200
Casa e Limpeza,Vim Dishwash Liquido Gel Limao,18500,5,1,17500,750,FALSE,750
Casa e Limpeza,"Harpic Desinfetante Sanitario Limpador Liquid, Original - 1 L",17800,0,6,17800,1000,FALSE,1
Casa e Limpeza,Odomos Mosquito Repellent Creme ,5000,8,6,4600,50,FALSE,50
Casa e Limpeza,Harpic Desinfetante Banheiro Limpador Liquido Limao,18900,5,6,17900,1000,FALSE,1
Casa e Limpeza,Eveready AA pacote de 10 ,15000,4,6,14300,580,FALSE,10
Casa e Limpeza,Cereja Blossom Liquido Wax Polish,9800,5,6,9300,75,FALSE,75
Casa e Limpeza,Gala Scrubber Limpador Home Do dia a dia Esfoliante,3500,2,6,3400,58,FALSE,1
Casa e Limpeza,Hit Flower Lima Fragrancia Insect Killer Spray,18200,3,6,17600,400,FALSE,400
Casa e Limpeza,Harpic Hygienic Sanitario Limpador Rim Bloco Jasmim,8200,6,4,7700,26,FALSE,26
Casa e Limpeza,Om Bhakti - Pancha Deepa Oleo ,19900,10,6,17900,1000,FALSE,1
Casa e Limpeza,Ariel Complete Detergente Washing Em po 500 g + 200 g Sem,13500,0,6,13500,500,FALSE,500
Casa e Limpeza,Surf Excel Automatico Topo Carga Detergente Em po,20000,6,1,18800,1000,FALSE,1
Casa e Limpeza,Harpic Flushmatic In-Cistern Sanitario Limpador Blocks Marine,15400,7,4,14300,100,FALSE,100
Casa e Limpeza,Eveready 1012 Carbon Zinc AAA Battery,15000,4,2,14300,580,FALSE,10
Casa e Limpeza,Surf Excel Automatico Frente Carga Detergente Liquido,22500,1,6,22100,1000,FALSE,1
Casa e Limpeza,Origami Cozinha Towels 2 Em 1 Quilted 2ply,14000,10,6,12600,116,FALSE,2
Casa e Limpeza,Oxi Verde Phenyl - Pine ,8200,9,6,7400,1000,FALSE,1
Casa e Limpeza,Surf Excel Easy Lavagem Detergente Liquido,17000,0,6,16900,1000,FALSE,1
Casa e Limpeza,Uno Playing Card Game,14900,9,2,13500,58,FALSE,1
Casa e Limpeza,Chakaachak Mini Cloth Escova,4000,2,1,3900,58,FALSE,1
Casa e Limpeza,Chakaachak Super Esfoliante Absorvente (Pack de 3),3500,2,2,3400,174,FALSE,3
Casa e Limpeza,Colin Glass e Superficie Limpador Liquido Spray Regular,6200,6,5,5800,250,FALSE,250
Casa e Limpeza,Om Bhakti Vaca Dung Cakes ,1600,0,6,1600,290,FALSE,5
Casa e Limpeza,Dettol Antisseptico Liquido,3300,0,4,3300,60,FALSE,60
Casa e Limpeza,Harpic Hygienic Sanitario Limpador Rim Bloco Citrico,8200,6,6,7700,26,FALSE,26
Casa e Limpeza,Eveready Ultima Alkaline AA Cell Battery-6 Pc Pacote,21000,10,6,18900,348,FALSE,6
Casa e Limpeza,Mangaldeep Rosa Puja Agarbatti ,6500,9,4,5900,120,FALSE,120
Casa e Limpeza,Ariel Automatico Topo Carga Detergente Washing Em po,22500,0,6,22500,1000,FALSE,1
Casa e Limpeza,Gala Cloth Poccha/Mop,12500,9,6,11300,58,FALSE,1
Casa e Limpeza,Chakaachak Piso Cleaning Pocha,5000,2,6,4900,58,FALSE,1
Casa e Limpeza,Oxi Verde Piso Limpador - Floral,17900,10,6,16100,1000,FALSE,1
Casa e Limpeza,"Godrej Aer Pocket, Banheiro Ar Fragrancia - Assorted Pacote De 3",16000,0,6,16000,30,FALSE,30
Casa e Limpeza,Ariel Complete Detergente Washing Em po 1 kg + 500 g Sem,28000,6,6,26300,1500,FALSE,1
Casa e Limpeza,Chakaachak Esponja Scrubber (Pack de 2),4500,2,6,4400,116,FALSE,2
Casa e Limpeza,Lizol Desinfetante Superficie & Piso Limpador Liquido Floral,10300,5,6,9700,500,FALSE,500
Casa e Limpeza,Harpic Germe & Stain Blaster Desinfetante Sanitario Limpador Floral,14800,7,6,13700,750,FALSE,750
Casa e Limpeza,Hit Lima Fresco Voador Insect Killer,26900,0,6,26900,385,FALSE,385
Casa e Limpeza,Fevistik Super Glue Stick,4000,2,6,3900,15,FALSE,15
Casa e Limpeza,Godrej Ezee Liquido Detergente,17500,0,6,17500,1000,FALSE,1
Casa e Limpeza,Odonil Ar Fresher Compre 3 Ganhe 1 Sem,22500,5,3,21300,300,FALSE,300
Casa e Limpeza,Godrej Aer Poder Bolso - Longo Duradouro Banheiro Fragrancia Fresco Blossom,5500,0,6,5500,10,FALSE,10
Casa e Limpeza,Genteel Liquido Detegrent,32000,0,6,32000,2000,FALSE,2
Casa e Limpeza,Esponja Brite Esfoliante Absorvente,7500,9,6,6800,290,FALSE,5
Casa e Limpeza,Shubh kart - Nirmal Eco Caixa Chandan Agarbatti - 100g,6500,13,5,5600,100,FALSE,100
Casa e Limpeza,Surf Excel Quick Lavagem,60000,8,1,54900,4000,FALSE,4
Casa e Limpeza,Hem Mantra Masala Agarbatti,8500,7,1,7900,50,FALSE,50
Casa e Limpeza,Odonil Ambiente Ar Perfumador Spray Lavanda Mist,14900,5,4,14100,240,FALSE,240
Casa e Limpeza,Chakaachak Mega Star Sanitario Escova,11000,2,4,10700,58,FALSE,1
Casa e Limpeza,Om Bhakti Wick para Diya - Algodao Longo Batti ,1900,0,4,1900,50,FALSE,50
Casa e Limpeza,Origami Non-Woven Cozinha Towel,19000,14,4,16200,80,FALSE,80
Casa e Limpeza,Shubh kart - Nirmal 5 em 1 Agarbatti Zipper - 150g,6500,13,6,5600,150,FALSE,150
Casa e Limpeza,Harpic Limao Banheiro Limpador ,9500,9,6,8600,500,FALSE,500
Casa e Limpeza,Esponja Brite Esponja Lencos umedecidos,20000,0,2,20000,174,FALSE,3
Casa e Limpeza,Godrej Aer Spray Fresco Lush Verde,15000,16,2,12600,240,FALSE,240
Casa e Limpeza,Oxi Verde Phenyl Concentrado,20000,10,6,18000,1000,FALSE,1
Casa e Limpeza,Oxi Verde Max Force Verde Concentrado,10700,10,3,9600,500,FALSE,500
Casa e Limpeza,Godrej Aer Morning Misty Meadows Home Ar Perfumador,15000,0,4,14900,240,FALSE,240
Casa e Limpeza,Kiwi Dranex Drain Limpador,13500,9,1,12200,348,FALSE,6
Casa e Limpeza,Origami Disposable Spoons,8000,10,3,7200,1160,FALSE,20
Casa e Limpeza,Pril Barra Tub,5500,0,1,5500,500,FALSE,500
Casa e Limpeza,Om Bhakti Wick para Diya - Algodao Flower Batti ,1900,0,4,1900,60,FALSE,60
Casa e Limpeza,Chakaachak Deluxe Dustpan Grey,6800,2,3,6600,58,FALSE,1
Casa e Limpeza,Lizol Desinfetante Superficie & Piso Limpador Liquido Citrico,20500,8,3,18800,975,FALSE,975
Casa e Limpeza,ScotchBrite Premium Cozinha Towels,15000,18,3,12300,174,FALSE,1
Casa e Limpeza,Vanish Todos em One Em po Detergente Booster,21000,10,2,18900,400,FALSE,400
Casa e Limpeza,Bom Knight Fabric Personal Mosquito Repellent Rolo Em,7500,0,3,7500,8,FALSE,8
Casa e Limpeza,Gala Iron Bull Esfoliante Absorvente,14000,10,6,12600,174,FALSE,3
Casa e Limpeza,Tide Mais Extra Poder Limao & Hortela Detergente Em po,21500,1,6,21100,2000,FALSE,2
Casa e Limpeza,Chakaachak Dustpan Grey,7000,2,5,6800,58,FALSE,1
Casa e Limpeza,Mortein PowerGard Rat Kill Bolo,6400,6,6,6000,100,FALSE,100
Casa e Limpeza,Odomos Mosquito Repellent Creme,2500,0,1,2500,23,FALSE,25
Casa e Limpeza,Shubh kart - Nirmal Eco Caixa Sugandhi Mogra Agarbatti - 100g,6500,13,6,5600,100,FALSE,100
Casa e Limpeza,Cereja Blossom Wax Shoe Polish Preto,6800,5,6,6400,40,FALSE,40
Casa e Limpeza,Origami Paper Plates,24000,15,5,20400,50,FALSE,50
Casa e Limpeza,Gala Microfiber Magico Cloth 2-In-1,17500,9,6,15800,58,FALSE,1
Casa e Limpeza,Mr Muscle Dranex Drain Limpador Kiwi,16000,6,4,14900,375,FALSE,375
Casa e Limpeza,Lizol Desinfetante Superficie & Piso Limpador Liquido Jasmim,10300,5,6,9700,500,FALSE,500
Casa e Limpeza,Odonil Ambiente Spray Ar Perfumador Citrico Fres,15000,12,4,13200,137,FALSE,137
Casa e Limpeza,Esponja Brite Poder Esfoliante Absorvente,5000,2,6,4900,58,FALSE,1
Casa e Limpeza,Origami Bom Karma Sanitario Rolo,27500,14,6,23400,232,FALSE,1
Casa e Limpeza,Shubh kart - Shubhkart Sambrani Copo Preto 12n,8000,6,4,7500,696,FALSE,12
Casa e Limpeza,Gala Scrubber Absorvente,7500,9,5,6800,290,FALSE,5
Casa e Limpeza,Origami So Macio Lenco de papel Rolo Single - 340 Pulls 3 Ply,8000,0,1,8000,58,FALSE,1
Casa e Limpeza,Odomos locao - Mosquito Repellent,9000,8,6,8200,120,FALSE,120
Casa e Limpeza,Surf Excel Automatico Frente Carga Detergente Em po,53000,4,6,50700,2000,FALSE,2
Casa e Limpeza,Fevicol Mr.Original General Purpose Branco Glue ,5000,2,6,4900,105,FALSE,100
Casa e Limpeza,Aro Aluminium Container com Lid 230 ml,7500,9,3,6800,25,FALSE,25
Casa e Limpeza,Harpic Poder Fresco 6 Sanitario Limpador Rim Bloco Floral Delicia,18800,10,6,16900,35,FALSE,35
Casa e Limpeza,Origami So Macio Lenco de papel Rolo 3 Ply,39000,11,6,34700,696,FALSE,12
Casa e Limpeza,Ariel Automatico Frente Carga Detergente Washing Em po,80000,15,6,68000,3000,FALSE,3
Casa e Limpeza,Gala Duplo Hockey Sanitario Escova,15000,10,6,13500,58,FALSE,1
Casa e Limpeza,Surf Excel Detergente Barra Economico Pacote,11400,0,6,11400,800,FALSE,800
Casa e Limpeza,Odonil Zipper Blissful Citrico,5500,0,1,5500,10,FALSE,10
Casa e Limpeza,Eveready Base B22 9-Watt LED Bulb,15000,0,2,15000,58,FALSE,1
Casa e Limpeza,Esponja Brite Esponja Wipe,33000,10,6,29700,290,FALSE,5
Casa e Limpeza,Domex Desinfetante Piso Limpador,18000,5,6,17000,1000,FALSE,1
Casa e Limpeza,Surf Excel Automatico Em po Frente Carga ,81000,7,2,75000,4000,FALSE,4
Casa e Limpeza,Esponja Brite Silver Sparks Esfoliante Absorvente,9000,10,6,8100,348,FALSE,3
Casa e Limpeza,Airwick Ambiente Ar Perfumador Spray Refrescante Agua & Aloe vera Vera,16100,5,6,15200,245,FALSE,245
Casa e Limpeza,Shubh kart - Surabhi Camphor Sache 50g,9500,9,6,8600,50,FALSE,50
Casa e Limpeza,Pril Poder De Ativo Boosters,10200,0,1,10200,400,FALSE,400
Casa e Limpeza,Esponja Brite Tough Scrubber Escova,15000,6,6,14000,58,FALSE,1
Casa e Limpeza,Mortein Dual Todos Insect Killer Spray,28000,10,6,25200,600,FALSE,600
Casa e Limpeza,Lizol Duplo Concentrado Desinfetante Piso Limpador Lavanda,32500,10,6,29200,900,FALSE,900
Casa e Limpeza,Eveready Ultima Alkaline Battery AAA,6800,0,6,6800,116,FALSE,2
Casa e Limpeza,Shubh kart - Tejas Twisted Algodao Wicks 1000n,3000,6,6,2800,1000,FALSE,1000
Casa e Limpeza,Lizol Duplo Concentrado Desinfetante Piso Limpador Citrico,65000,8,6,59800,1900,FALSE,1
Casa e Limpeza,Surf Excel Automatico Topo Carga,72000,9,4,64900,4000,FALSE,4
Casa e Limpeza,Oxi Verde Dish Lavagem Liquido - Limao,10500,6,6,9800,500,FALSE,500
Casa e Limpeza,Mangalam Camphor,10000,10,6,9000,50,FALSE,50
Casa e Limpeza,Cereja Blossom Liquido Wax Polish (Dark Tan),9800,5,6,9300,75,FALSE,75
Casa e Limpeza,Gala EzeeSqueegee Wiper,15000,10,6,13500,58,FALSE,1
Casa e Limpeza,Lizol Desinfetante Superficie & Piso Limpador Liquido Pine,20500,8,6,18800,975,FALSE,975
Casa e Limpeza,Philips Stellar Bright 16W Leve Bulb,39000,16,6,32400,58,FALSE,1
Casa e Limpeza,Airwick EverFresh Gel Banheiro Ar Perfumador - Lavanda Dew,7000,10,6,6300,50,FALSE,50
Casa e Limpeza,Origami Cups Simples 100 units,15500,14,5,13200,100,FALSE,100
Casa e Limpeza,Airwick EverFresh Gel Banheiro Ar Perfumador - Citrico Splash,7000,10,6,6300,50,FALSE,50
Casa e Limpeza,Ariel Automatico Liquido Detergente Frente Carga,25000,0,6,25000,1000,FALSE,1
Casa e Limpeza,Om Bhakti Gangajal Packed At Gangotri,3000,3,6,2900,220,FALSE,220
Casa e Limpeza,Odonil Ar Freshner Lavanda Meadows,7500,5,4,7100,75,FALSE,75
Casa e Limpeza,Om Bhakti Haldi ,1200,0,4,1200,15,FALSE,15
Casa e Limpeza,Cereja Blossom Wax Shoe Polish Meio amargo Tan,6800,5,6,6400,40,FALSE,40
Casa e Limpeza,Dabur Odomos Naturais Mosquito Repellant Gel,7500,8,4,6900,80,FALSE,80
Casa e Limpeza,Shubh kart - Nirmal sugandhi mogra umido dhoop zipper 20 sticks,3000,6,6,2800,1160,FALSE,20
Casa e Limpeza,Lizol Desinfetante Superficie & Piso Limpador Liquido Floral,20500,8,6,18800,975,FALSE,975
Casa e Limpeza,Om Bhakti Wick para Diya - Ghee Algodao Wicks Grande ,18900,10,6,17000,30,FALSE,30
Casa e Limpeza,Ar Wick Ambiente Ar Perfumador Spray - Lavanda & Lotus,16100,5,6,15200,245,FALSE,245
Casa e Limpeza,Esponja Brite Cozinha Sink Escova,13500,9,5,12200,58,FALSE,1
Casa e Limpeza,Odonil Ambiente Ar Perfumador Spray - Lavanda Mist,15000,12,1,13200,137,FALSE,137
Casa e Limpeza,Godrej Aer Poder Bolso - Longo Duradouro Banheiro Fragrancia Lavanda Bloom,5500,0,4,5500,10,FALSE,10
Casa e Limpeza,Origami Bom Karma Paper Serviettes ,8000,10,6,7200,50,FALSE,50
Casa e Limpeza,Esponja Magico Tape,11500,14,6,9800,58,FALSE,1
Casa e Limpeza,Ambi Pur Car Perfumador Gel - Relaxing Lavanda,29900,10,2,26900,75,FALSE,75
Casa e Limpeza,Origami Cozinha Towels 4 em 1 60 Pulls 2 Ply,26500,0,6,26500,58,FALSE,1
Casa e Limpeza,Ariel Automatico Liquido Detergente Frente Carga,22500,0,6,22500,1000,FALSE,1
Casa e Limpeza,Om Bhakti Wick para Diya - Ghee Algodao Wicks Pequeno ,13900,10,6,12500,30,FALSE,30
Casa e Limpeza,Chakaachak Super Forte Esfoliante,2900,3,5,2800,58,FALSE,1
Casa e Limpeza,Nimyle Lemongrass Piso Limpador,16500,5,5,15600,975,FALSE,975
Casa e Limpeza,Oxi Verde Piso Limpador - Citrico ,17900,10,6,16100,1000,FALSE,1
Casa e Limpeza,Airwick Ambiente Ar Perfumador Spray - Rosa & Saffron,16100,5,5,15200,245,FALSE,245
Casa e Limpeza,Origami Luxuria Cozinha Towel 300 Pulls Single,32000,0,2,32000,58,FALSE,1
Casa e Limpeza,Philips EyePro 10.5W Leve Bulb,22000,10,6,19800,58,FALSE,1
Casa e Limpeza,Mangalam Camphor Tablet Pote,28000,10,6,25200,100,FALSE,100
Casa e Limpeza,Chakaachak Super Esponja Lencos umedecidos (Pack de 3),14000,0,6,14000,174,FALSE,3
Casa e Limpeza,Origami Bom Karma Paper Serviettes - 100 napkins (1 ply),7800,10,6,7000,58,FALSE,1
Casa e Limpeza,Robin Dazzling Liquido Blue After Lavagem,7400,5,6,7000,200,FALSE,200
Casa e Limpeza,Om Bhakti Camphor Grande,11900,10,6,10700,40,FALSE,40
Casa e Limpeza,Om Bhakti Wick para Diya - Algodao Longo Batti ,2000,0,6,2000,75,FALSE,75
Casa e Limpeza,Om Bhakti Camphor Pequeno,7900,10,6,7100,25,FALSE,25
Casa e Limpeza,Ariel Automatico Topo Carga Detergente Washing Em po,49900,0,1,49900,2000,FALSE,2
Casa e Limpeza,Esponja Brite Multi-Purpose Esponja Lencos umedecidos,70000,17,6,58100,580,FALSE,10
Casa e Limpeza,Surabhi Puro Camphor,5000,2,6,4900,25,FALSE,25
Casa e Limpeza,Lizol Duplo Concentrado Desinfetante Piso Limpador Citrico,32500,5,6,30800,900,FALSE,900
Casa e Limpeza,Chakaachak Piso Pocha Grande,5000,0,1,5000,58,FALSE,1
Casa e Limpeza,Ariel Automatico Frente Carga Liquido Detergente,22000,0,4,22000,1000,FALSE,1
Casa e Limpeza,Harpic Poder Fresco 6 Sanitario Limpador Rim Bloco Marine Splash,18800,10,4,16900,35,FALSE,35
Casa e Limpeza,Chakaachak Dust Proof Vassoura,18000,2,6,17500,58,FALSE,1
Casa e Limpeza,Cereja Blossom Liquido Shoe Polish Neutral ,0,0,1,0,75,FALSE,75
Casa e Limpeza,Om Bhakti Kumkum ,1200,0,6,1200,15,FALSE,15
Casa e Limpeza,Apsara Nao Dust Eraser,6000,10,5,5400,1160,FALSE,20
Casa e Limpeza,Chakaachak Poder Esfoliante (Pack de 2),4200,2,6,4100,116,FALSE,2
Casa e Limpeza,Om Bhakti Wick para Diya - Vanaspati Ghee Algodao Wicks Pequeno ,6900,11,6,6100,30,FALSE,30
Casa e Limpeza,Whiskas Adulto +1 year Salmon em Molho,25000,10,3,22500,85,FALSE,1
Casa e Limpeza,Origami Paper Party Plates,24000,0,6,24000,580,FALSE,50
Casa e Limpeza,Gala Microfiber Multipurpose Cloth,14000,7,6,12900,58,FALSE,1
Casa e Limpeza,Ariel Automatico Frente Carga Detergente Em po,26000,0,6,26000,1000,FALSE,1
Casa e Limpeza,Ariel Automatico Liquido Detergente Frente Carga,25000,0,4,25000,1000,FALSE,1
Casa e Limpeza,Vim Dishwash Barra,2300,4,0,2200,300,TRUE,300
Casa e Limpeza,Dettol Effective Protecao Antisseptico Liquido,11600,0,0,11600,250,TRUE,250
Casa e Limpeza,Godrej Bom Noite Ouro Flash Liquido Vapouriser,8900,0,0,8900,60,TRUE,60
Casa e Limpeza,Rin Detergente Em po,8600,2,0,8400,1000,TRUE,1
Casa e Limpeza,Surf Excel Easy Lavagem Detergente Em po,13600,3,0,13100,1000,TRUE,1
Casa e Limpeza,Rin Detergente Barra,1000,0,0,1000,140,TRUE,140
Casa e Limpeza,Odomos Mosquito Repellent Spray,9000,8,0,8200,100,TRUE,100
Casa e Limpeza,Chakaachak Super Steel Scrubber,1200,8,0,1100,58,TRUE,1
Casa e Limpeza,Scotch-Brite Esfoliante Esponja Ideal Para Dishwash Liquido,6500,9,0,5900,116,TRUE,2
Casa e Limpeza,Gala Sem Dust Vassoura,19000,7,0,17500,58,TRUE,1
Casa e Limpeza,Chakaachak Eazo Grass Vassoura Novo ,10500,2,0,10200,58,TRUE,1
Casa e Limpeza,Vim Dishwash Barra,4500,0,0,4500,600,TRUE,600
Casa e Limpeza,Rin Fabric Clareador Detergente,6900,10,0,6200,500,TRUE,500
Casa e Limpeza,Comfort After Lavagem Fabric Condicionador Lily Fresco ,23500,9,0,21200,860,TRUE,860
Casa e Limpeza,Ujala Superme Para Super Whiteness De Clothes,2500,0,0,2500,75,TRUE,75
Casa e Limpeza,Surf Excel Quick Lavagem,20800,6,0,19500,1000,TRUE,1
Casa e Limpeza,Esponja BOPP Packaging Tape,8000,15,0,6800,58,TRUE,1
Casa e Limpeza,Origami Plates Simples,25000,10,0,22500,100,TRUE,100
Casa e Limpeza,Dettol Antisseptico Liquido,3000,0,0,3000,60,TRUE,60
Saúde e Higiene,Epigamia Fruta Iogurte Alphonso Manga,4000,50,6,2000,75,FALSE,75
Saúde e Higiene,Epigamia Fruta Iogurte Baunilha,4000,50,6,2000,75,FALSE,75
Saúde e Higiene,Nestle A+ Actiplus Probiotic Iogurte Simples Coalhada,7800,3,5,7500,400,FALSE,400
Saúde e Higiene,Dettol Original Germe Protecao Alcohol Based Mao Higienizador,2500,0,6,2500,50,FALSE,50
Saúde e Higiene,Dettol Antisseptico Desinfetante Liquido,6600,0,6,6600,125,FALSE,125
Saúde e Higiene,Durex Ar Ultra Fino Preservativos,8200,0,6,8200,174,FALSE,3
Saúde e Higiene,Durex Ar Ultra Fino Condom,24500,10,6,22000,580,FALSE,10
Saúde e Higiene,Dabur Regular Hajmola,4500,6,6,4200,120,FALSE,120
Saúde e Higiene,Hajmola Anardana Digestivo Tablets,4500,6,2,4200,120,FALSE,180
Saúde e Higiene,Zandu Balsamo,4000,10,4,3600,8,FALSE,8
Saúde e Higiene,Vicks Cough Drops Mentol,2000,0,6,2000,1160,FALSE,20
Saúde e Higiene,Durex Extra Time Preservativos,22800,10,6,20500,580,FALSE,10
Saúde e Higiene,Vicks Vaporub,8500,9,6,7700,25,FALSE,25
Saúde e Higiene,Dettol Antisseptico Liquido,3300,0,4,3300,60,FALSE,60
Saúde e Higiene,Veet Sensivel Pele Cabelo Remocao Creme,13500,5,6,12800,50,FALSE,50
Saúde e Higiene,Vicks VapoRub,14500,11,2,12900,50,FALSE,50
Saúde e Higiene,Dabur Hajmola Tamarindo Digestivo Tablets,4500,6,6,4200,120,FALSE,120
Saúde e Higiene,Dettol Antisseptico Liquido + Desinfetante Spray - Original,15900,10,6,14300,225,FALSE,225
Saúde e Higiene,Iodex Corpo Dor Especialista ,4000,2,6,3900,8,FALSE,8
Saúde e Higiene,Patanjali Hing Goli,6500,10,4,5800,100,FALSE,100
Saúde e Higiene,Moov Fast Dor Relief Creme,18900,15,6,16000,50,FALSE,50
Saúde e Higiene,Dettol Mao Higienizador,10000,5,6,9500,200,FALSE,200
Saúde e Higiene,Whisper Ultra Macio XL+ Higienico Absorventes,33000,2,6,32300,30,FALSE,30
Saúde e Higiene,Whisper Escolha Regular Wing Higienico Absorvente,3000,0,2,3000,406,FALSE,7
Saúde e Higiene,Savlon Superficie Desinfetante Spray,16500,10,6,14800,170,FALSE,170
Saúde e Higiene,Durex Extra Fino Preservativos,22800,10,6,20500,580,FALSE,10
Saúde e Higiene,Stayfree Seguro Seco Capa Regular Higienico Absorvente Com Asas,3000,3,6,2900,406,FALSE,7
Saúde e Higiene,Eno Fruta Sal Limao Sabor Energia Em po,13000,10,6,11700,100,FALSE,100
Saúde e Higiene,Moov Dor Relief Specialist Spray,14900,5,5,14100,35,FALSE,35
Saúde e Higiene,Savlon Germe Protecao Lencos umedecidos,18900,10,6,17000,72,FALSE,72
Saúde e Higiene,Veet Cabelo Remocao Creme Seco Pele,13500,5,5,12800,50,FALSE,50
Saúde e Higiene,Whisper Ultra Macio Ar Fresco Higienico Absorventes (XL) com Asas,31500,0,4,31500,30,FALSE,30
Saúde e Higiene,Whisper Escolha Regular Higienico Absorventes,9000,0,6,9000,1160,FALSE,20
Saúde e Higiene,Whisper Ultra Limpo Asas XL+ Sache,44900,7,6,41500,44,FALSE,44
Saúde e Higiene,Durex Extra Ribbed Preservativos,24500,10,2,22000,580,FALSE,10
Saúde e Higiene,Eno Regular Fruta Sal Energia Em po,13000,0,6,13000,100,FALSE,100
Saúde e Higiene,Durex Extra Fino Bubblegum Condom,15000,10,6,13500,580,FALSE,10
Saúde e Higiene,Dabur Hajmola Pudina - Digestivo Tablets,4500,6,6,4200,120,FALSE,120
Saúde e Higiene,Baidyanath Isabgol,11000,22,3,8500,100,FALSE,100
Saúde e Higiene,Kapiva Thar Aloe vera Vera Suco,29900,15,6,25400,1000,FALSE,1
Saúde e Higiene,Fine Life Algodao Balls,11000,10,6,9900,100,FALSE,100
Saúde e Higiene,Stayfree Seco Max Todos Noite XL Seco Capa Higienico Absorventes,34000,12,6,29800,28,FALSE,28
Saúde e Higiene,Moov Dor Releiver Spray,29000,15,6,24600,80,FALSE,80
Saúde e Higiene,Whisper Ultra Limpo XL Mais Higienico Absorvente,17500,0,5,17500,870,FALSE,15
Saúde e Higiene,Durex Preservativos Mutual Climax,12000,0,6,12000,174,FALSE,3
Saúde e Higiene,Durex Extra Dots Preservativos,22800,10,6,20500,580,FALSE,10
Saúde e Higiene,Zandu Balsamo Ulter Poder Para Forte Headache Bodyache & Frio,4500,8,6,4100,8,FALSE,8
Saúde e Higiene,Dabur Hajmola Maha Candy - Aam+Imli,13000,5,1,12300,130,FALSE,130
Saúde e Higiene,Whisper Escolha Ultra XL Higienico Absorvente,13300,2,5,13000,1160,FALSE,20
Saúde e Higiene,Veet Full Corpo Waxing Kit Para Seco Pele,23500,7,6,21800,1160,FALSE,20
Saúde e Higiene,Dabur Chyawanprakash - Acucar Sem,41500,7,6,38500,900,FALSE,900
Saúde e Higiene,Zandu Balsamo,8500,10,5,7600,25,FALSE,25
Saúde e Higiene,Himalaya Frio Balsamo,12500,9,6,11300,45,FALSE,45
Saúde e Higiene,Dettol Clinical Strength Mao Higienizador Liquido,25000,10,6,22500,500,FALSE,500
Saúde e Higiene,Kapiva Wild Amla Suco,24900,14,6,21200,1000,FALSE,1
Saúde e Higiene,Dabur Chyawanprash,34900,3,6,33800,950,FALSE,1
Saúde e Higiene,Amrutanjan Dor Balsamo Extra Poder,10000,11,6,8900,28,FALSE,27
Saúde e Higiene,Stayfree Dry-Max Todos Noite Ultra-Dry Higienico Absorvente,9000,10,6,8100,406,FALSE,7
Saúde e Higiene,Whisper Ultra Limpo XL Mais Higienico Absorvente,15500,0,6,15500,870,FALSE,15
Saúde e Higiene,Durex Mutual Climax Preservativos,36000,15,6,30600,580,FALSE,10
Saúde e Higiene,Whisper Diario Liners Limpo e Fresco,10500,0,4,10500,1160,FALSE,20
Saúde e Higiene,Moov Creme Regular,5000,6,4,4700,10,FALSE,10
Saúde e Higiene,Moov Dor Relief Specialist,7500,5,6,7100,15,FALSE,15
Saúde e Higiene,Dabur Chyawanprakash Acucar Sem,23500,5,6,22300,500,FALSE,500
Saúde e Higiene,Baidyanath Isabgol,11000,22,5,8500,100,FALSE,100
Saúde e Higiene,Veet Cabelo Remocao Creme (Normal Skin),13500,5,6,12800,50,FALSE,50
Saúde e Higiene,Stayfree Avancado XL Ultra Comfort Higienico napkins com Asas,17500,0,3,17500,812,FALSE,14
Saúde e Higiene,Savlon Clothes Desinfetante & Refrescante Spray Fresco Breeze,17500,10,6,15700,230,FALSE,230
Saúde e Higiene,Dabur Chyawanprash Immunity Booster,19000,6,6,17700,500,FALSE,500
Saúde e Higiene,Vicks Inhaler com Keychain,10500,9,4,9500,116,FALSE,2
Saúde e Higiene,Stayfree Seguro XL Size Higienico Napkins,11500,0,5,11500,1160,FALSE,20
Saúde e Higiene,Dabur Ayurvedic Tulsi Drops (Immunity Booster),19500,6,6,18200,30,FALSE,30
Saúde e Higiene,Organico India Trigo Grass,39500,20,4,31600,100,FALSE,100
Saúde e Higiene,Organico India Organico Chyawanprash,49500,20,6,39600,500,FALSE,500
Saúde e Higiene,Organico India Acucar Balance 60 Capsules Garrafa,22500,0,6,22500,60,FALSE,60
Saúde e Higiene,Whisper Ultra Macio XL+ Higienico Absorventes,55500,0,1,55500,60,FALSE,60
Saúde e Higiene,Dabur - Chyawanprash,9900,0,1,9900,250,FALSE,25
Saúde e Higiene,Vicks BabyRub,10500,11,6,9300,25,FALSE,25
Saúde e Higiene,Bombay Barbear Company Sensivel Cartridges,37500,0,2,37500,116,FALSE,2
Saúde e Higiene,Organico India Brahmi Garrafa,20500,20,1,16400,60,FALSE,60
Saúde e Higiene,Horlicks Proteina Mais Chocolate,27000,0,2,27000,200,FALSE,200
Saúde e Higiene,Dabur Nature Cuidado Isabgol - Duplo Action,14000,5,6,13300,100,FALSE,100
Saúde e Higiene,Kapiva Wild Tulsi Giloy Suco |,40000,15,1,34000,1000,FALSE,1
Saúde e Higiene,Dabur Amla Suco,23500,15,6,19900,1000,FALSE,1
Saúde e Higiene,Epigamia Fruta Iogurte Morango,4000,50,0,2000,75,TRUE,75
Saúde e Higiene,Dettol Effective Protecao Antisseptico Liquido,11600,0,0,11600,250,TRUE,250
Saúde e Higiene,Stayfree Seguro Cottony Macio Capa Higienico Absorvente (Regular) com Asas,3000,3,0,2900,406,TRUE,7
Saúde e Higiene,"Eno Cooling Sachets - Refrescante Mint, 6 Pieces Carton",5400,11,0,4800,5,TRUE,5
Saúde e Higiene,Whisper Escolha Higienico Absorvente ,3200,9,0,2900,406,TRUE,7
Saúde e Higiene,Whisper Bindazzz Nights XL + Higienico Absorvente,9000,0,0,9000,406,TRUE,7
Saúde e Higiene,Gillette Venus Close & Limpo Aparelho de barbear ,24900,7,0,23000,58,TRUE,1
Saúde e Higiene,Whisper Escolha Regular Higienico Absorventes,9000,3,0,8700,58,TRUE,20
Saúde e Higiene,Stayfree Seguro Seco Capa Extra Grande Higienico Absorvente,4200,2,0,4100,406,TRUE,7
Saúde e Higiene,Dabur Honitus Herbal Cough Remedy Ayurvedic Xarope,10500,15,0,8900,100,TRUE,100
Saúde e Higiene,Whisper Bindazzz Noite Higienico Absorventes XL Mais,18500,0,0,18500,870,TRUE,15
Saúde e Higiene,Fine Life Algodao Balls,6000,0,0,6000,50,TRUE,50
Saúde e Higiene,Dettol Antisseptico Liquido,3000,0,0,3000,60,TRUE,60
